n_cal,bootstrap_idx,beta_rho,beta_v,beta_s
500,0,-0.4594713045362452,-0.29600105041143254,0.6094838287823944
500,1,-0.45442378258244,-0.2814474338928035,0.607173990594458
500,2,-0.4187227953900413,-0.28276728935272993,0.5875546225026701
500,3,-0.45750317657022377,-0.27263321432129867,0.5988750813162528
500,4,-0.4267024683179853,-0.31077072303396824,0.6452206966768407
500,5,-0.44023863086023274,-0.3561587809825961,0.6777244401555017
500,6,-0.4468672817863828,-0.3362358970349907,0.6682958813644768
500,7,-0.4160372199396357,-0.306794147122013,0.6338665519555993
500,8,-0.43615255704954786,-0.30086513630166745,0.6323643767406258
500,9,-0.4430441492339825,-0.265660450051952,0.5806831529474263
500,10,-0.44344548154721364,-0.28786862038057853,0.6085667103561493
500,11,-0.44714212361844397,-0.2978675774222943,0.634349136843122
500,12,-0.446445142349262,-0.2758763474004376,0.6068684705848046
500,13,-0.43111463209780665,-0.3601406444154061,0.692274801666012
500,14,-0.45623121904368125,-0.32061694329564877,0.6662219910188055
500,15,-0.4335817007552323,-0.3250164808140702,0.6555130279143958
500,16,-0.4430632847723103,-0.32192424187195434,0.629016354322046
500,17,-0.42675121633489976,-0.3299659742990956,0.6737565411083941
500,18,-0.43560794195724273,-0.26427122991772295,0.5889479889430084
500,19,-0.4378898985865999,-0.30905414479745924,0.6141962821000065
500,20,-0.4328999540287515,-0.3091941024935628,0.6326842668237979
500,21,-0.4206710572889174,-0.34627200825386856,0.6580121702732494
500,22,-0.4443210815472125,-0.2913214714390499,0.6086190328044824
500,23,-0.45146862814398836,-0.28967887692448635,0.6341735551633579
500,24,-0.4579767551816623,-0.3080017924593551,0.6267349922251366
500,25,-0.4413251407592455,-0.32238238873220065,0.6510757302193069
500,26,-0.4276097745118198,-0.30082404922499073,0.6338827420964136
500,27,-0.43800761792989346,-0.3137116835315939,0.6281745580998906
500,28,-0.41478229853730786,-0.3461717525880402,0.6792601416980651
500,29,-0.4414277074611074,-0.26171072361718295,0.5670624614364898
500,30,-0.42544640926272026,-0.2888484208760977,0.5994117811792309
500,31,-0.42338917072253823,-0.29561827040138483,0.6126318180488715
500,32,-0.41293895498198296,-0.31770762921438844,0.6513886328599271
500,33,-0.4657075355827712,-0.2981513308267192,0.6227450108115911
500,34,-0.4614778529139829,-0.3210614624269127,0.6438586631902887
500,35,-0.4494278484684915,-0.2587086047508643,0.5767855289505449
500,36,-0.44226861082343627,-0.3334410700462965,0.666082592725221
500,37,-0.45547180905441736,-0.28529908041154584,0.6200013111355305
500,38,-0.4377367494247779,-0.3309057390430051,0.6301156446896653
500,39,-0.45200776944007154,-0.31942694804036176,0.6456079153286247
500,40,-0.4452420924367726,-0.2929308080527866,0.6285009454568615
500,41,-0.43653064606696557,-0.31996539176223976,0.6489493384482586
500,42,-0.4513754362096754,-0.3039293145083039,0.6297313242716077
500,43,-0.43983205204215325,-0.26500092325574015,0.6204720090938403
500,44,-0.4233692108574276,-0.31124150109808285,0.638816034728825
500,45,-0.4422254933808657,-0.3495547112310045,0.6680058893122979
500,46,-0.4466738474250044,-0.2830270314308123,0.6174124171895188
500,47,-0.4560243134870072,-0.335011461297648,0.672243754305303
500,48,-0.43610558171492264,-0.35520488825054364,0.7202245804652404
500,49,-0.45314958275421846,-0.3016890528987297,0.6445362136679379
500,50,-0.4352598695515124,-0.2919718515669593,0.6204397131773023
500,51,-0.43206748756907637,-0.289585285576639,0.6101164517988531
500,52,-0.4239806170553215,-0.3084719214743484,0.6353139622102434
500,53,-0.4348654072207082,-0.3273338620168145,0.6557877291509902
500,54,-0.44037241048741577,-0.3246629480348851,0.6668577220126173
500,55,-0.43373050866185936,-0.2723036274413617,0.6006368758617483
500,56,-0.4344497982363892,-0.36751919376776293,0.725439570090505
500,57,-0.44342765147720953,-0.3205922750950425,0.6580228826027571
500,58,-0.44688507495636,-0.28175898411327194,0.5909647803618834
500,59,-0.42751871737403746,-0.29998828168115443,0.6277673352130625
500,60,-0.45161851813178716,-0.34241086173996943,0.6791986452542043
500,61,-0.4467342076004357,-0.31693549003556704,0.6330011405523639
500,62,-0.4393994138686175,-0.25505809977151805,0.5857962932093849
500,63,-0.4308145978296851,-0.2810338238537331,0.6128926565142192
500,64,-0.4376639861588774,-0.258872894695394,0.5815704061412378
500,65,-0.4154700900963616,-0.31774642021076693,0.636502530570721
500,66,-0.42893253547042254,-0.27629022967599887,0.6134409790284647
500,67,-0.4359696714905875,-0.3281089173006263,0.6467150355234315
500,68,-0.42772558993607934,-0.3400499535822252,0.6615114458475378
500,69,-0.44638481154636006,-0.30722341923025726,0.610376238672535
500,70,-0.43796015371309255,-0.31471315450104786,0.629338414902975
500,71,-0.43520041543959537,-0.30247422545279695,0.6449008300392904
500,72,-0.44758954573792564,-0.3198361896724948,0.6433035425697043
500,73,-0.4165924675221945,-0.304318444191279,0.6382575793225569
500,74,-0.44245309528238586,-0.3445971924590863,0.6806154660515652
500,75,-0.44713840805430527,-0.24254828066231882,0.5526062102579209
500,76,-0.44775824878858933,-0.3424184686088949,0.6971523709024007
500,77,-0.4216340286024348,-0.29067448244396793,0.6017931990747636
500,78,-0.41285287515041214,-0.26627853830514964,0.604745919360734
500,79,-0.4409099817647114,-0.3082341057075609,0.6476560531208378
500,80,-0.45781786723054074,-0.3181320891007082,0.6301457600619671
500,81,-0.4590430962900863,-0.30957394993579523,0.6482701145302779
500,82,-0.45640456312922106,-0.2702462066379751,0.6066044640563037
500,83,-0.4650074879526346,-0.2945408420252631,0.6422284101418783
500,84,-0.4454068070473465,-0.3091562983030566,0.6431696715712166
500,85,-0.4155813207049032,-0.33543124715797706,0.6552170910864443
500,86,-0.4422252310741921,-0.3136557536422534,0.6443840386906727
500,87,-0.4560379115546388,-0.29198471921442043,0.6104334319022495
500,88,-0.45181453114719405,-0.32252049158124857,0.6530348852403144
500,89,-0.409964913500532,-0.3184415140132072,0.6185106459459537
500,90,-0.42863389803939195,-0.3094176322301296,0.635699479972027
500,91,-0.4081210182196714,-0.2927066807034273,0.5878680954003461
500,92,-0.4586481059442711,-0.3300666224976337,0.6478711342214386
500,93,-0.44175948089560135,-0.32426594965945355,0.6692228731863664
500,94,-0.4423694825564614,-0.332852339745963,0.6703214846110751
500,95,-0.42853562917842813,-0.3154655208498998,0.6519133167089142
500,96,-0.44103755810447354,-0.29666295271392984,0.6303433041758476
500,97,-0.4480757635933479,-0.2995180675690856,0.6361729684885664
500,98,-0.44856771220009084,-0.3051009525129803,0.6296603907025855
500,99,-0.4410793243738558,-0.324088962119587,0.6436342552965147
500,100,-0.443524637603518,-0.2605809127175136,0.5959042525694344
500,101,-0.42808195232035495,-0.30174858176962166,0.6237396468345566
500,102,-0.42586586378717983,-0.31634102479259096,0.6537004663483187
500,103,-0.4262700520224526,-0.32886781824107447,0.6508850297918578
500,104,-0.45349602569342323,-0.29784711784095774,0.6245983175509465
500,105,-0.4635678260452548,-0.3074334133253773,0.655837710666557
500,106,-0.4230097025042229,-0.2769780732932842,0.5898257248545813
500,107,-0.4341979638019765,-0.35463019795596995,0.6991250318509543
500,108,-0.4541205003527219,-0.3392762441285465,0.6792999340252928
500,109,-0.4385289604398746,-0.2848385104218299,0.6056110749808187
500,110,-0.4400144110700151,-0.31499632758843715,0.6291319812527543
500,111,-0.4293290653199555,-0.35939999671684353,0.685363836124972
500,112,-0.4273068140866697,-0.3170882783511434,0.651834590248761
500,113,-0.4437469157534293,-0.29100554129395867,0.6123245181179385
500,114,-0.44385141050238774,-0.363761521847418,0.6948271289317999
500,115,-0.42789101240349886,-0.32440646276865165,0.6447017604684343
500,116,-0.43630144952094735,-0.29176966048890607,0.6283265481127834
500,117,-0.43310498424448196,-0.32570719963919187,0.634093400942414
500,118,-0.419391316487427,-0.28685610293843056,0.6166374240044032
500,119,-0.4354391745851376,-0.3367267502849804,0.6450594774974568
500,120,-0.42821165334869016,-0.3076473547336449,0.6299009128546316
500,121,-0.44213281205739713,-0.32443589929723227,0.6485401921461472
500,122,-0.42103443834517745,-0.3136110406605241,0.6380396684279186
500,123,-0.42960716912699637,-0.2774004470741886,0.5963289041784822
500,124,-0.4449486167796009,-0.27512912721722027,0.6036119490380331
500,125,-0.4193754738685299,-0.33562904751139405,0.669931717762337
500,126,-0.4303348758482586,-0.2652984884636916,0.5903579408419994
500,127,-0.45079634491050147,-0.3210407548694601,0.6392767318984568
500,128,-0.44080924194079085,-0.32685320782246713,0.6660310196887147
500,129,-0.44203656467248387,-0.2997670212397796,0.6406390177537294
500,130,-0.4441715908069111,-0.25908208976852837,0.5914479222885716
500,131,-0.42792801971656425,-0.35841031315858046,0.6984560230010574
500,132,-0.4539758684506474,-0.31509968781011016,0.6638405741791583
500,133,-0.42549634286171034,-0.34803047614904237,0.6890181657846607
500,134,-0.44842207450856664,-0.25337361622767457,0.5648830181210883
500,135,-0.4423737738974131,-0.33691742391527824,0.6774060916802428
500,136,-0.4310031681465445,-0.3071680832584174,0.6256518365423624
500,137,-0.434036357325046,-0.31412216282545485,0.6480916259605006
500,138,-0.46583284445137096,-0.30173788145699937,0.6184407725761963
500,139,-0.46303267600265974,-0.29824964301401596,0.594139988696043
500,140,-0.42161466441822076,-0.3075648990722972,0.636253272259938
500,141,-0.44058976053042476,-0.31044538251145193,0.6474080351434514
500,142,-0.45209492253677297,-0.33067595678475886,0.6565877189517192
500,143,-0.4308831462203301,-0.2980968655387988,0.626705428574591
500,144,-0.45234729899347725,-0.27884445249398465,0.6022103618385831
500,145,-0.44663090961156243,-0.3095030884684154,0.6352171604910866
500,146,-0.44243663824032464,-0.3181050823132191,0.6472587434731678
500,147,-0.42422776483620694,-0.30673303153416265,0.6403622490563486
500,148,-0.4282319967274898,-0.2631089557363121,0.5838375415383054
500,149,-0.43919860056266535,-0.3078857868378585,0.6398626360790743
500,150,-0.45455189496693726,-0.26618458562137737,0.5790772945551367
500,151,-0.41929204460564024,-0.35828342292370735,0.6795514777882233
500,152,-0.4344461534608589,-0.31247128656793516,0.6377459522651223
500,153,-0.43000967883832497,-0.2948455414448098,0.6140076997336644
500,154,-0.4258574120153389,-0.31195149234664454,0.6285564068362284
500,155,-0.43471925194522026,-0.3184546301364132,0.6263611091479105
500,156,-0.4326434899816609,-0.2891066911876122,0.5952846570691225
500,157,-0.4552680889648441,-0.284479071440398,0.6166451328188197
500,158,-0.4339272815831694,-0.3030689615065899,0.6173733755332589
500,159,-0.41353160529569544,-0.32227332654106394,0.6494918228559532
500,160,-0.4390192005430804,-0.26803206935428986,0.561977377517421
500,161,-0.43187058143517765,-0.2883230614399865,0.6161909012849549
500,162,-0.4455359752430223,-0.3132373124258653,0.6440988969643661
500,163,-0.43871628378304073,-0.2914768125175572,0.6266217929876512
500,164,-0.4146952640648708,-0.31872291763781374,0.6436594530108035
500,165,-0.4267603314736728,-0.28800978229427543,0.6106674692944979
500,166,-0.43107811493680026,-0.3472733100143199,0.6886182614333041
500,167,-0.41600514164164765,-0.3418109360779438,0.6630873141922619
500,168,-0.4346805702567227,-0.31459251979270375,0.6396585176216564
500,169,-0.4189732011506393,-0.3037445965167468,0.6275389485801264
500,170,-0.4305215004491554,-0.33312700665978456,0.6644035593670538
500,171,-0.44593676811327004,-0.3085898166066665,0.6298775632889054
500,172,-0.45956157384895074,-0.3673507578590253,0.704793518121965
500,173,-0.43986728331119945,-0.27101751038560246,0.5903803410390586
500,174,-0.41688550649628964,-0.33455797051606456,0.6672358147200236
500,175,-0.4129364563355794,-0.28349597127876747,0.5902672867114529
500,176,-0.4473441824326074,-0.3146588786479062,0.6470606604152692
500,177,-0.4227957257420347,-0.3023359542953276,0.6305466949009833
500,178,-0.43485142741757943,-0.3127575322629459,0.6269132674454251
500,179,-0.4210231199036333,-0.3572432023616484,0.6791936882509473
500,180,-0.42684334613068914,-0.2850656030025422,0.5930188651377755
500,181,-0.4265179385203405,-0.2896597526532542,0.6201983701714715
500,182,-0.4351315388342216,-0.3366498770251325,0.6546180450146417
500,183,-0.4117980211201533,-0.2694146052720975,0.6052903073532029
500,184,-0.4306828370973431,-0.3108458884707954,0.6312068425380323
500,185,-0.4399366052767848,-0.30841994005184764,0.6324570251473558
500,186,-0.4485127018700461,-0.3093395634285846,0.6347597888271497
500,187,-0.4433867522629567,-0.28320392487653756,0.6115584599128383
500,188,-0.4485145982791378,-0.3061875403944271,0.6371101254709651
500,189,-0.4630294798530712,-0.32435682824049206,0.6580251067961432
500,190,-0.4230246528253836,-0.3062666167106836,0.6370789703122862
500,191,-0.4301022882759805,-0.3226705907751698,0.6555409625850706
500,192,-0.44188984808132276,-0.3023387979603045,0.6226736831290425
500,193,-0.45405126961223763,-0.2810360273635245,0.6074114508941757
500,194,-0.4487876385061761,-0.3325499168204815,0.6616018212578544
500,195,-0.4298581287007868,-0.3094305852858606,0.6255905778371025
500,196,-0.4575251794589986,-0.3009834415982403,0.6196955634804733
500,197,-0.46171432094695564,-0.3311771032493029,0.6646127572655354
500,198,-0.46073005069942197,-0.28629306279410266,0.6242317761380677
500,199,-0.46016931792385185,-0.3259622249818914,0.6615095903863198
500,200,-0.4428634896783542,-0.2742987994973462,0.6172245697864132
500,201,-0.4321198447812651,-0.2851696686895332,0.5940560198001297
500,202,-0.4385931395456638,-0.2986462745789771,0.618942092903328
500,203,-0.4481345042909468,-0.3087266396711601,0.6272359309281822
500,204,-0.4401013203668145,-0.30245503969434123,0.6275838205195369
500,205,-0.44369439013723966,-0.3639680203438248,0.7081850431213241
500,206,-0.4649072242047726,-0.29702910401161364,0.6230239784828677
500,207,-0.4400878623785841,-0.3321553404096797,0.6671361587391893
500,208,-0.44324472056238245,-0.28686869681581617,0.6119671582434579
500,209,-0.4421721024062172,-0.2613786756880755,0.5976478804990538
500,210,-0.43209418200315175,-0.33614074785452797,0.6691536248025306
500,211,-0.452199443853203,-0.31775571948206677,0.6442536000370607
500,212,-0.44804180947312183,-0.27816186252731445,0.6110148000942036
500,213,-0.4232116329312453,-0.3774017075833309,0.714083206682006
500,214,-0.4156146336796285,-0.23258213664499852,0.5557006742289096
500,215,-0.45624912748539753,-0.38511315454727985,0.7376828288650468
500,216,-0.43076609735974786,-0.284301325251265,0.5970249341643097
500,217,-0.42347726108068573,-0.3296015472651903,0.6543731881188077
500,218,-0.43849547801292277,-0.26878072489546234,0.5988965061248532
500,219,-0.43592577980838465,-0.31488844422718787,0.653658325973604
500,220,-0.44469894539898,-0.292473725785512,0.6156209277559561
500,221,-0.4454656440459483,-0.29565366031530016,0.6288172155900769
500,222,-0.41786313981643447,-0.3094071737588948,0.6432455362280818
500,223,-0.440185979553782,-0.28232172475638995,0.5989903064644223
500,224,-0.44895535065790526,-0.30661383405123765,0.6146576578787627
500,225,-0.4000320219625977,-0.3118314340849298,0.6210315763336831
500,226,-0.4490611024663178,-0.25657677154221675,0.5799281030837895
500,227,-0.4497378031647285,-0.2891610536196852,0.6175736690587226
500,228,-0.42742822339382003,-0.3031271152309327,0.6207081387854156
500,229,-0.4422805887203961,-0.3190793378494662,0.6456341185704275
500,230,-0.4425426853654311,-0.2664457621810199,0.6044485333584019
500,231,-0.4361142198867073,-0.28979220739380185,0.6107265439892381
500,232,-0.4303722670204422,-0.3087383171956325,0.6447248506198179
500,233,-0.4709501807432949,-0.3266709560164034,0.6681367242104147
500,234,-0.41868164163136656,-0.32288936892878084,0.6512245064229761
500,235,-0.41917572286606597,-0.2717808625275948,0.5778355498166368
500,236,-0.44580755947873874,-0.2853752284123125,0.6034801070934284
500,237,-0.40796150514909113,-0.311993515206993,0.6062538044355036
500,238,-0.4603132836676546,-0.2955108095707828,0.6293348044034646
500,239,-0.4263130222171547,-0.25907482323300285,0.5708802401041336
500,240,-0.4460696812475805,-0.30288519758258636,0.6441357741755382
500,241,-0.41552575013016174,-0.3211929555884157,0.6549139462316601
500,242,-0.4411355224200158,-0.34505719120823397,0.6873998455718995
500,243,-0.4458181890013276,-0.3050315775054297,0.6068921055025603
500,244,-0.4366955178955616,-0.27935661859421107,0.6027161565601656
500,245,-0.4412380182518105,-0.29247179929476247,0.6111887737464926
500,246,-0.446551166916086,-0.3229105440553418,0.654574768080446
500,247,-0.44681340028688804,-0.27689737070860515,0.6015339629665012
500,248,-0.45752025781055977,-0.3288864775754347,0.6477670034461802
500,249,-0.45339098239697423,-0.3016329824777211,0.6172218768639114
500,250,-0.4361025771939542,-0.3297679814520255,0.6888577604227087
500,251,-0.44914654473142657,-0.28753882774562883,0.6331004786653911
500,252,-0.43852245200972556,-0.3068262697293319,0.6103082531394078
500,253,-0.4353753146315392,-0.24023186681116554,0.5667591587065393
500,254,-0.44190529548006874,-0.3214968593060739,0.6562527890165745
500,255,-0.4338215822921796,-0.30996362599949917,0.639686187470237
500,256,-0.4300455183703138,-0.3212360644065632,0.6323650003458497
500,257,-0.44194173640778867,-0.31931738620325917,0.634892485537009
500,258,-0.44105072596114736,-0.31114829120144033,0.625671423702062
500,259,-0.43197130635311426,-0.261073553574533,0.586280132223023
500,260,-0.45825831634359737,-0.3259014900468855,0.6596784315313106
500,261,-0.4481522219981278,-0.2790396489487983,0.5979208451852313
500,262,-0.473393068431211,-0.3101358296524752,0.6282141939171023
500,263,-0.4461781910538382,-0.3359294990486578,0.6770911353883815
500,264,-0.4338502294115195,-0.30620695978035845,0.6430986816254123
500,265,-0.450891333117324,-0.3228659405218684,0.6368812652323433
500,266,-0.44882108476267024,-0.3235959166922476,0.6727148722180777
500,267,-0.44050564354734567,-0.322652449575807,0.6419088834193194
500,268,-0.4568812920698473,-0.3204107083448248,0.6480745027192382
500,269,-0.44165137988208025,-0.2869080512678972,0.5954546543231941
500,270,-0.448209606788019,-0.30725584148476054,0.6449680938216564
500,271,-0.431700230725271,-0.32660419825362447,0.6658756935867152
500,272,-0.4280542123677151,-0.2640991534186968,0.5819163877671603
500,273,-0.41647046939552806,-0.3006062225116367,0.6084143405600414
500,274,-0.43355070427023257,-0.30359867291212883,0.625677789842476
500,275,-0.45088802733433275,-0.2791140998818569,0.5984180190982276
500,276,-0.42109467520380595,-0.3104571532107562,0.6207977448630485
500,277,-0.4647112259815557,-0.34052196043893795,0.6865869475136122
500,278,-0.4296076608177563,-0.3167797402111791,0.6496327971446497
500,279,-0.4231423153071068,-0.2904348504842087,0.5929097015738052
500,280,-0.42937984754733155,-0.32283735563949095,0.637276153327083
500,281,-0.462353843558877,-0.3102741476305466,0.6470016953731874
500,282,-0.428532305872502,-0.2976347628968334,0.6026539891122569
500,283,-0.41117181088723076,-0.3328129988917512,0.6361070631263972
500,284,-0.4338512737121031,-0.3381853284618157,0.6595989961582688
500,285,-0.42965121310351345,-0.3000549856812273,0.6493428504397816
500,286,-0.4257670398959926,-0.3471398854625352,0.6585735426552719
500,287,-0.4424532685651084,-0.341417825490065,0.6748049007782497
500,288,-0.43939934579331186,-0.3148701932738269,0.6285775341593592
500,289,-0.43620949757471117,-0.25502109336655115,0.5806820050136126
500,290,-0.44533922346842203,-0.31063404507638104,0.6346534857462337
500,291,-0.4066544472256125,-0.2848099581387735,0.5969035191171375
500,292,-0.44671918001884814,-0.32898025775186635,0.6493935094102763
500,293,-0.45522399148477516,-0.3345933662309297,0.6455077193138917
500,294,-0.43452007138107107,-0.31142631221520095,0.6298607106326763
500,295,-0.4283341298893002,-0.3530450305617395,0.6871571987324435
500,296,-0.4658042726450047,-0.32779232796268803,0.639540774296737
500,297,-0.4278830300747113,-0.34168615718887024,0.6871647672847973
500,298,-0.4321927176777489,-0.31602039569725643,0.6342287896175159
500,299,-0.42954229233328944,-0.2931028907956833,0.6105241895908514
500,300,-0.45036322730040657,-0.32834200181017204,0.654342365778813
500,301,-0.4296074677230459,-0.3108397725775645,0.6550561461337079
500,302,-0.4576681729948133,-0.3088666755300875,0.6520249342038594
500,303,-0.4199498406392238,-0.2754272981458341,0.5969182344958409
500,304,-0.4451533044700287,-0.30329497890079454,0.6350990448217837
500,305,-0.4742270488120238,-0.2951983603112538,0.6265776910592165
500,306,-0.441565443240282,-0.33211769773751915,0.6653799528038536
500,307,-0.43212133227405747,-0.2832861665153867,0.6204074012608597
500,308,-0.41134187476208706,-0.29227379838693013,0.6160728420149981
500,309,-0.4171514048247186,-0.2882160214739405,0.6204974147991097
500,310,-0.4473094269184909,-0.3590786004109846,0.7094106940322057
500,311,-0.4428834585945852,-0.2611873044583822,0.568524825277026
500,312,-0.44489328428475383,-0.3163553633280667,0.6511827156537855
500,313,-0.44400771109044745,-0.32964096116186514,0.677494499473859
500,314,-0.4260131548323113,-0.29825064030932896,0.6218182107658468
500,315,-0.4097497946857602,-0.30200653773417707,0.61529464802135
500,316,-0.45445566069684795,-0.3328630880311058,0.6600197404481114
500,317,-0.45137958030505987,-0.3255897392141947,0.6537634204742143
500,318,-0.41652832467218637,-0.29391639698397054,0.6035420159730899
500,319,-0.4427795162991635,-0.2866459975450233,0.6162710014596374
500,320,-0.42868040982399197,-0.2430776033697337,0.5740991096948865
500,321,-0.4442749466347467,-0.313741943194703,0.6416336539190887
500,322,-0.43361340006982496,-0.28242250012630743,0.6011650809038874
500,323,-0.43642106766043187,-0.34152706009159106,0.6763909123148387
500,324,-0.42066014475972163,-0.33868082866317845,0.6598496820202271
500,325,-0.4231678387408793,-0.3018933518293269,0.6233532480191302
500,326,-0.4531988913686741,-0.3120116589130524,0.6441452310438752
500,327,-0.4410292468791648,-0.32283793827784746,0.6478314533770315
500,328,-0.46109185207940573,-0.3021550102659827,0.6284108114069021
500,329,-0.4193698615786211,-0.34004279599689624,0.6757021266434426
500,330,-0.4113947596239853,-0.31780501496719155,0.6392230925379536
500,331,-0.4781899881213648,-0.32338107012425416,0.6585654886036314
500,332,-0.45639527029939264,-0.32668815557276726,0.6605790011032909
500,333,-0.4425966088034694,-0.320672783983477,0.648918569303533
500,334,-0.44461882110330575,-0.34560730857557553,0.6885943787822468
500,335,-0.42498889550376706,-0.29356900315641304,0.5983278175848888
500,336,-0.4209100822655473,-0.32708388791665627,0.6419930509572769
500,337,-0.4305905696499921,-0.3256258312241577,0.650777140995911
500,338,-0.4360301288648749,-0.32088538731645205,0.6448984321812142
500,339,-0.4375096015850093,-0.35272995021761155,0.6931462101390359
500,340,-0.4322928146152205,-0.349362482929016,0.6872914964357211
500,341,-0.4785984413537142,-0.31285684570806027,0.6563530581844053
500,342,-0.4371853270905707,-0.2951106781368105,0.6226688961821173
500,343,-0.43668804969718483,-0.31052176827036665,0.6508400922814047
500,344,-0.4614846825784924,-0.2782703074318912,0.6089751931279916
500,345,-0.4362851240592105,-0.3378430629153178,0.6613437079634937
500,346,-0.4462395077471969,-0.3216530744246286,0.6587261853109896
500,347,-0.4368247075082966,-0.30146519667929755,0.6208389779267938
500,348,-0.43229532829875195,-0.3088266201446119,0.6315049538982753
500,349,-0.4123714050403955,-0.3150838247807605,0.6335816146696012
500,350,-0.4536067583968492,-0.30930591547559216,0.635548428906319
500,351,-0.4275572701059055,-0.3202017544994596,0.628700041907989
500,352,-0.43647873281295213,-0.30203388334441283,0.6355125172993115
500,353,-0.42919104915609463,-0.27293707764921027,0.597650893963902
500,354,-0.4481616647111799,-0.28587322678318833,0.630574530091178
500,355,-0.4664889937514079,-0.2780214662791036,0.5982960054683604
500,356,-0.4049934300877077,-0.2637709121075255,0.5669870899560037
500,357,-0.4472427112180464,-0.2716131355403368,0.5962507387100068
500,358,-0.42280094144395725,-0.294253751436129,0.6108103273344121
500,359,-0.4456463284193375,-0.29363750754512563,0.6284570916723928
500,360,-0.4252375871051761,-0.2695767213569924,0.5970990097062823
500,361,-0.4545645837407396,-0.29404124989739594,0.627309536068594
500,362,-0.43764265388022416,-0.27676950227397,0.5920984573482346
500,363,-0.41582980346962406,-0.31555322193584545,0.6445035279619918
500,364,-0.44792633910080154,-0.33350480426168916,0.6738802845926509
500,365,-0.43641787519976627,-0.3429947678124737,0.6754129950815958
500,366,-0.45738463866839735,-0.29883403829121447,0.6278027424711664
500,367,-0.42772810407172734,-0.3174696729813805,0.6462893671292705
500,368,-0.4225393622764374,-0.28304478916880416,0.5991887396540904
500,369,-0.412721289126463,-0.31484883599384544,0.6314479661351526
500,370,-0.46121387243259737,-0.3041578810282161,0.6156188648989109
500,371,-0.44722705707625743,-0.312165782739229,0.6276163240437447
500,372,-0.42634393052657693,-0.32703923050997447,0.63762714856148
500,373,-0.44836513277308176,-0.31100247755313415,0.6457125338018885
500,374,-0.444989251549979,-0.31561362769814594,0.6481669883173471
500,375,-0.4177533033051764,-0.25454278471532965,0.585280227058424
500,376,-0.40721254941681506,-0.296417670917562,0.6085914839624128
500,377,-0.4484474472411382,-0.29051702524487394,0.6142391269012034
500,378,-0.4374631402687881,-0.3420026989370026,0.6898033054045953
500,379,-0.4340858026502943,-0.29599871274635586,0.6141804631631829
500,380,-0.44011627716025503,-0.2987422036517391,0.6346506301152782
500,381,-0.43409729095225724,-0.25685850807691685,0.579770975568714
500,382,-0.4230644937234318,-0.2614516342576675,0.5686646706816345
500,383,-0.46493715791753326,-0.29771705740214915,0.6346816039251278
500,384,-0.4434340957965839,-0.3003503535940384,0.6263682266003605
500,385,-0.42753291033761903,-0.3025553240471763,0.6223467175472133
500,386,-0.4339730678246324,-0.3043668165406687,0.6445455459798718
500,387,-0.44002962465522977,-0.27069468711596606,0.58710323937638
500,388,-0.44823342209746986,-0.29928663568361563,0.6460291534424846
500,389,-0.4130078158427899,-0.29436144458048863,0.6086877494926264
500,390,-0.4574659574790749,-0.32583968021550325,0.6715327939471033
500,391,-0.4096134358127632,-0.3555612557973582,0.6846771963845407
500,392,-0.42786624969764675,-0.32572751650192583,0.6398496328232068
500,393,-0.43871059485809427,-0.2826250268319311,0.6172560253019468
500,394,-0.4291313215289908,-0.30066465488089056,0.6441372359910676
500,395,-0.4294222402188295,-0.2906060664169442,0.6139194658905522
500,396,-0.4498344635929511,-0.3061852491684467,0.6267211249669804
500,397,-0.4506302078296698,-0.361587230667609,0.7049589481499992
500,398,-0.4382149741452914,-0.33189001728247713,0.6689748356907739
500,399,-0.459530283637687,-0.3210436743558961,0.6555534023415989
500,400,-0.45000374527765513,-0.29559674507533484,0.6224548727085282
500,401,-0.4382333738463778,-0.3156876468098883,0.661982995560042
500,402,-0.45348035837912104,-0.3291518260964353,0.6688094881604559
500,403,-0.4486397508108523,-0.2932134101859375,0.604931027191852
500,404,-0.4380207480172863,-0.3508619834051744,0.6796512579956375
500,405,-0.4335702351465351,-0.2609507185342019,0.5837037993299804
500,406,-0.43403428295614044,-0.30775220215802335,0.6347256887092925
500,407,-0.43884693532238456,-0.263785071634261,0.5985036865855485
500,408,-0.4457204887087019,-0.3023001240202963,0.6454585106042393
500,409,-0.43960601669187727,-0.32822413513982346,0.6421319420009167
500,410,-0.4468075457417169,-0.3226703921292,0.6606441088738327
500,411,-0.44102061505331125,-0.27408262604202,0.617028681525323
500,412,-0.41136040945347363,-0.28318284906653046,0.598925303074303
500,413,-0.4477740175331789,-0.2820983244125259,0.6252801170508289
500,414,-0.4498962330297276,-0.3370901016705107,0.6793814578042551
500,415,-0.4360439416779584,-0.33389764903455993,0.6507861583308759
500,416,-0.42529879449951546,-0.3377476813857835,0.6623457484199299
500,417,-0.406757969138417,-0.28422612759682947,0.609967764855769
500,418,-0.4467869708757057,-0.2705091525521056,0.5791317923801832
500,419,-0.4466965800813361,-0.3365411792210912,0.6700505096952474
500,420,-0.4346933976560755,-0.3348774055865156,0.6635822987699342
500,421,-0.45634525347373833,-0.30075285669942786,0.6305584569808123
500,422,-0.4319160878715892,-0.306199777955778,0.6271481257810682
500,423,-0.43321291508625237,-0.28323487685869403,0.6053406673728683
500,424,-0.4443071696393526,-0.32218785476707373,0.6660553822827375
500,425,-0.4449853895250162,-0.3223824464141468,0.6611456562274179
500,426,-0.42977473408833705,-0.2955934495093419,0.6228182903690774
500,427,-0.450569067794065,-0.29120904434722306,0.6260051763048581
500,428,-0.4397071435359516,-0.2965213765613152,0.6107054286216586
500,429,-0.4329571587465302,-0.2828655035345121,0.5994002234487045
500,430,-0.45896623367993095,-0.3278503063401198,0.6461804373622078
500,431,-0.4622197287557965,-0.2827002747865406,0.5945858623040415
500,432,-0.42217883793994493,-0.2926762840503154,0.6184772824482623
500,433,-0.44551912358976137,-0.2898197018369116,0.6112992130523281
500,434,-0.45531182552846017,-0.3116452533290678,0.6250317565291664
500,435,-0.4301611622375343,-0.31293147128671633,0.6060872158250378
500,436,-0.4422464591821965,-0.30270340130119094,0.5978670693453476
500,437,-0.4330421841620181,-0.27803538520358057,0.590152442033969
500,438,-0.4465224539343162,-0.28535316188190357,0.6131528490156096
500,439,-0.4333972368191028,-0.2704332359541657,0.5831143625301242
500,440,-0.4447310771108045,-0.307999867603664,0.6422171788641057
500,441,-0.4518990750197355,-0.27730317202278176,0.6048059294221817
500,442,-0.4380003505706363,-0.37522302510206784,0.7147511595715396
500,443,-0.4262761948694518,-0.3079145514799108,0.6394879394952949
500,444,-0.4366671382536087,-0.3020036506613678,0.6288244290157787
500,445,-0.4117661606373937,-0.33393180749473983,0.6725537376954858
500,446,-0.4323136653277784,-0.31196002944720985,0.6363504266830479
500,447,-0.4291898600016222,-0.3338154360457401,0.6718073143772634
500,448,-0.4281907775426329,-0.26547411633223417,0.6043516401181352
500,449,-0.42858205201484373,-0.34862020891571394,0.6803032444893433
500,450,-0.4474798340760587,-0.24911777001112195,0.557179679064201
500,451,-0.4189559434915043,-0.3694712804733223,0.702243198019306
500,452,-0.41606540031561906,-0.31533915332873474,0.62630835842573
500,453,-0.45323495451181595,-0.3206550838378177,0.6580608887303526
500,454,-0.4570861709885216,-0.3215057821928187,0.6402010842393553
500,455,-0.43746545557372124,-0.30038184545811647,0.6330311345400461
500,456,-0.4322186223377032,-0.32554935689610337,0.6498878045921683
500,457,-0.43836095210658405,-0.31491508057603196,0.6279588768003372
500,458,-0.4565168249953353,-0.24918456454409357,0.5754078359603475
500,459,-0.4111726345996908,-0.2844798450942035,0.5942858303772816
500,460,-0.4125696058853792,-0.3332700488992175,0.6577053920213067
500,461,-0.44403118256280194,-0.3305551881476621,0.6702300924994534
500,462,-0.423352503539215,-0.3292136234978243,0.6394024955744358
500,463,-0.427217287409152,-0.30269837490674445,0.6314916389003897
500,464,-0.4373845047060557,-0.3264761299826319,0.6514609745970871
500,465,-0.45781384646365053,-0.2883378638140878,0.6140585817313441
500,466,-0.4540687309584386,-0.3252394526467525,0.6521179831242454
500,467,-0.433592500263979,-0.3149272102797735,0.6722658820872202
500,468,-0.4473773531937788,-0.2812508929307188,0.6033969819501392
500,469,-0.44373795226824364,-0.2976166027110705,0.6366168210939043
500,470,-0.46297135774765796,-0.27861802865088303,0.6203358024233496
500,471,-0.4329675466295907,-0.29311781142394233,0.6158154300973008
500,472,-0.4276002548868929,-0.32543110354204735,0.6498557728413797
500,473,-0.4328472107548812,-0.36619266559334734,0.6953514243230097
500,474,-0.4523718026693717,-0.32771371389951975,0.6535099906440347
500,475,-0.4300912855582638,-0.31452809872249315,0.6480976561810207
500,476,-0.4215907182528271,-0.3126448589644653,0.6324672337292794
500,477,-0.45178193511013287,-0.30324289846327124,0.6225612026534776
500,478,-0.462904746035925,-0.3513040618939093,0.7028775597583905
500,479,-0.42752862957621485,-0.2940954682276651,0.6179024742790256
500,480,-0.43697130057559475,-0.3037565621576458,0.617568716638166
500,481,-0.44556860647131624,-0.3078668854693259,0.6376839340920779
500,482,-0.4317716220115735,-0.2377373525404045,0.5759907640996251
500,483,-0.4553003037921283,-0.25004575527242884,0.5655153182702318
500,484,-0.42988881854304856,-0.34578893399482646,0.674020068460416
500,485,-0.45213532407629475,-0.31303588587332076,0.6424530448327813
500,486,-0.411598518869033,-0.25084201782118104,0.5765990031828034
500,487,-0.4265310630938803,-0.35002260084939474,0.6685851479044558
500,488,-0.4430980265458898,-0.26208078985298483,0.594954947769263
500,489,-0.4520450836220379,-0.3491791891814148,0.7021267704382299
500,490,-0.43783964935080283,-0.30915423268544684,0.6398827215062368
500,491,-0.4196345355139166,-0.31907697985988864,0.6526755904782294
500,492,-0.4378231396914088,-0.3213533866708452,0.6414026930465637
500,493,-0.4206843456486491,-0.34283307783469025,0.6814631731339259
500,494,-0.43223518360477564,-0.3209219368379596,0.6611324456655353
500,495,-0.4463774006169312,-0.31090829888901633,0.6377810098022885
500,496,-0.44144189521666777,-0.3745817289739266,0.6952437475857518
500,497,-0.44434533103733875,-0.3626477503899215,0.6934000993645933
500,498,-0.4501115648274512,-0.3143768145695854,0.647403598926433
500,499,-0.4465708435972898,-0.33367225203832307,0.6630014564617818
500,500,-0.4269282772058355,-0.29243932421879015,0.628154982633478
500,501,-0.42314526576542427,-0.3102001382880741,0.6330319254869485
500,502,-0.45859168243203285,-0.3363883587062057,0.6818984809798215
500,503,-0.4432280571041604,-0.25160846293928635,0.5783205994895638
500,504,-0.4473562564247525,-0.3270578759241216,0.6491068631410829
500,505,-0.43466147183696946,-0.27105302140953863,0.599923221062555
500,506,-0.43363502239240204,-0.27304470541863324,0.5832464327313939
500,507,-0.4604611368892869,-0.31112632196040746,0.6427934009774865
500,508,-0.4716677215344064,-0.269295962405444,0.5988786744777062
500,509,-0.42352286514602755,-0.32542168335993293,0.631696661752794
500,510,-0.4629530314313022,-0.2730420508272665,0.5964890604168092
500,511,-0.44015895801064386,-0.3373325597331945,0.6509503233634578
500,512,-0.4680546657513628,-0.2658220606374466,0.6086497744270427
500,513,-0.45671979017018227,-0.2806635561677612,0.6097018663664445
500,514,-0.419473617463407,-0.33991967830593095,0.6691958126920657
500,515,-0.4607278631391331,-0.2967635548040714,0.6030220809841438
500,516,-0.44757311653889653,-0.3226441081818639,0.6520361924291016
500,517,-0.4530108689933772,-0.3313366672958941,0.6651419917412
500,518,-0.43800327353993407,-0.3000991494888352,0.6150548438942549
500,519,-0.43895296327730327,-0.27163267533019586,0.5816082669023277
500,520,-0.44737362174335393,-0.3254867121798242,0.6613465237479792
500,521,-0.43306333574159595,-0.359180017492671,0.684138316564475
500,522,-0.42232719631249016,-0.3053230235677652,0.620018151955183
500,523,-0.4403837412829397,-0.3478697141969649,0.6949455758376956
500,524,-0.4344983428449991,-0.2868267353324688,0.6257635777052117
500,525,-0.4279162288046712,-0.2711161500640737,0.5821553826080297
500,526,-0.47185574085843074,-0.27921787037827867,0.6029486486710524
500,527,-0.4338194509142693,-0.310494359892322,0.6244193210788115
500,528,-0.4526768072098445,-0.28701650225437486,0.6092921045830682
500,529,-0.41942048558794437,-0.3011207735079971,0.6172893123058278
500,530,-0.4610946081409558,-0.3296132393011884,0.6672021014109105
500,531,-0.4224289765811809,-0.2708755343072199,0.5957881028177022
500,532,-0.4404809350574333,-0.315468726011599,0.6644180892605616
500,533,-0.43895083175767835,-0.35871571588229967,0.7064282006531515
500,534,-0.4178749766893233,-0.31135005898971385,0.6294954637508728
500,535,-0.4233897007394195,-0.2682463370386955,0.5889556982877101
500,536,-0.4343608816757236,-0.30699977849474913,0.6070108560272195
500,537,-0.43671131062838064,-0.2919023392543596,0.6400154472914521
500,538,-0.4548534074105556,-0.31111594904986,0.636571108274012
500,539,-0.45969452202067473,-0.2679251083727323,0.60120245236452
500,540,-0.42197826904216446,-0.2882456270689757,0.6085433592923355
500,541,-0.43484496084359314,-0.3049319508239236,0.6314149577575232
500,542,-0.44129008614239484,-0.28480993626981355,0.6047589799530815
500,543,-0.43492631120756725,-0.37713508921927635,0.71176510303076
500,544,-0.4175215897825555,-0.3284925210263055,0.6690026837861398
500,545,-0.42672326472959554,-0.2998289296227447,0.6124030140880388
500,546,-0.44678497502948566,-0.32907443152778776,0.6775497826241339
500,547,-0.42249286351978665,-0.28692830318326923,0.6269509103671942
500,548,-0.43011440190446715,-0.31855162037574697,0.6254319726673551
500,549,-0.4321258329780992,-0.30185229853977896,0.6463720174897241
500,550,-0.44039055024529605,-0.3157861302489419,0.6467606702018003
500,551,-0.4545880377297191,-0.3321549321648955,0.670066605442933
500,552,-0.44371031502504343,-0.29397937713716366,0.6170965076321928
500,553,-0.44627688896927065,-0.2836089121561973,0.6058731367713877
500,554,-0.46434339832547444,-0.28317149612390896,0.617991185818097
500,555,-0.4378628731554822,-0.33492329570918006,0.671175467852998
500,556,-0.43463732148227624,-0.32831621244188014,0.6700995302832876
500,557,-0.46279689198558294,-0.23703264526059806,0.5335755089722788
500,558,-0.452086836944793,-0.3171861564746416,0.6387437650195944
500,559,-0.44289016323841357,-0.3152761075742616,0.6371818175689484
500,560,-0.44033110831310096,-0.292530865803013,0.6324588579801187
500,561,-0.4178967303330352,-0.3034492483708857,0.6277852717269786
500,562,-0.4196690987465509,-0.3000199266884281,0.6313093115377276
500,563,-0.45318228399608196,-0.2840043511174199,0.5986845830560379
500,564,-0.44567339479175794,-0.2943538561994429,0.6346886091371582
500,565,-0.45084233898539544,-0.31148304614932293,0.6252786430250808
500,566,-0.45583447447358305,-0.3173484665399472,0.6269812557492357
500,567,-0.42901183581824676,-0.33961542854563265,0.677091199137472
500,568,-0.4423264095549492,-0.30068855954364465,0.6445472962170928
500,569,-0.4455583868810564,-0.2967379553676944,0.6105345708105853
500,570,-0.40178628478377754,-0.2838695022772837,0.6139077797965674
500,571,-0.44037210276528516,-0.3037278089007043,0.610159627696431
500,572,-0.43452157283963483,-0.3351861543694151,0.6643743498540468
500,573,-0.43070072080831645,-0.27310429022525,0.6061625346394948
500,574,-0.4272601377439885,-0.34257668269837305,0.6962071729403997
500,575,-0.4393362542385847,-0.3074589909514303,0.6407054748198168
500,576,-0.43805831745950136,-0.27098322357533244,0.5944225141764521
500,577,-0.41095210363823287,-0.2535982168128768,0.551170323895203
500,578,-0.45182781702486946,-0.2954108051812345,0.6392625185949805
500,579,-0.4470979087408162,-0.2714338885163591,0.5890794439902693
500,580,-0.45478002834080145,-0.3270176739079078,0.6643580333164972
500,581,-0.4162843181045933,-0.2692785517110357,0.5819889955406718
500,582,-0.4574470341350617,-0.2964931039828598,0.622265599198201
500,583,-0.4438625833019503,-0.3102302499234707,0.6489949049904843
500,584,-0.4306569796960654,-0.3610868685791592,0.6975720257965629
500,585,-0.42030217114307505,-0.319133336747806,0.6345053282380205
500,586,-0.43969413455938244,-0.3448471671029875,0.659714212454335
500,587,-0.45161802875637025,-0.2803079457539162,0.606732254456246
500,588,-0.4279624979083038,-0.2936835823420016,0.6045699206710048
500,589,-0.4339536832285704,-0.2528897660829387,0.577298535898258
500,590,-0.4442979841248509,-0.3176801581441824,0.6349878532080948
500,591,-0.45343686181721066,-0.2884480739200544,0.62476421603233
500,592,-0.42655156492718904,-0.31453172519860095,0.6396664039311982
500,593,-0.4473881598301144,-0.2703973521647466,0.5974251018834232
500,594,-0.4370079016958658,-0.29380362722252507,0.6136597154989261
500,595,-0.44240167514102924,-0.3221235958111804,0.6528994762145705
500,596,-0.42809365163876395,-0.3416684695419714,0.664504543660262
500,597,-0.460609346361569,-0.2992573411502695,0.6261213807335488
500,598,-0.4309131214246231,-0.339829429227915,0.6760050838367654
500,599,-0.41203381001442074,-0.2964359842974575,0.6316183902691995
500,600,-0.4357866487603606,-0.2761501680542882,0.5944077541114698
500,601,-0.44154717917566405,-0.29249429325297804,0.6083225035360945
500,602,-0.42472480858662864,-0.26586557220674234,0.5879755861579682
500,603,-0.43379527337189894,-0.31620467366650296,0.6278987193591004
500,604,-0.43710079140073776,-0.31324564941550137,0.6482457751702093
500,605,-0.4432653688140708,-0.2785539561325944,0.6080173078140936
500,606,-0.4137404964629247,-0.33045831867379016,0.6518709727195372
500,607,-0.4444104716573341,-0.2974737885200539,0.6066628958076379
500,608,-0.43646367160687505,-0.27738663949530057,0.6208750958912097
500,609,-0.43060793552510135,-0.3163181856549152,0.6499571817908184
500,610,-0.44071315967067104,-0.338558900245133,0.6718831146532218
500,611,-0.4288500172528769,-0.3166922804631776,0.6382839683249791
500,612,-0.4328954397591081,-0.3281421437033241,0.6538852566850285
500,613,-0.442789537440971,-0.32642071205766154,0.6570303264504139
500,614,-0.42788910212300046,-0.2847949775600066,0.6007143433240791
500,615,-0.4269666597443892,-0.29203468766576535,0.6234168939185073
500,616,-0.4456854489106563,-0.27347110245901934,0.5869645770323032
500,617,-0.40356521529976724,-0.3106247536212564,0.6507378402037457
500,618,-0.43631924333391015,-0.3198324329725904,0.646014145017272
500,619,-0.4333503329282472,-0.32836276735841025,0.6547059434047252
500,620,-0.42129944228734717,-0.30289751136330023,0.6231714842785834
500,621,-0.42072912312330796,-0.2875245254594664,0.6040222899646936
500,622,-0.44506777070178627,-0.3348054896997348,0.6668356997822178
500,623,-0.42764934151996836,-0.3141360480237077,0.6486953998209545
500,624,-0.45774923818144764,-0.2682379875481329,0.5901402533400611
500,625,-0.41932738157418814,-0.3346227306623587,0.6877250224920084
500,626,-0.44421182485895727,-0.282988497006994,0.6213298035568653
500,627,-0.42961897180767517,-0.29537391774348387,0.62546967077228
500,628,-0.40982859240843056,-0.32003690162721593,0.6324832106110213
500,629,-0.4453065692795547,-0.33514837996464,0.6812966637784283
500,630,-0.43689844562420443,-0.34054039462144925,0.6861755150523222
500,631,-0.4211848681042787,-0.2903003810030176,0.6009911252326849
500,632,-0.44508889836537224,-0.32285816355103364,0.6535733456834376
500,633,-0.438721926893994,-0.2613576754421505,0.5906005587839255
500,634,-0.41335471871882956,-0.318948397970235,0.6499646438285097
500,635,-0.43818718623130903,-0.29914077778542847,0.5975151491842632
500,636,-0.41419623698795693,-0.28699284096972205,0.6150001263750797
500,637,-0.45309509421786953,-0.2860174359259321,0.620262212171217
500,638,-0.45708363159383736,-0.27716294528098384,0.6229150192198372
500,639,-0.4434456313250597,-0.24284809012384376,0.5565308697406797
500,640,-0.4509439581878544,-0.28312570619670197,0.5970849688130373
500,641,-0.44340572019502933,-0.3039963100099318,0.6273266784745798
500,642,-0.4207994850174389,-0.28422051679229376,0.6172040077836574
500,643,-0.43675739973397876,-0.34324785745924935,0.6866418216148711
500,644,-0.4419545825897602,-0.2902333646997002,0.6226937702036104
500,645,-0.43492935489632084,-0.34288667946268786,0.6653940788068107
500,646,-0.43469749221391707,-0.2480634894772366,0.5607331148503539
500,647,-0.45700483718670654,-0.26997746560939107,0.5942684844722494
500,648,-0.44836498840384176,-0.29148801137392194,0.6211718384680481
500,649,-0.43209555395394406,-0.28878279460014494,0.6006722237799623
500,650,-0.4471151315180099,-0.3052425255350989,0.6397702180278827
500,651,-0.4184030282869128,-0.2898291897189959,0.6119332049950493
500,652,-0.4460005574203114,-0.2781010568486621,0.6100503669959466
500,653,-0.43291629750842825,-0.2791249274287242,0.5966877020663223
500,654,-0.4382986371700909,-0.2964396029160612,0.6397785901192722
500,655,-0.44049412153624246,-0.3260772191629589,0.673148512500935
500,656,-0.42201142776179473,-0.2999843563943675,0.6196817785255325
500,657,-0.4300247855833592,-0.3309875035671977,0.6459859982725049
500,658,-0.4471419342455716,-0.3336782069092204,0.654976771166447
500,659,-0.44190945929485836,-0.34135520322367296,0.6747554042465528
500,660,-0.4498699622276751,-0.34239401538537456,0.6637262729212159
500,661,-0.43997184983905124,-0.32224011304669187,0.6514686594317679
500,662,-0.44991486004482895,-0.31858691915521276,0.6690178009225604
500,663,-0.4234573442564735,-0.31054192705745626,0.6353722290014325
500,664,-0.4655688197937472,-0.3225243461195929,0.6549816092636586
500,665,-0.43054701141658236,-0.300670789562225,0.6186930795140022
500,666,-0.4226720656946573,-0.3240961762733648,0.6498034066513687
500,667,-0.43092079332653815,-0.32937580541771405,0.6475803380880456
500,668,-0.4071208262021118,-0.3011806976757512,0.6069488173672424
500,669,-0.42197710428408497,-0.32299775019903576,0.6617910956002143
500,670,-0.43416175624727266,-0.25787351947415565,0.5750404902410889
500,671,-0.43617981453742105,-0.3116411133985251,0.6237891044934836
500,672,-0.4325138764613482,-0.3099549943463382,0.6240334922574339
500,673,-0.45194787202621,-0.2588454432942753,0.5903098611093173
500,674,-0.42195686321884884,-0.28025800235422293,0.596825403493767
500,675,-0.4389324616437586,-0.34486653109412807,0.6835709677351628
500,676,-0.44055904687613495,-0.3053412915254033,0.6133140559217211
500,677,-0.46728704798862697,-0.31214920395238094,0.6583814948217898
500,678,-0.43763298180857646,-0.29898200277466264,0.6203994350275848
500,679,-0.43580185182290443,-0.2608965728111238,0.5958269083023184
500,680,-0.4331156798914107,-0.3217031021016774,0.6498143118068014
500,681,-0.44762509770447534,-0.2814108710702841,0.582252515594809
500,682,-0.4570036581231631,-0.3430847473394483,0.6863489540174545
500,683,-0.43597206470169264,-0.30910894557621693,0.6512927655053443
500,684,-0.4061635496184969,-0.33209429870353846,0.647563680646542
500,685,-0.4286592048953477,-0.2971512637744211,0.6301839281404557
500,686,-0.43409640848410735,-0.29614016549562816,0.628224407529578
500,687,-0.4473361727118381,-0.2767486586989002,0.5894387349768653
500,688,-0.4288742798614803,-0.3137682133872516,0.6510702724362735
500,689,-0.422708759374375,-0.2864064262561095,0.6125908036328037
500,690,-0.46524266179165463,-0.34295177404484556,0.6932674804840454
500,691,-0.44316782607369415,-0.30772920127454734,0.634786372839506
500,692,-0.4333351275193723,-0.27419697376916974,0.5900852621413463
500,693,-0.4228723816822532,-0.30930207601668597,0.6294613236361225
500,694,-0.43692713657190324,-0.2958514133252778,0.616364252992963
500,695,-0.45193794659680264,-0.30667698737260474,0.6438739386237533
500,696,-0.4311647166631566,-0.35277272348651606,0.6873899109028273
500,697,-0.4555542106190046,-0.32991333083936625,0.6561727913203322
500,698,-0.4221222021464105,-0.2522475864298811,0.5629676202050686
500,699,-0.42344401127279113,-0.32290832655184565,0.6405597674884421
500,700,-0.4249177379258023,-0.2793710770252025,0.6067255810124725
500,701,-0.39327347203059065,-0.3166439863962161,0.6441816794148244
500,702,-0.42818216036674117,-0.32186861827720686,0.6320880921953956
500,703,-0.4473052709995885,-0.31757307655730443,0.6383548587496395
500,704,-0.43487704390247545,-0.25307875086625586,0.5874877747238116
500,705,-0.4321940582205401,-0.3364877217060134,0.6622499217910794
500,706,-0.45126086064697474,-0.30499762306865896,0.6452499201549089
500,707,-0.42418443976624476,-0.28495717233561024,0.6054050942199247
500,708,-0.44399465915632697,-0.2842980995104367,0.6027278567332027
500,709,-0.44159439262662215,-0.3178091256259895,0.6561327869489458
500,710,-0.45545364072600797,-0.2739916366979252,0.5995286142962961
500,711,-0.43285656508705883,-0.3172306290125813,0.6236008663997036
500,712,-0.4545709706991238,-0.3015392197384704,0.6180229865463306
500,713,-0.44697456393155033,-0.25539140192662113,0.5785883457989774
500,714,-0.4221794391002275,-0.2914467616756342,0.6403883856129047
500,715,-0.44462358468122354,-0.30180782891608926,0.6311833211771745
500,716,-0.4302383847242517,-0.3279556525664248,0.6559965584711991
500,717,-0.4616434235337006,-0.30524948997288903,0.641736517354577
500,718,-0.4363168089088392,-0.26912071219931577,0.5823613632388412
500,719,-0.4328488427588214,-0.30033805977324035,0.6378873112739771
500,720,-0.45735136549211214,-0.3243372074177913,0.6446737256641322
500,721,-0.43029971548836615,-0.3131451299024627,0.6390852581598669
500,722,-0.45111392318318244,-0.30702425161237684,0.6353111507416315
500,723,-0.42592067234594333,-0.3271953872806912,0.6608107829432995
500,724,-0.4385640394868551,-0.299295805824452,0.6342770368524248
500,725,-0.43883800638372733,-0.30719057820354684,0.6161019818225846
500,726,-0.461803151962359,-0.2994983394866115,0.6088962013988447
500,727,-0.44754424964061323,-0.30617692662262974,0.6332173900173836
500,728,-0.4419860946152381,-0.3376687869183672,0.6662696057733223
500,729,-0.44027528624965084,-0.3049317754859254,0.6376475693076706
500,730,-0.45028166974200057,-0.318077320772221,0.6665066646503007
500,731,-0.43165236392828554,-0.29605087505995364,0.6238223681505699
500,732,-0.43421064951592536,-0.31008912265374244,0.6521766166357719
500,733,-0.4327651753268362,-0.2973491121810402,0.6222384068326969
500,734,-0.4266749374025088,-0.27693259198319564,0.5984514462940127
500,735,-0.4167974125260178,-0.3388426723805352,0.6794006673193399
500,736,-0.45076636720438445,-0.30584604979810176,0.6391836872845833
500,737,-0.43116801591987397,-0.30003556487153354,0.6356319346280307
500,738,-0.41473090337159657,-0.320681036052252,0.6361537218306422
500,739,-0.42024559904864445,-0.31145445372490715,0.6350593810051105
500,740,-0.41857799082011027,-0.30953483042392393,0.6407535880374224
500,741,-0.46446659175115024,-0.3308215262597568,0.6689437198158514
500,742,-0.44803005175747,-0.29485605117760316,0.6222625058196202
500,743,-0.4734068627268465,-0.268440701574674,0.60255188098658
500,744,-0.4599853860523435,-0.27251624780046874,0.5982092146019524
500,745,-0.46589302114786246,-0.2545276216247613,0.5668723534140712
500,746,-0.4273989934309372,-0.3138233570927378,0.6523247147448048
500,747,-0.4413731248109613,-0.30265236241490273,0.627786547382818
500,748,-0.46579693882198114,-0.3218765709691131,0.6603050512919056
500,749,-0.44444808169390493,-0.28662385002068497,0.610469754769351
500,750,-0.41836574140885713,-0.2832483597094535,0.6061343916795751
500,751,-0.44277114114255034,-0.3252528385326916,0.6703298128510119
500,752,-0.43854699305068157,-0.3118030727217249,0.6392398389135127
500,753,-0.43461624833874246,-0.29327297337677116,0.6179636065366861
500,754,-0.4424942308657233,-0.2858330634676523,0.6199091288833567
500,755,-0.44429483256258434,-0.32710780376964005,0.6709692805167808
500,756,-0.4251617647071848,-0.3271180792963065,0.6686079739683314
500,757,-0.43436769288420657,-0.2921116205454216,0.6250292650744325
500,758,-0.4486725890439279,-0.259225072951867,0.5735617334825969
500,759,-0.44167193659362747,-0.3563981215147667,0.6926026717718236
500,760,-0.44444796740997833,-0.2947967132660322,0.6227739051913947
500,761,-0.43745303651783496,-0.2967163500287966,0.6243330273865013
500,762,-0.4174070095806607,-0.2744728843635296,0.6037956023731186
500,763,-0.44567493615881393,-0.32625165586565,0.6636566021230471
500,764,-0.4540481205664679,-0.3229945276593261,0.6586336196602328
500,765,-0.4069946587809573,-0.3172830995373713,0.6340766672703134
500,766,-0.40433970653628276,-0.2955549519984283,0.6031890190761309
500,767,-0.40935017510932703,-0.3136205952578972,0.6457517240571441
500,768,-0.43799900130596725,-0.33144023593820243,0.6398720453197013
500,769,-0.4327744288007599,-0.27889549510286066,0.6017055384703583
500,770,-0.46249014935172544,-0.2861653908306473,0.598817515920192
500,771,-0.43958862968861795,-0.28832430647239793,0.6273954008584103
500,772,-0.4240922384236142,-0.31060234916357804,0.6264339835463959
500,773,-0.4551506039381018,-0.3175992166230681,0.6409276796664132
500,774,-0.4314963703495551,-0.31102725608186155,0.6491714443219633
500,775,-0.439016761531588,-0.36347659048776726,0.6931809997734446
500,776,-0.46089245623974684,-0.26726393691740125,0.5992479730669529
500,777,-0.4510324600106502,-0.27363583582484047,0.5960327620449115
500,778,-0.433899373728678,-0.33044562293604757,0.6758599558150923
500,779,-0.40972846563723053,-0.3259790781290453,0.6448514238489244
500,780,-0.4706427848788898,-0.31250622697469327,0.6594812780856396
500,781,-0.45250945124266984,-0.29189664075874766,0.6167092680908386
500,782,-0.43097460308745994,-0.30782082643844216,0.6473958445287601
500,783,-0.43472390175869335,-0.27200154183843495,0.6059198278604451
500,784,-0.4378006655663046,-0.3179730622411915,0.6263565966278515
500,785,-0.4199581306909108,-0.28394778137174115,0.5985742639832111
500,786,-0.44966466470277433,-0.30397936353099647,0.6430016153783926
500,787,-0.4135914374500895,-0.3024235280775106,0.6102697751024669
500,788,-0.44114547013602157,-0.327122710960143,0.6519034794374445
500,789,-0.43949996849496004,-0.33385827530042045,0.6744432772789548
500,790,-0.45016145830111975,-0.3426022799358468,0.6964047529975657
500,791,-0.43278995309937063,-0.29865359385810375,0.6137229791175693
500,792,-0.4433544823396861,-0.28908860124634095,0.6159811933558494
500,793,-0.4388229049983496,-0.3262639905642024,0.6609297063055801
500,794,-0.45632085944125245,-0.27828174760576174,0.6052830420590145
500,795,-0.4386617193703079,-0.30534233308562136,0.6403019133041955
500,796,-0.45257070710333647,-0.3014055351351602,0.6487185048224446
500,797,-0.4323759205975412,-0.2963592059903745,0.6190043128340673
500,798,-0.4210605844039888,-0.3048644639515824,0.6356752412608626
500,799,-0.44220801585630354,-0.3379720055057128,0.6701075469416965
500,800,-0.4435530258888704,-0.2864213518817972,0.6266093462031038
500,801,-0.45596913220576485,-0.29135623549212725,0.6174626187134387
500,802,-0.4304393734449895,-0.3003875878438482,0.6280736459105427
500,803,-0.42115053921430434,-0.2791811564177913,0.5974928493391312
500,804,-0.44713998663601084,-0.3311499082849906,0.6653084533099642
500,805,-0.45588395173952034,-0.25964665805229653,0.5830427762824901
500,806,-0.4359009551568172,-0.3517882764041485,0.688871439553376
500,807,-0.4410820552821619,-0.27995726382913505,0.5976678315440915
500,808,-0.4523870876049986,-0.2795901029057837,0.6292505873340105
500,809,-0.4219372642227438,-0.3151922285074594,0.649985170485635
500,810,-0.42242011049976597,-0.32233670210336907,0.6403546166148523
500,811,-0.4346361525860764,-0.2946608497274924,0.6310565544913447
500,812,-0.4502415362405426,-0.28476884061821256,0.6288725661657814
500,813,-0.4542967344587683,-0.33353183846287465,0.6699531260870101
500,814,-0.43317490354582494,-0.3083831322559067,0.6258625840043713
500,815,-0.4567223322691021,-0.3001069860141071,0.6312357006835793
500,816,-0.45608918433724266,-0.3458515562319671,0.7068992926914993
500,817,-0.4393023669870392,-0.3569885665989477,0.6978000147325324
500,818,-0.43722745259466234,-0.29793937021982525,0.6388940734614103
500,819,-0.4515718706897333,-0.2978168570842246,0.6321723230760299
500,820,-0.4503928807773778,-0.29470291676072286,0.620069683539347
500,821,-0.42894275951184313,-0.27285976661482697,0.591678365688246
500,822,-0.44873741559261304,-0.30317838871927355,0.628752282696225
500,823,-0.43992609203608496,-0.3210041185482942,0.6570465004247061
500,824,-0.4287163119138456,-0.3311028796238831,0.6699466709086708
500,825,-0.4466969761103974,-0.31925859640914334,0.6424192397907955
500,826,-0.4314955722575438,-0.3014788808375008,0.6160469500387639
500,827,-0.46360295521107486,-0.298994455345442,0.655736774922157
500,828,-0.4443442426935676,-0.29134529131188935,0.5970568901169646
500,829,-0.4502686120237904,-0.2971047247951156,0.6315114650979378
500,830,-0.4573639473794642,-0.34035854401179394,0.6605078498115734
500,831,-0.4299867210184062,-0.30150703822766073,0.6386324344138385
500,832,-0.4283670024089907,-0.3464317705015646,0.7057525430642585
500,833,-0.43280908029688214,-0.328339878483088,0.6815831921257061
500,834,-0.4535057659387458,-0.34983450188663967,0.67920255861297
500,835,-0.4377865457331478,-0.3524970009057501,0.6495159860001838
500,836,-0.4385340819339686,-0.2767288980329807,0.5839643989131956
500,837,-0.44379797824590805,-0.3248244601567203,0.6568161042456294
500,838,-0.45754560567251695,-0.3257393598461539,0.6733912003629112
500,839,-0.41251358007979155,-0.3158864439282995,0.649412478024906
500,840,-0.4234238912679115,-0.2603514992579948,0.5653797422066285
500,841,-0.42708171585134785,-0.34113271588961913,0.6832868554422189
500,842,-0.43814626756476693,-0.31926019747153284,0.6377561939612683
500,843,-0.44898868957516813,-0.31103906516693003,0.6319352277961121
500,844,-0.453186463883547,-0.2832329360956552,0.6037828833403657
500,845,-0.45041492293163976,-0.3343748318422224,0.6566766641299254
500,846,-0.4556611655738404,-0.32136912588192407,0.6713669038984138
500,847,-0.4412228234108932,-0.3253284314837175,0.6617855821568043
500,848,-0.44748606884831865,-0.2934921035705932,0.6010151663923553
500,849,-0.4542427848585381,-0.2649312882718253,0.5822030812624376
500,850,-0.4494027492466828,-0.32862934208801076,0.6573536955497288
500,851,-0.4432808996654106,-0.28034577649310977,0.5973031502286046
500,852,-0.44090889433850927,-0.3049749533727233,0.6381214123961108
500,853,-0.4283855949497516,-0.27296773376324757,0.59757100409871
500,854,-0.45852509268675345,-0.319704110514506,0.6554809246609807
500,855,-0.4380712391697449,-0.27947564519677587,0.6036879075243602
500,856,-0.42813664213875857,-0.27606758611268767,0.5973084292244483
500,857,-0.4628754066514522,-0.25254615791740337,0.5769498868937908
500,858,-0.47142553299229606,-0.3511713123947544,0.6846548448977281
500,859,-0.4576055668177579,-0.31369700083005814,0.6644811864991664
500,860,-0.4564753315719465,-0.3142293295417595,0.6444831346619846
500,861,-0.46953516788616856,-0.3039224402302877,0.6293691153788535
500,862,-0.39595449342265376,-0.2938861969603742,0.6122149237478265
500,863,-0.4153061681257936,-0.32387089250183176,0.6657560167256017
500,864,-0.43275084561060817,-0.29600653284054884,0.6333299120746909
500,865,-0.44062876573298126,-0.3034974204876547,0.6344118499366588
500,866,-0.44408502364153507,-0.306629498570592,0.6223433843768353
500,867,-0.42798509325450707,-0.3024035204236655,0.6054917470476621
500,868,-0.4238504796823883,-0.3284352179543871,0.6429335926948779
500,869,-0.4364488260170748,-0.3239125214811074,0.6559365444083269
500,870,-0.4295097313605438,-0.30944114417314356,0.6250844863348464
500,871,-0.43632336290519114,-0.3410121286371178,0.6730050614092894
500,872,-0.4381141717329544,-0.27351778150288,0.6026547963417496
500,873,-0.4129117392925301,-0.34359979947684827,0.6821045704022328
500,874,-0.44380853334425263,-0.29090207774698773,0.6297398325022938
500,875,-0.44041780748256176,-0.32133743056870145,0.6613472975269096
500,876,-0.43493303662104665,-0.32116464971210185,0.6452255386124681
500,877,-0.4106911523893066,-0.33688675097184634,0.668985837743379
500,878,-0.4270983920140483,-0.318863768978909,0.648065944022812
500,879,-0.43832846497452593,-0.3120814466198796,0.6476632271261769
500,880,-0.4330107555346532,-0.2806934098668905,0.6071644264962526
500,881,-0.42294466285244375,-0.31334014626003703,0.6251649362139552
500,882,-0.45003371210216514,-0.3256652529993212,0.658670089420366
500,883,-0.4009545898217066,-0.25164815268777146,0.5801280509418345
500,884,-0.4687428013513291,-0.2812080918203359,0.627245384241399
500,885,-0.4575851074550988,-0.22597619777927508,0.5227228749228273
500,886,-0.41666486263202684,-0.3012915444012599,0.6346142973272133
500,887,-0.4464979288161326,-0.3588501919381118,0.6979215852778491
500,888,-0.4508568765145393,-0.32224569290454497,0.6382130714392789
500,889,-0.43655351224256655,-0.2947183709592492,0.6183220144661727
500,890,-0.44990343964859114,-0.3508994604821939,0.6634774088170887
500,891,-0.4344655322320879,-0.34686077592229714,0.6666235258189239
500,892,-0.4340523460770184,-0.2851469815889642,0.6052528057881091
500,893,-0.44688150191611464,-0.3326261068974009,0.6545636713635774
500,894,-0.4539550774818151,-0.29887383456592886,0.6312910180740472
500,895,-0.43645250059510105,-0.2751982198641904,0.5894090375488894
500,896,-0.44301398626062916,-0.3119655551584629,0.6428140123283885
500,897,-0.44533666598548505,-0.32337658889214344,0.6515641033633286
500,898,-0.4259848649529575,-0.2943793166744721,0.6176412984673604
500,899,-0.43906588937009505,-0.3440265698471469,0.662716459323947
500,900,-0.4377915048963535,-0.324764868363089,0.6492255493152963
500,901,-0.4560775010933989,-0.33928899431187287,0.666011406372926
500,902,-0.4327945666086239,-0.3312566633193617,0.6602319167423296
500,903,-0.43634160546072365,-0.30306007767419846,0.6279934587254784
500,904,-0.4094689059071386,-0.32079608099379253,0.6431469126254481
500,905,-0.4448349904310721,-0.2994937107803589,0.6208206026666196
500,906,-0.44186152977807003,-0.3219534837292524,0.651983907100483
500,907,-0.4495995611792275,-0.2864206319628578,0.6134104503538264
500,908,-0.45641603124583624,-0.30873955362577143,0.6568360939480836
500,909,-0.4303002235677913,-0.3094652166455273,0.6251872488402227
500,910,-0.4469745448594825,-0.30379294049945177,0.637889903681419
500,911,-0.43947291651818576,-0.24459138114098075,0.5809587473317254
500,912,-0.42294279411224067,-0.32292496454591896,0.6345155408745173
500,913,-0.4314683879730017,-0.32415355086011327,0.6542423017263841
500,914,-0.41966928048791285,-0.29332407261182697,0.6188436673620842
500,915,-0.435207247995904,-0.26781244637590035,0.5815408222591746
500,916,-0.4220769020389698,-0.29301620080273527,0.634897640179634
500,917,-0.4442031448915589,-0.2991542887861517,0.6117966853791504
500,918,-0.4413989618149197,-0.3413819680430206,0.6866577021864293
500,919,-0.4376016023142079,-0.3485611548937115,0.6765097880361964
500,920,-0.43615110417606795,-0.3398041639097644,0.6764780585774183
500,921,-0.4529958455035723,-0.27761488744639157,0.6000274168232188
500,922,-0.46076722895087285,-0.32572429026998084,0.6761017191502153
500,923,-0.44528297972521713,-0.28074603245411067,0.590992108623155
500,924,-0.43803063505026557,-0.26694673995617396,0.5995438923739863
500,925,-0.4579994170438364,-0.3116939225066879,0.6378588377709831
500,926,-0.45369248551708896,-0.3018424089015949,0.6375435539857355
500,927,-0.4433025121108639,-0.3223410102684148,0.6545155972951648
500,928,-0.42234431649822357,-0.29452116303820053,0.62562028310787
500,929,-0.4369534021176291,-0.3479865982377722,0.6850155139806681
500,930,-0.43810109206459824,-0.3146888972276505,0.6443268708270441
500,931,-0.4411973169690701,-0.2878607831561404,0.6296337174505227
500,932,-0.4352023892234763,-0.3266611416118812,0.6424167777080758
500,933,-0.4250236219620752,-0.335562399287863,0.6496458950239654
500,934,-0.4345737050653948,-0.3262862199697484,0.6496566710621381
500,935,-0.47510584000929934,-0.2950372490938141,0.6202292558326407
500,936,-0.44729883923947594,-0.31546317349614683,0.654411200203213
500,937,-0.4399648834032247,-0.2851377731488968,0.6225348021044533
500,938,-0.412374690883657,-0.3118116464535088,0.6460501850460062
500,939,-0.45038232779864895,-0.33599421230488047,0.6587596679043071
500,940,-0.43977252584232107,-0.3010065985992605,0.6391026338447651
500,941,-0.45949309934179705,-0.2669777866984874,0.5663887376261608
500,942,-0.4484450088128904,-0.34330256851759855,0.6602958708730672
500,943,-0.4323203595799251,-0.3243355019306961,0.6407448324301891
500,944,-0.4076856834884445,-0.3187802754524834,0.6410288143508381
500,945,-0.43425750704224886,-0.2962836035276064,0.6177639988403127
500,946,-0.41408630187334167,-0.3403968359305796,0.6546165071171834
500,947,-0.44634270087838135,-0.27512902252774646,0.5925060519381161
500,948,-0.44602397249458264,-0.3621891037471495,0.6994164380898028
500,949,-0.4452263937782518,-0.3427224205900005,0.6673770761694104
500,950,-0.4121021652010981,-0.26734955560991364,0.5778105936074149
500,951,-0.4653853884679688,-0.3560560940311178,0.6857719418213801
500,952,-0.44032150043782736,-0.33788520635786157,0.6490586879976709
500,953,-0.4359496992903753,-0.3349107860493475,0.6760291244799979
500,954,-0.4363088772553473,-0.28338801148061327,0.6049547291532641
500,955,-0.4343543268893407,-0.29978560330494197,0.6186833128618165
500,956,-0.435255738603378,-0.2693546589261972,0.5809305337608963
500,957,-0.40882442802123065,-0.26755912434563195,0.5758190335640382
500,958,-0.4227198337515608,-0.29096119228883555,0.6294958618435506
500,959,-0.43801589642806055,-0.2978812032255824,0.6061426890677897
500,960,-0.4234205943719491,-0.3166325259393925,0.6276210807313216
500,961,-0.4267384112789672,-0.3425405634034722,0.6876282973769661
500,962,-0.4441680270590851,-0.31573708239523796,0.6187037524944711
500,963,-0.4496697601442936,-0.29962815240960694,0.6159022027100278
500,964,-0.45266818651239243,-0.2738413991946654,0.6034591611417802
500,965,-0.4357938752813769,-0.29972005936085594,0.5994772452235511
500,966,-0.4462210315000009,-0.32016162124506337,0.6368871203134269
500,967,-0.4482695957332592,-0.2945063280062671,0.6157456293731844
500,968,-0.453382850214851,-0.29901198168201626,0.6324806785222059
500,969,-0.43478171220436834,-0.305243014461095,0.631254446282324
500,970,-0.410522656655298,-0.26806281661440795,0.5982122108797413
500,971,-0.43498304574237556,-0.3305340019900783,0.6842879644664577
500,972,-0.44324716179492374,-0.29070562620389523,0.6209428489252324
500,973,-0.42619929431865355,-0.2805114494345185,0.6111149026393143
500,974,-0.4332843132163221,-0.332922621135066,0.678113129392307
500,975,-0.4588687414406957,-0.2741301197234486,0.6138141793786639
500,976,-0.442032662449769,-0.2708134505837362,0.6077406909420593
500,977,-0.4503948172682438,-0.3181822400764977,0.6584942366257334
500,978,-0.43723864676419555,-0.28200358232214406,0.5947416135691093
500,979,-0.4446824385544947,-0.3112027323113421,0.6497346878680397
500,980,-0.435842749656003,-0.27019755124864125,0.5889138893677999
500,981,-0.43046185048308,-0.3062543916497049,0.6332340790556222
500,982,-0.4449367327649545,-0.29981015343476974,0.654498224014792
500,983,-0.43717631200294943,-0.2967614328737658,0.6295869624099917
500,984,-0.45040420231813627,-0.3285323105963245,0.6642694695649665
500,985,-0.44297735494978263,-0.2596661797602145,0.5865127159213973
500,986,-0.4364803102450514,-0.3410564446340132,0.6901495378369925
500,987,-0.44045750950225787,-0.3729522506290714,0.7204384140467128
500,988,-0.4299539872394539,-0.2925908520374619,0.6193793799857058
500,989,-0.432748434555319,-0.2759494965984033,0.5963597509437019
500,990,-0.4501942379138326,-0.26004061054628536,0.5914883611033112
500,991,-0.42408216455066744,-0.2891092520805016,0.6189371858401183
500,992,-0.46013037890789754,-0.32533060274289555,0.6551654427935739
500,993,-0.4427107020462241,-0.3487394908436956,0.6923043710292156
500,994,-0.4204466219726779,-0.3479149072896526,0.6742970717372587
500,995,-0.43295722375572965,-0.29019189228589237,0.6170770186763167
500,996,-0.42193659125438354,-0.3872186152846422,0.7081514064304647
500,997,-0.4389335357975095,-0.2879970905103536,0.603657345732485
500,998,-0.44148502096209297,-0.3077870627022252,0.6509051444761169
500,999,-0.4131265561463659,-0.3108058636265424,0.6267400682290886
1000,0,-0.5557397227623877,-0.34748987895157674,0.7164209391538716
1000,1,-0.5432892271945812,-0.3197035926681217,0.6956204813304749
1000,2,-0.5537997677088896,-0.33766391944822255,0.690032061457111
1000,3,-0.5842755667093666,-0.27124948489596457,0.6251171815740858
1000,4,-0.5665688269454041,-0.2699770031284692,0.6168141701841345
1000,5,-0.5651550089961926,-0.3360576835151556,0.7095649656470888
1000,6,-0.5608681792634354,-0.32526073531737415,0.6935663304219978
1000,7,-0.5277321303959521,-0.30794564339300506,0.6651046379699778
1000,8,-0.555710847466606,-0.3070699973217825,0.6707618423032577
1000,9,-0.5536814875885117,-0.3320601346056156,0.6849447901864859
1000,10,-0.5669690215345038,-0.3230863642401951,0.6786003689321478
1000,11,-0.5715858187842862,-0.3347528302668895,0.6986176973211853
1000,12,-0.5708891675919352,-0.28649824845881156,0.6486675945761632
1000,13,-0.5527001093018094,-0.2741425925307117,0.6288195343385161
1000,14,-0.5799433167041822,-0.30977448546505204,0.6620086652479537
1000,15,-0.5648184010530559,-0.3519681716404983,0.7076363926535734
1000,16,-0.5749876048197453,-0.3111762812838539,0.6891718748882314
1000,17,-0.5420253686349441,-0.2828350413601698,0.6361950887022829
1000,18,-0.5583364820684935,-0.31239200619170027,0.6612200547747149
1000,19,-0.5433501997892828,-0.29009981639172294,0.6349007029619578
1000,20,-0.5418616603913542,-0.32592595206005476,0.6623378259378097
1000,21,-0.527039178624719,-0.3243589596416855,0.6917987519389187
1000,22,-0.5521921762410688,-0.28720252060215656,0.6587633422861703
1000,23,-0.5450592896603969,-0.3418963582822671,0.6791600103256119
1000,24,-0.5431503646095559,-0.30144410642147074,0.6638836191137037
1000,25,-0.5511259496103664,-0.32578843804979973,0.6990666510741941
1000,26,-0.5766452882126912,-0.3474896203535664,0.7041178768662041
1000,27,-0.545146425740664,-0.3176785899863041,0.6677650912804488
1000,28,-0.5499380647117045,-0.2927807873387694,0.6563691156070959
1000,29,-0.5559719734220344,-0.28064863186610434,0.6509115010514218
1000,30,-0.547813318001223,-0.33068261407629873,0.6927439912625539
1000,31,-0.5556181879366948,-0.2816682017277717,0.6364775082800779
1000,32,-0.5381263354501593,-0.28985578638023207,0.6489758929076658
1000,33,-0.5626503003598315,-0.31054608898379876,0.6561482626381627
1000,34,-0.547011466794238,-0.2962237179591088,0.6353841446645477
1000,35,-0.5582036383357998,-0.2955233841379529,0.662442164557026
1000,36,-0.5565015453516698,-0.32408999899556007,0.6759714024192993
1000,37,-0.5615100434473628,-0.28327643005088954,0.6270441220703536
1000,38,-0.5550410216131656,-0.3716599865566282,0.751516790304259
1000,39,-0.5303823853747835,-0.30067877967198703,0.636721633623422
1000,40,-0.5471657110781383,-0.30169422617036246,0.6624626685517798
1000,41,-0.5480914071555157,-0.28180752612871623,0.6283620690281081
1000,42,-0.5605843973715163,-0.3033817732959695,0.651089951054201
1000,43,-0.573654160191919,-0.3259425722053927,0.6706276994106799
1000,44,-0.5648136389537006,-0.29143375234803387,0.651779101736798
1000,45,-0.5694363822386912,-0.2699692871220953,0.6114163415786046
1000,46,-0.5845970531953896,-0.29708802386842414,0.6524967473992174
1000,47,-0.5456411418522497,-0.27987440495509813,0.6355596408371885
1000,48,-0.5652771618637691,-0.30533745313034705,0.6791427934405841
1000,49,-0.5495147504710494,-0.32207191305696936,0.6683575366394735
1000,50,-0.5607008721962372,-0.24571526985568906,0.5823886869057535
1000,51,-0.5623650388593998,-0.31400539664200816,0.6669604421920623
1000,52,-0.5438989891867325,-0.3042664200391367,0.6373419646194614
1000,53,-0.5572057113374523,-0.28633564688150376,0.6359888471072013
1000,54,-0.5580339990654342,-0.323621763900351,0.7057495520380364
1000,55,-0.5695443163071279,-0.3176377925476869,0.6716286998764835
1000,56,-0.5298301500006696,-0.2923403188367973,0.6418456664849601
1000,57,-0.5602578144363541,-0.23859176999895554,0.5794728820526874
1000,58,-0.5622322999177629,-0.29684843796748733,0.6605332765924009
1000,59,-0.5341329090425212,-0.27957201690619027,0.6116706906667614
1000,60,-0.5421003318698703,-0.3102403367941273,0.6499324370349137
1000,61,-0.5228507232578719,-0.3297405470103243,0.6839040580015271
1000,62,-0.556207307854607,-0.3402934118521743,0.7025660911803718
1000,63,-0.566262897011329,-0.3207044205442459,0.6729256225178659
1000,64,-0.5462763877257639,-0.29285572405932164,0.6542265867048586
1000,65,-0.5759778928897745,-0.35082301189937903,0.7068852633066528
1000,66,-0.5514624093258222,-0.30903495052099855,0.6480765930652206
1000,67,-0.5536643771362109,-0.2970524468275852,0.6706224998523055
1000,68,-0.5371761378151867,-0.2534046350683337,0.6054807821716345
1000,69,-0.5648627825847027,-0.30506398357148845,0.6468078062951259
1000,70,-0.5318266306049388,-0.32995705844662876,0.683680293734938
1000,71,-0.5476013212170785,-0.3450263273767825,0.7080312041863841
1000,72,-0.5584408672863965,-0.3176863738101287,0.6722318340645204
1000,73,-0.5439028109266917,-0.3187521356602593,0.6599338374864513
1000,74,-0.5548317593113035,-0.3296523352339518,0.6754880305255613
1000,75,-0.5742289884101002,-0.3578700512103227,0.717565342534528
1000,76,-0.5507039186529549,-0.3232346328104107,0.6813688009216016
1000,77,-0.5920248669532063,-0.28532415994871685,0.6321619372965086
1000,78,-0.5524555326253173,-0.2937764900402021,0.6620338170834138
1000,79,-0.5564777254262604,-0.2644165483649247,0.6162493536502633
1000,80,-0.5344284709446366,-0.28437227929822817,0.6487703151947937
1000,81,-0.564966503145237,-0.30197880087012385,0.6687004154070597
1000,82,-0.5583053704827392,-0.3133426265424992,0.6876088981214746
1000,83,-0.5492968640934422,-0.31310452614824735,0.6627973008448578
1000,84,-0.5571601033988621,-0.32114137538863996,0.6844029775657344
1000,85,-0.5503651166829159,-0.29931109447895615,0.647513893095886
1000,86,-0.5553468448772472,-0.277347278577035,0.6338047980667716
1000,87,-0.5616623356343166,-0.373754770364009,0.74627293036345
1000,88,-0.56963452765524,-0.23802478598385676,0.5789988314340493
1000,89,-0.5331204750484507,-0.36277803868097974,0.7412091339837251
1000,90,-0.5633811348771027,-0.3519395462239733,0.7004317854862254
1000,91,-0.5729914437761982,-0.3089484014559642,0.6730077610170359
1000,92,-0.5547139399983574,-0.32180213503695354,0.6591384291697929
1000,93,-0.5432700123415328,-0.321386180171546,0.682205104085455
1000,94,-0.5578129054872449,-0.2999966394845236,0.6527534730480665
1000,95,-0.5815218443330405,-0.32617463907392674,0.6844166794748451
1000,96,-0.5628686053054017,-0.31318788220343147,0.6947926594249118
1000,97,-0.5626961450431084,-0.2594160088940091,0.6058271491855579
1000,98,-0.5546071758423365,-0.29833767989850796,0.6620622748956573
1000,99,-0.5609901575744625,-0.34952961514194897,0.7001850784894139
1000,100,-0.5321725406214327,-0.28662739341633986,0.6299478391313637
1000,101,-0.5620617481393076,-0.30556774452765956,0.6503375642600567
1000,102,-0.5439547470036404,-0.3225757388837697,0.6623935920572673
1000,103,-0.5558906280325362,-0.318386837449208,0.6628981686332878
1000,104,-0.5566256289928048,-0.3359266140826939,0.6996206797609971
1000,105,-0.5666262149032548,-0.2978865475301952,0.6736827171012341
1000,106,-0.5312038676082805,-0.29441935516964723,0.655891364786276
1000,107,-0.5662170608689889,-0.2947818992696492,0.6629717877034332
1000,108,-0.5540975586417255,-0.27449165678346343,0.6008177423337799
1000,109,-0.5646688184216085,-0.32127606817466253,0.6587443239516309
1000,110,-0.5440144145957189,-0.343686962796071,0.6941899228250503
1000,111,-0.5539506453501954,-0.3476489235531472,0.7077326094322787
1000,112,-0.5502845148516112,-0.30765545841232034,0.6550329956768123
1000,113,-0.5375610448486,-0.36323634538615923,0.7263998287975336
1000,114,-0.5608265460124093,-0.2885468191800742,0.6402130840514499
1000,115,-0.5681257681056087,-0.3691123051898539,0.7234068403634591
1000,116,-0.5681337346776059,-0.3238956969426282,0.6677409663967006
1000,117,-0.5552515962023412,-0.32027790334598016,0.680044974911193
1000,118,-0.5717469952143838,-0.32859373441821493,0.6871903368557138
1000,119,-0.5674570576371645,-0.3441599187581898,0.6884310269189213
1000,120,-0.5701756584233117,-0.2844232151218956,0.6339824248768187
1000,121,-0.5589462385338152,-0.308090354974034,0.6694436496509478
1000,122,-0.5439947049090937,-0.3141878322172815,0.6663716433516419
1000,123,-0.5507153691251367,-0.32100041493005366,0.6794962450128361
1000,124,-0.5545767968162336,-0.29824816596407977,0.6502122604484758
1000,125,-0.5830036522490357,-0.2885634139676664,0.6561490357446325
1000,126,-0.537050602269805,-0.32994153527002906,0.6986945574931807
1000,127,-0.5591032231362578,-0.3281594860289832,0.6877340994857011
1000,128,-0.5413693845866843,-0.30727768959348445,0.6574209332404564
1000,129,-0.5612491924262547,-0.3205347321353574,0.6791554093346179
1000,130,-0.5526521706824005,-0.2793310530412049,0.6322651632789165
1000,131,-0.5373762745967856,-0.27504983374577113,0.6306781302692707
1000,132,-0.5633266948861663,-0.28271342606385425,0.6489602833391093
1000,133,-0.5567061218781812,-0.33994895367721434,0.7028306953457988
1000,134,-0.5763155857470563,-0.34593312663286285,0.7121039405445644
1000,135,-0.5528318914632555,-0.31985368884264337,0.6671136318373861
1000,136,-0.5450393897403735,-0.29379316547483164,0.6335340820044859
1000,137,-0.5352970985475524,-0.32677279185762825,0.6698388421617162
1000,138,-0.5613397690606793,-0.3202268747918463,0.6805818404090632
1000,139,-0.5329432130225245,-0.32224332252081883,0.6639929720949131
1000,140,-0.5562774823087602,-0.32473525258176883,0.691746214055415
1000,141,-0.5448655823429881,-0.26170585417195186,0.6125064967831226
1000,142,-0.5600739056619327,-0.28774973853007485,0.6392347375579994
1000,143,-0.551162281491322,-0.2995715194061822,0.6388957711471976
1000,144,-0.5524612737666985,-0.27673365728419586,0.6256155181848317
1000,145,-0.5569168969768804,-0.3641082402709869,0.7356545209957001
1000,146,-0.5478838853633886,-0.27070368659600025,0.62097148846112
1000,147,-0.5638675174652679,-0.28599587372035945,0.6297202908883833
1000,148,-0.5561882154714954,-0.3217736145484522,0.6722029039670983
1000,149,-0.5714548564600144,-0.3373665223397729,0.6853238919724649
1000,150,-0.5438947759757363,-0.25566211327540445,0.5774598367145038
1000,151,-0.5571779423091902,-0.30529386016776566,0.6628030052985706
1000,152,-0.5486053334518595,-0.28874499743565,0.6289676681798496
1000,153,-0.5487159892030725,-0.33889618771844815,0.7032612025139974
1000,154,-0.5425851968981761,-0.33949298310899456,0.6988064471205373
1000,155,-0.536373420898616,-0.28969694445745975,0.6440674424745949
1000,156,-0.563931585131296,-0.26579319622922076,0.6236984634706249
1000,157,-0.5351190808858379,-0.32418653811520487,0.6799680533002739
1000,158,-0.5711394928143101,-0.30288943893770554,0.6496909971136023
1000,159,-0.5477383064921765,-0.32538838864772307,0.6770276068748223
1000,160,-0.5452758470637875,-0.3203337688104267,0.675361021018465
1000,161,-0.5435115956838164,-0.28387513361675604,0.6212480262923621
1000,162,-0.5647068410066247,-0.30447106207824487,0.6565552561477752
1000,163,-0.5525656247760471,-0.32412956285304045,0.6733077316309481
1000,164,-0.5646355536198144,-0.29185382480427774,0.6514403647464125
1000,165,-0.5514206589553439,-0.24908542973738296,0.5936264886124358
1000,166,-0.5326305968718474,-0.28429318656609665,0.6347255056630778
1000,167,-0.5739370907581807,-0.31992630992524873,0.6713303112709353
1000,168,-0.5720813539130645,-0.3218786073502965,0.6738840193926099
1000,169,-0.5480034474182337,-0.34308153113074014,0.6849399528832556
1000,170,-0.5584120229198841,-0.2754573728118296,0.6337637614660705
1000,171,-0.5614177972257387,-0.2784818551094914,0.5980306304986478
1000,172,-0.5455201428032852,-0.34486021719796245,0.7013600184022043
1000,173,-0.5516300633669211,-0.30852295721846285,0.6574528585666188
1000,174,-0.5544400788108577,-0.29065796792715987,0.6642113391892126
1000,175,-0.5478403861800019,-0.3168206364767598,0.6693597022364701
1000,176,-0.5556281372729257,-0.26744034506677955,0.5971277240250654
1000,177,-0.5422309919116173,-0.3093972119853064,0.6679249969325113
1000,178,-0.5387506361874156,-0.3453136950410779,0.6982720726937035
1000,179,-0.5336350353370765,-0.2800617321181456,0.6243875710447959
1000,180,-0.5548670799720412,-0.3186413268612073,0.7058082054641803
1000,181,-0.575558016508463,-0.2733690649758716,0.6311306509087828
1000,182,-0.5440153450325894,-0.3023597229393296,0.6478765128548611
1000,183,-0.5617053506760251,-0.2860094771733953,0.6410880969441934
1000,184,-0.558285508615663,-0.3121197647857217,0.6612213032363975
1000,185,-0.5607708438347516,-0.3087121368533116,0.6728224440035125
1000,186,-0.5627311003016462,-0.3264550098964769,0.6848810087837973
1000,187,-0.5470498936463726,-0.32234966093235407,0.6867098072211199
1000,188,-0.5610129623817166,-0.29696943319137026,0.641701978660598
1000,189,-0.5501378850450879,-0.3115284266578668,0.6522255999091899
1000,190,-0.5560419526185456,-0.3324932032116146,0.6953990748459224
1000,191,-0.5491732061482217,-0.2528550098253397,0.600409920039782
1000,192,-0.567289234032718,-0.2887439435320861,0.6542414002574138
1000,193,-0.5502637926706355,-0.2857902920472589,0.650866904727784
1000,194,-0.5269498701908172,-0.3307797942348538,0.6931358342535306
1000,195,-0.576556281316541,-0.28257500655501644,0.6316026631719927
1000,196,-0.5567722498316197,-0.336323719577049,0.7056423324260928
1000,197,-0.5499397378707693,-0.2932801152005276,0.6551399625614109
1000,198,-0.581942793650495,-0.26602745677319445,0.6121995211612926
1000,199,-0.5637588085330943,-0.30404325502364016,0.6615678976029187
1000,200,-0.5426177171339436,-0.30802696416034253,0.6710681860613245
1000,201,-0.5428924117311706,-0.3529935582262237,0.7024993689532695
1000,202,-0.5707846563984893,-0.2902557640475371,0.6341546289095314
1000,203,-0.5439455784399699,-0.3365281405042397,0.6916370052248915
1000,204,-0.543530467259284,-0.29691970126226397,0.635348536646045
1000,205,-0.5531034310048313,-0.34873410557664564,0.7008386224827161
1000,206,-0.5328422531821648,-0.3499985739536334,0.7033357959169403
1000,207,-0.5451535487931664,-0.27923635189750035,0.6366506155600754
1000,208,-0.5636114170083115,-0.26974815693045046,0.617873672563433
1000,209,-0.542797819040806,-0.3017732789762893,0.6500467418749282
1000,210,-0.551894224995892,-0.31660210304346614,0.6762914207091428
1000,211,-0.535773430839436,-0.29109330394812216,0.6441468549783602
1000,212,-0.5685567512104146,-0.3135581185942696,0.6577134589806758
1000,213,-0.5307511675551089,-0.33438185478302135,0.6803964801431385
1000,214,-0.5453267139637447,-0.2756476275093081,0.6288700735483097
1000,215,-0.5380368823025847,-0.30226855034275746,0.6466146361934043
1000,216,-0.5344874861575611,-0.3295294336328136,0.6669375797629689
1000,217,-0.5754475179104623,-0.2553462103755839,0.6164676429944782
1000,218,-0.56865073111142,-0.29326596486493545,0.6479898036066954
1000,219,-0.5348867014309505,-0.2754235836227119,0.6247169120334234
1000,220,-0.5547801554293289,-0.3180398096681099,0.685275081364705
1000,221,-0.5621679569610083,-0.3057520018240243,0.6592263794310291
1000,222,-0.5621651058618777,-0.35031663416659714,0.7107192270785414
1000,223,-0.5554487247501428,-0.3337694197401805,0.6852011634603781
1000,224,-0.553727169495797,-0.3151501692036698,0.6708925010300468
1000,225,-0.5778035157913437,-0.30978522284132604,0.6718355788794197
1000,226,-0.5490817104732066,-0.29129711087013027,0.6462725671122757
1000,227,-0.5731959374422216,-0.32770461140131957,0.702173086460207
1000,228,-0.5601241642755784,-0.3369768789881165,0.6846897418681603
1000,229,-0.5558006658583615,-0.2915846912673363,0.6565414251755184
1000,230,-0.5656262067274441,-0.28475139121223886,0.6383073587316154
1000,231,-0.5708531515296232,-0.33141540063992214,0.697727037967062
1000,232,-0.5563457425023977,-0.3399015038820044,0.7001123873547828
1000,233,-0.5371384890620631,-0.2998981127540408,0.6346684214902788
1000,234,-0.5580484056674957,-0.3319776652723267,0.6756806040899402
1000,235,-0.5716120542419582,-0.33205546303093314,0.6811317885676631
1000,236,-0.5574884685489458,-0.28106785978238713,0.646128617654583
1000,237,-0.5717720025023794,-0.33976983021681395,0.7117941474237867
1000,238,-0.5701588809090576,-0.3066896736102688,0.6749853411709039
1000,239,-0.5550375914877929,-0.3014030854055105,0.6458191535066606
1000,240,-0.5559395963525404,-0.2896910330899835,0.6412608304244438
1000,241,-0.5677334891168224,-0.3433152454432469,0.7043553357252199
1000,242,-0.5400017062912932,-0.2645911156401166,0.5929575255022017
1000,243,-0.5563254653800609,-0.2953745314167114,0.6390561254708543
1000,244,-0.5459606876070404,-0.32867562777478265,0.716540147901133
1000,245,-0.5522827981443135,-0.30165903436602776,0.6452386392656659
1000,246,-0.5383476554148696,-0.29323577554660507,0.6296270170589856
1000,247,-0.5451237865912499,-0.3602663483655622,0.7239697961151816
1000,248,-0.5488540028832875,-0.3188793045909093,0.6740996684285411
1000,249,-0.5453063319150153,-0.2849204727715917,0.6325493250940109
1000,250,-0.5430634392019067,-0.32255596621364185,0.6895517371461302
1000,251,-0.5482035888327226,-0.3088454073681376,0.6656661235750589
1000,252,-0.5559349907880543,-0.3374830842734725,0.7126625559408848
1000,253,-0.5459266599994068,-0.3155047853184339,0.6490433290369585
1000,254,-0.5650677503757211,-0.30564697443391475,0.6563580815936711
1000,255,-0.5528950599763982,-0.3161962553513567,0.6719664798678753
1000,256,-0.5620963629968414,-0.2985497299641541,0.6441410605728679
1000,257,-0.5560827949645717,-0.3029409668470135,0.6411066947416817
1000,258,-0.5494053095219851,-0.29028560239006307,0.6547229213606983
1000,259,-0.565707972093671,-0.2848271880674381,0.6471306685613024
1000,260,-0.5601417446115287,-0.24436849310709555,0.5901088453405762
1000,261,-0.5461159295886542,-0.32523760729410783,0.6773263409503487
1000,262,-0.5779386834610669,-0.31069681025236373,0.6865897674311677
1000,263,-0.5651103490389016,-0.3301553926634487,0.7050029815244447
1000,264,-0.5617752569898549,-0.3139468907488198,0.6833851538540566
1000,265,-0.5679191836552565,-0.33238069507501816,0.6837214339860783
1000,266,-0.5550041275529796,-0.3291715271446479,0.649194671799769
1000,267,-0.5669287763636832,-0.2664210118574229,0.6116649852199968
1000,268,-0.5222729458114432,-0.28061364771605257,0.62449189082571
1000,269,-0.5399779948056416,-0.26271462182125743,0.6054691121342965
1000,270,-0.5479690555617127,-0.31907939878198904,0.6745120463602513
1000,271,-0.5691345086614433,-0.3240894286822022,0.6858410398749666
1000,272,-0.5475592091937608,-0.2695327844036035,0.6008929371131327
1000,273,-0.5446513170154974,-0.28299871418238093,0.6274414732157304
1000,274,-0.5579414073129867,-0.31731545970587893,0.6657830664411913
1000,275,-0.5537681376895539,-0.2766895958879552,0.6215380092677022
1000,276,-0.5590479232901269,-0.2914666679833739,0.6308010220352511
1000,277,-0.5397287490622186,-0.33783360193649337,0.6921404895522265
1000,278,-0.5429704812261164,-0.28229998346256735,0.6177331611008055
1000,279,-0.5603854123372979,-0.31829829354118694,0.6819328449252131
1000,280,-0.5474204881739778,-0.29018676745848787,0.6581178782782896
1000,281,-0.5577116956389127,-0.2766711500421217,0.645853304499009
1000,282,-0.536783263767393,-0.3508682857158984,0.7049244368983718
1000,283,-0.5743405054032217,-0.3422713656399824,0.7063464654690625
1000,284,-0.553962939382587,-0.3035604566221347,0.6563298604188562
1000,285,-0.5417229585730665,-0.3082205565880619,0.6701751037524905
1000,286,-0.5573174510770467,-0.319043861190576,0.6723820211557692
1000,287,-0.5570158831053889,-0.3105698246512961,0.6618447552674299
1000,288,-0.5265436336861593,-0.26226232121769416,0.5915436106429979
1000,289,-0.5522387818119976,-0.33876104257567924,0.6828646946644563
1000,290,-0.5455107156064639,-0.3268023807919236,0.6894301860311991
1000,291,-0.5636643309289233,-0.2968937879990447,0.6595478084308479
1000,292,-0.5520627109363507,-0.3127370096580688,0.6599963444309345
1000,293,-0.525910914524627,-0.3084710793558513,0.6424886727933866
1000,294,-0.5520833627960257,-0.32261560586864924,0.6615530133955061
1000,295,-0.5581413568180915,-0.323079294944027,0.6768077277168896
1000,296,-0.5608442029836697,-0.2714984880705303,0.6084986978175997
1000,297,-0.557443768051539,-0.26592003674833525,0.6074732864886534
1000,298,-0.5346059953781516,-0.3181373200009363,0.6599312602023092
1000,299,-0.5439917584540892,-0.3339019997185677,0.6942040042199407
1000,300,-0.573777110496865,-0.27934341193007,0.6395519230973399
1000,301,-0.546201352513426,-0.29082176974356194,0.6285437054948767
1000,302,-0.5589995899738729,-0.37351153049274194,0.7468911776317945
1000,303,-0.5518346744817736,-0.2713612238954114,0.6072336754409634
1000,304,-0.557251869331609,-0.2966545236765843,0.6665227098699444
1000,305,-0.5536782488904899,-0.2878258335349614,0.6490460509804749
1000,306,-0.5572024334274384,-0.281879393370168,0.6237168875381699
1000,307,-0.5517543906381942,-0.3336413303026559,0.6958914358374453
1000,308,-0.5544161750864466,-0.2909187910164408,0.6413837827402235
1000,309,-0.5514551535569139,-0.34969159729217153,0.7046749506787747
1000,310,-0.5455331372742227,-0.25861368427807807,0.6020528630904125
1000,311,-0.5591909916578113,-0.3518391088748283,0.7020573531766395
1000,312,-0.5611982116136424,-0.31395349207006656,0.6713209343088172
1000,313,-0.5702964019105415,-0.28818774191396285,0.6529133255929678
1000,314,-0.5497867454567923,-0.3187311205099035,0.6780319806640841
1000,315,-0.5612774750957692,-0.3059096144971664,0.6409260238916819
1000,316,-0.5639642630118369,-0.3272689880102653,0.697975058994067
1000,317,-0.539378173140542,-0.3159359557222857,0.664051484589886
1000,318,-0.556742575790916,-0.3566751000533226,0.7064695170469045
1000,319,-0.5525273247774333,-0.2672942252421273,0.6271954873764376
1000,320,-0.553018859548122,-0.2588881958373937,0.5887798241606832
1000,321,-0.5392916686270123,-0.30115174039157283,0.643956054946384
1000,322,-0.5507651608074607,-0.3041435304568766,0.6542230055669433
1000,323,-0.540137816817056,-0.29167057721569445,0.6324608768010638
1000,324,-0.553939742944643,-0.33393303493272547,0.7107315846809195
1000,325,-0.5591065776552929,-0.33350450024153844,0.6856421278185386
1000,326,-0.5724255238610937,-0.29898783816988117,0.6651178832203781
1000,327,-0.5411441480936259,-0.27660836387454524,0.6219726333329574
1000,328,-0.5567682202265278,-0.28308130667685344,0.64962041868911
1000,329,-0.5767397698525307,-0.3199153260576931,0.6787414387011294
1000,330,-0.5484277293515545,-0.2684338588056854,0.6056422874215703
1000,331,-0.5497028072115518,-0.269052433185295,0.6112841351095523
1000,332,-0.5394331451163499,-0.3221292185083013,0.6777383399520612
1000,333,-0.5623856438761512,-0.2854502468888834,0.6337021608681284
1000,334,-0.5660526320533261,-0.32428858978509184,0.6866464881244217
1000,335,-0.5415537174059504,-0.320699462608872,0.6865623479779253
1000,336,-0.5567479729729713,-0.28147852449814587,0.6419996538530595
1000,337,-0.5511342094417981,-0.33099508530494276,0.6897761222524288
1000,338,-0.5492309325350981,-0.31429930685703733,0.6427906108337628
1000,339,-0.5522618787874182,-0.30934159559841495,0.6585965219671053
1000,340,-0.5322417140295602,-0.3382113670694336,0.7021422873081551
1000,341,-0.5631659338272546,-0.3169195357431244,0.6672080360940268
1000,342,-0.541385784155493,-0.2935309959944491,0.6309894107419113
1000,343,-0.5439763916558711,-0.29676423261550394,0.6318664444155643
1000,344,-0.5510990596199287,-0.3514169889514676,0.7026968370367164
1000,345,-0.5496224334658811,-0.26573918764540166,0.6245499857330854
1000,346,-0.540734407849025,-0.3126467561339775,0.6577343644148054
1000,347,-0.5791440824663597,-0.2884400226706134,0.6648515524107105
1000,348,-0.5619117698876052,-0.27259848381497537,0.5995869719667813
1000,349,-0.5543473852736867,-0.3070624100765446,0.6573126790311472
1000,350,-0.5820967224619725,-0.343343314636792,0.6949793252968226
1000,351,-0.57534947108832,-0.2855500129674579,0.660242557584984
1000,352,-0.5637869342018461,-0.28537172476664546,0.6342653155736554
1000,353,-0.5375579363097887,-0.34167383114090527,0.6977211538796192
1000,354,-0.5586314557143588,-0.2812386465969829,0.6263887251584226
1000,355,-0.5474779609661916,-0.3062447277348113,0.6508687628571656
1000,356,-0.5375195270868173,-0.30576608219014045,0.6633717714887692
1000,357,-0.5598085752441653,-0.24991162143043166,0.6102772613736297
1000,358,-0.5564673398509061,-0.3180415313552391,0.6835378172110012
1000,359,-0.555487472517952,-0.3235209434112657,0.6763547853840007
1000,360,-0.5396435901461689,-0.3034091295463257,0.6520031858282681
1000,361,-0.5739161701607537,-0.33338474078951646,0.6909878047386638
1000,362,-0.5366531959270079,-0.26124157950245896,0.6145340557028754
1000,363,-0.5629618860505132,-0.29444869618447117,0.6459661199105112
1000,364,-0.5507918510722192,-0.34054015904185886,0.6972662776131399
1000,365,-0.5660325947547611,-0.29014375158840633,0.6580756328528679
1000,366,-0.5610545154779053,-0.3132677044008714,0.6579076533204371
1000,367,-0.5554928969677958,-0.2969362660304006,0.6443311175477172
1000,368,-0.5551593942291965,-0.288688861288992,0.6394194015544613
1000,369,-0.567265597750136,-0.29881114712127205,0.6803061326789864
1000,370,-0.5585494330150025,-0.3191000016490431,0.6780333094132213
1000,371,-0.5742937874074009,-0.31690587387111013,0.6917401220308294
1000,372,-0.5499982967706245,-0.3167225142921326,0.6976725541784211
1000,373,-0.5521111005147221,-0.30536452662024866,0.6269978283273951
1000,374,-0.55059172043433,-0.3194347244514406,0.6618417169827191
1000,375,-0.5590744782789685,-0.3072796847149282,0.6546883691306248
1000,376,-0.5501572948151288,-0.24894649352278228,0.5914707861682622
1000,377,-0.5386385541028396,-0.32651513127084225,0.6912752651373434
1000,378,-0.5350410780680024,-0.33214520221630806,0.7042474217768966
1000,379,-0.5400148633956475,-0.3285446591924556,0.6626450684072271
1000,380,-0.5542289268743551,-0.3375629238134316,0.6795939453711894
1000,381,-0.5475114020188406,-0.31577590284892426,0.6721806951067335
1000,382,-0.5580785783171538,-0.2992154065308259,0.6440015391587581
1000,383,-0.5550889799665604,-0.31912397600249903,0.678227115592882
1000,384,-0.5554864740719972,-0.30723737548031566,0.670348427459213
1000,385,-0.5440820161142044,-0.3238901687851519,0.6744204942278559
1000,386,-0.5601867296406295,-0.31457764922943515,0.6551832409928187
1000,387,-0.5569866138834563,-0.3132329130947488,0.6665921451436702
1000,388,-0.5560107787313927,-0.32478272156208454,0.6981077200191789
1000,389,-0.5562332576056433,-0.33880725785381877,0.6891538004275704
1000,390,-0.563371510923346,-0.3063843391443158,0.6649588442987959
1000,391,-0.5499245709508518,-0.2777643976640773,0.6581746289549003
1000,392,-0.5590803022939886,-0.29222500965845744,0.6474522130577374
1000,393,-0.547466075723063,-0.3269672902227259,0.7039598897864523
1000,394,-0.5679050825264202,-0.2930843076094509,0.6500909117121967
1000,395,-0.5528792783349553,-0.3087269383452701,0.6604194329512112
1000,396,-0.5472014877388501,-0.3101296881825859,0.6825659651808095
1000,397,-0.5336052329451475,-0.30022166798830263,0.6412053863108472
1000,398,-0.5614303301940698,-0.35422210186204245,0.7200321987616667
1000,399,-0.5294425906598764,-0.34194529622445324,0.6989201509221975
1000,400,-0.5506212941327115,-0.2987850809014123,0.6722138489060846
1000,401,-0.5534809652471108,-0.29599018146165906,0.6476760858408177
1000,402,-0.5630729377357796,-0.2840964765632641,0.6394246633255508
1000,403,-0.5478716588572266,-0.296238663189446,0.6382020932239987
1000,404,-0.5340499057796052,-0.28989567393857096,0.6528023309756337
1000,405,-0.5495282519627788,-0.28059443117354127,0.6491868510217895
1000,406,-0.5419925425022446,-0.284965687520506,0.6291829967619829
1000,407,-0.5569533440030081,-0.29090426243546197,0.6339766657117212
1000,408,-0.5685641748670207,-0.3115302170180494,0.6936805772514254
1000,409,-0.5480186925903624,-0.3491086978585035,0.7125692406932057
1000,410,-0.5490164432378125,-0.31840925961927663,0.6725720261656425
1000,411,-0.5447459922512105,-0.32700947533601027,0.6733447468741575
1000,412,-0.567760596413209,-0.3267483049525558,0.6750790738128348
1000,413,-0.557198553378526,-0.28878298562205046,0.6259685465326319
1000,414,-0.5546607070280836,-0.3451565609351255,0.6749456492203174
1000,415,-0.572610373483608,-0.32593547598467965,0.6698898164424938
1000,416,-0.5592821169436886,-0.2922605573661065,0.6385210529200159
1000,417,-0.566661231046265,-0.3000390931476337,0.646387908207776
1000,418,-0.5633049750580483,-0.3186418280826923,0.6935303793018721
1000,419,-0.5791953641404737,-0.31452083641448375,0.6631735331879508
1000,420,-0.5624394802667684,-0.2941431245205518,0.6320673215919325
1000,421,-0.5528221772919191,-0.30604988644445585,0.6653460268837798
1000,422,-0.5634492423368059,-0.3234525807779557,0.6781842786472346
1000,423,-0.5686941768094442,-0.31352635958011504,0.6652233608638523
1000,424,-0.5619085508270258,-0.35410444651241785,0.7167635639688886
1000,425,-0.5823516060016142,-0.31815072737093053,0.6926782471099971
1000,426,-0.5547794725260364,-0.34356520997813944,0.7135004961743691
1000,427,-0.5443047368457237,-0.24821383072494033,0.6066411399271306
1000,428,-0.5635642320726548,-0.2898715007274981,0.6395312063226921
1000,429,-0.5700801624216475,-0.27152701280053176,0.6285856965409662
1000,430,-0.5484855718827676,-0.2638631057684917,0.6150819978660992
1000,431,-0.5715710728770073,-0.26502167121642284,0.6358712249938209
1000,432,-0.5774370873071926,-0.327617475983245,0.6699046004321348
1000,433,-0.5512915128044921,-0.29432620555362066,0.65204739371242
1000,434,-0.5347299578452048,-0.31436912802599354,0.6594370156802855
1000,435,-0.5613780848411408,-0.321474110159821,0.6770448882090188
1000,436,-0.550398559950159,-0.2817966799055443,0.6406234432342898
1000,437,-0.5541977418819606,-0.3180644089229794,0.6712132898567942
1000,438,-0.5443107378356082,-0.3281062024192141,0.6895601742058491
1000,439,-0.5631851806365251,-0.3503721391860215,0.7246585403825718
1000,440,-0.5668373396653619,-0.32078688939276623,0.6737122899628192
1000,441,-0.5601080870009173,-0.307711292846198,0.6924173575276829
1000,442,-0.548711879758247,-0.32380925503620095,0.6989563970973036
1000,443,-0.532650110887096,-0.2958855770104101,0.6675334072745949
1000,444,-0.5534730065253164,-0.34746650805144985,0.6994588425594214
1000,445,-0.555679963346019,-0.2708876175027781,0.6287761998075185
1000,446,-0.554368496619388,-0.3194849421684378,0.6674955065466074
1000,447,-0.5444238039382473,-0.24664862407755067,0.6033657508751374
1000,448,-0.5464351764357951,-0.3035565098045452,0.666796479348141
1000,449,-0.5427209835371847,-0.26741248454707406,0.6209556410967807
1000,450,-0.5295007416118923,-0.3016811385932232,0.6444963067297567
1000,451,-0.5634178034040694,-0.32103238395757394,0.6816577533198076
1000,452,-0.5535822360365052,-0.3160228381722486,0.6687672345311707
1000,453,-0.5720517397260763,-0.35181410727297274,0.7342082505201761
1000,454,-0.547882130456856,-0.326462928203122,0.6691843435573266
1000,455,-0.5556592573561734,-0.37874442392560775,0.724169358398821
1000,456,-0.5507635773060379,-0.3689713323624397,0.7388562003156574
1000,457,-0.5582389025304927,-0.31811257198312276,0.6776698169756451
1000,458,-0.5437954067133752,-0.3531871080511574,0.7128014252665213
1000,459,-0.5656717479596067,-0.319343056521552,0.6902393943220633
1000,460,-0.565997850661171,-0.2804505164542161,0.6253090050053219
1000,461,-0.5398393367772472,-0.2926025963668959,0.6216302600495526
1000,462,-0.5481385760938275,-0.303642270739645,0.6637728740494183
1000,463,-0.5613798595727505,-0.37754448961789894,0.7164654623148092
1000,464,-0.5569025163892827,-0.30947858449120286,0.6660737220872566
1000,465,-0.5326172086325915,-0.3114988402151341,0.6798803872889102
1000,466,-0.5491765252351974,-0.2707259566583822,0.5971430933643651
1000,467,-0.5531520864181361,-0.32846640053730997,0.695623371423432
1000,468,-0.5504679899823292,-0.30385483301795735,0.6655600007285118
1000,469,-0.557505750109138,-0.3211306397445932,0.7028422534671603
1000,470,-0.5549676539103634,-0.35791784344071786,0.7332782235937232
1000,471,-0.5746523705388312,-0.31005322571266536,0.6616373166826798
1000,472,-0.5550125737886227,-0.29847778152197757,0.6416709073516805
1000,473,-0.5635862485653746,-0.31636178661204006,0.6714200663864438
1000,474,-0.5367607913940091,-0.29204596266679195,0.6264998055258179
1000,475,-0.5650305684228598,-0.3298540186698197,0.6924448024163037
1000,476,-0.5704755663730149,-0.29224873841928667,0.6576066877787964
1000,477,-0.5347815753962328,-0.27332390650006516,0.6118293963058247
1000,478,-0.5486931476821272,-0.3057490060421133,0.6584845414054172
1000,479,-0.5775986985589889,-0.2956205788334241,0.6479304605319737
1000,480,-0.5529027953925626,-0.3115710773435565,0.6779613594649223
1000,481,-0.5304228377416412,-0.34014427803367164,0.7050069635510239
1000,482,-0.5628288704429846,-0.2994905113921281,0.6264031924395285
1000,483,-0.5605066720738064,-0.29788524628805907,0.6490286986665776
1000,484,-0.5582869344942164,-0.2848405236547596,0.6542917402459227
1000,485,-0.5737493325451193,-0.2908484313659583,0.6537223654775995
1000,486,-0.5655043181278374,-0.31300056098226453,0.6651434696896641
1000,487,-0.5767327240309992,-0.3006344224288423,0.6571019847505291
1000,488,-0.5612904538660776,-0.2671297957639829,0.6238071380531087
1000,489,-0.5711059435814254,-0.27209257034160367,0.6338117905248095
1000,490,-0.5378344827248149,-0.33306783428159176,0.688841056336075
1000,491,-0.5399828833964047,-0.2813016720494275,0.6254997540911793
1000,492,-0.5533055171582821,-0.32841483224844215,0.6833832907071626
1000,493,-0.5686246885049975,-0.34712065715586127,0.7316026175702843
1000,494,-0.5598966090330608,-0.2909630591318299,0.6556106314222948
1000,495,-0.5592226294942493,-0.3736847485847983,0.7439112168358079
1000,496,-0.5350000579796406,-0.3427313680432333,0.7074254010146702
1000,497,-0.5544787821448088,-0.3109029511785383,0.6586789885308619
1000,498,-0.5350700607392243,-0.3356261652957933,0.6799664215299056
1000,499,-0.5402498251784924,-0.33203540723657105,0.6848229653648441
1000,500,-0.5662838951522935,-0.334870093207142,0.6930480001097833
1000,501,-0.5660152350745894,-0.3556704159757336,0.6986521922870357
1000,502,-0.552305686642873,-0.2973810674260065,0.6709250330590439
1000,503,-0.5714470978432997,-0.31476548589028686,0.6750815010688777
1000,504,-0.5447015344159881,-0.2776997025749835,0.614383331979847
1000,505,-0.5458714081228031,-0.30824020079929326,0.658534967025259
1000,506,-0.5517438811713927,-0.2787873918999012,0.6275089420701809
1000,507,-0.549560327755908,-0.28890698560248623,0.6696355780050957
1000,508,-0.5406151639909609,-0.24015054790264667,0.5742733809432615
1000,509,-0.5296537883144966,-0.2810517861943537,0.6500847421437594
1000,510,-0.545981612383054,-0.2910570998190418,0.630751971297113
1000,511,-0.5425980479955319,-0.3198996897110245,0.6752469883695653
1000,512,-0.5669095427996147,-0.3024354070154303,0.6630533282252955
1000,513,-0.5261616579033657,-0.3138116891487808,0.6604586779603108
1000,514,-0.5554547041121358,-0.32339012127875433,0.690974455843617
1000,515,-0.573719022887272,-0.3167191950418977,0.6824743731602353
1000,516,-0.5642135423426413,-0.3257130376219234,0.6773909692776862
1000,517,-0.5560709771405864,-0.3066183347993356,0.6599567512193281
1000,518,-0.5584157281306971,-0.29794881379835864,0.6272718570166094
1000,519,-0.5394525873964549,-0.3143423566705383,0.6543853229225968
1000,520,-0.5546343467289518,-0.338173278203443,0.7009610835293817
1000,521,-0.5735051679220007,-0.320011868985899,0.6909107345737936
1000,522,-0.5638869287004887,-0.30005483722258675,0.6601922996576199
1000,523,-0.5481343226852343,-0.2949617706503268,0.6520690364487689
1000,524,-0.5362672419607277,-0.3428475819072282,0.7015376069416773
1000,525,-0.5393367340721212,-0.2867877757307573,0.6396617550233099
1000,526,-0.5576829666672981,-0.2879593543525151,0.6487197939840681
1000,527,-0.5503347861773131,-0.323555623381261,0.6934637982043743
1000,528,-0.5510580109462435,-0.29339716855815773,0.6659447816228935
1000,529,-0.546169839525688,-0.3114633263425429,0.6367492768546901
1000,530,-0.5436057892206532,-0.2478721128492406,0.6049708007094252
1000,531,-0.5732450812267723,-0.28362061631310875,0.6361029655520771
1000,532,-0.5734782626959759,-0.2882268917358415,0.6474535462484399
1000,533,-0.5674369478427422,-0.3007417996795323,0.6513026765269084
1000,534,-0.5488928502977669,-0.30036947078813914,0.6685864812435384
1000,535,-0.570250450387154,-0.3584542650709582,0.7249000815831493
1000,536,-0.5576857253919467,-0.3342206286142413,0.6888888014582858
1000,537,-0.5600734651596894,-0.3410029240824788,0.702049092866888
1000,538,-0.5515220233934826,-0.3605580724149782,0.7255193063714925
1000,539,-0.5728543177857603,-0.2873996152433506,0.6217061962925792
1000,540,-0.5654171446392757,-0.2727080577925984,0.6062399636074586
1000,541,-0.5601220660712523,-0.3258285607145334,0.6650297838990464
1000,542,-0.5522702945959025,-0.3682896579120115,0.7271121149105045
1000,543,-0.5334713782384575,-0.31624194179316173,0.6724054571302434
1000,544,-0.5629722152181488,-0.2721294296174364,0.6285809375870903
1000,545,-0.5666414691925031,-0.31162775619201616,0.6657080261334724
1000,546,-0.5716149606329001,-0.3422968096154379,0.706601312263733
1000,547,-0.5527081659916698,-0.3053533533315717,0.6587568201237685
1000,548,-0.5677188551723353,-0.30222486434353146,0.6699441883498968
1000,549,-0.5382188698039201,-0.2805693330083942,0.6263482186393957
1000,550,-0.5653525885769936,-0.34380683709388954,0.691714586230811
1000,551,-0.5605180623284531,-0.353615393197851,0.7200510556386271
1000,552,-0.5396026930906574,-0.33950055608801216,0.7089591489954845
1000,553,-0.5363989858997942,-0.33017133280155564,0.673788693374919
1000,554,-0.5706108007154408,-0.31544678630359524,0.6681645326534025
1000,555,-0.5316977358422047,-0.31446422779879896,0.6566391354226566
1000,556,-0.536876621211117,-0.27965900397213994,0.6336933275663883
1000,557,-0.5433455124128463,-0.31730808622890355,0.6787139910914454
1000,558,-0.5647498944565151,-0.31971586300968435,0.6659058253386684
1000,559,-0.5463445235462181,-0.25395048607788545,0.5993469899409468
1000,560,-0.5597151824548622,-0.282540856777155,0.6386618132652033
1000,561,-0.5495218128455492,-0.29373928873239247,0.6611806913647085
1000,562,-0.5453710674051078,-0.30489788940181367,0.6410307674019762
1000,563,-0.5488961112491075,-0.2926925052392755,0.6452638231755831
1000,564,-0.5437576073431634,-0.3013468919810663,0.6495095816800641
1000,565,-0.5335024124517855,-0.3132896764695005,0.6716355895407191
1000,566,-0.5450054560630921,-0.32808464842195495,0.6920124568610305
1000,567,-0.548880348678229,-0.27082432249231986,0.6206635002689311
1000,568,-0.5509769678754056,-0.30409891937329975,0.6680297338881847
1000,569,-0.5475237956423293,-0.28989963666153334,0.6271813079498231
1000,570,-0.5401906290092051,-0.29701120993365326,0.64597791132293
1000,571,-0.5657267620068024,-0.36882591511400403,0.7381059962160528
1000,572,-0.5562736803349219,-0.2958100532220701,0.6353984077097574
1000,573,-0.5467130609436112,-0.2953084973204568,0.6362726453455875
1000,574,-0.5266824987938008,-0.3222140470527606,0.6738858202572852
1000,575,-0.5327195415709304,-0.2964741851014405,0.658887002800831
1000,576,-0.5376619876880719,-0.3140332925401142,0.6546320123600938
1000,577,-0.5435926198526462,-0.2578576282184169,0.589744224232083
1000,578,-0.5812407998166187,-0.306553425972893,0.6700020454917741
1000,579,-0.5704236700268442,-0.3005719992461408,0.6577147761844699
1000,580,-0.5567522096732294,-0.3190757493935459,0.6819825165926942
1000,581,-0.5682831940763571,-0.3547935057282901,0.6991269655661075
1000,582,-0.552532569965889,-0.3200673102298111,0.6638400004661312
1000,583,-0.5375801592974124,-0.3543725851166967,0.6948811867652859
1000,584,-0.5543164325498224,-0.31331483636134205,0.6643891049251688
1000,585,-0.5608023146422665,-0.30658172026768776,0.6813771668989725
1000,586,-0.5509935154119583,-0.2905913246422895,0.6125910663295401
1000,587,-0.5388953672637953,-0.29497462931912183,0.6412300057440636
1000,588,-0.5651696648808713,-0.3079505704946978,0.6638187367396212
1000,589,-0.5491486436579375,-0.311384085648265,0.6661144677286432
1000,590,-0.5701660277000149,-0.33492002077742794,0.7000560199949887
1000,591,-0.5397677738173451,-0.29218180154516343,0.6456054254430765
1000,592,-0.5700244021727883,-0.3297653077804669,0.7017232010263835
1000,593,-0.5390467338521361,-0.31132880907787297,0.6548307724853921
1000,594,-0.5394314122441295,-0.318551735893067,0.6682637350344434
1000,595,-0.5471256788352499,-0.2990120734612466,0.6711903797483358
1000,596,-0.5665135078966803,-0.3013833386626126,0.6551398217074664
1000,597,-0.5531027863501824,-0.33668910065460345,0.718990321525252
1000,598,-0.5503321690977151,-0.3213195221133869,0.6755828547545535
1000,599,-0.5662630913331207,-0.29793900105467774,0.6282445353991994
1000,600,-0.5299366100764676,-0.2988132440489022,0.6328123339583828
1000,601,-0.5780671410764127,-0.33502760743263205,0.6769979471745886
1000,602,-0.5536360851141986,-0.30736690009649187,0.6594320734837497
1000,603,-0.5590283820803715,-0.34443798490422506,0.7084865097012268
1000,604,-0.5436317156095142,-0.28778635949855125,0.623377387690165
1000,605,-0.5411241532649186,-0.32656912373582264,0.6898189163919396
1000,606,-0.5708563171902241,-0.36205839089367026,0.7408158867611465
1000,607,-0.5751995438078892,-0.3375253492254706,0.6860327977439133
1000,608,-0.5599688807745746,-0.3252133696732713,0.6799610105078329
1000,609,-0.55203831511505,-0.2715610922867584,0.6070992919549305
1000,610,-0.5560080508856795,-0.3212034218058776,0.6717876591419759
1000,611,-0.5648041464284632,-0.31121237805939744,0.6702397907870371
1000,612,-0.542465232722185,-0.2846476378597008,0.6330288744179087
1000,613,-0.5552832275034392,-0.31151568384829215,0.6519371646958996
1000,614,-0.5516543345240412,-0.31357852919895857,0.6857628288733596
1000,615,-0.5291809862669528,-0.33668365358362706,0.6880181504108425
1000,616,-0.5447831144007729,-0.3459573568510639,0.6835629836256393
1000,617,-0.5580241805302619,-0.3045918632848,0.6428113825493585
1000,618,-0.5593291449183837,-0.2929564380576451,0.6372671665301421
1000,619,-0.5742883016691243,-0.3396882684922582,0.7024199677356436
1000,620,-0.5347075110576766,-0.31834311026894846,0.6750099180984487
1000,621,-0.5378600395357429,-0.2954448102380618,0.6442158621085077
1000,622,-0.551785859897858,-0.3206424094725654,0.6868856355439977
1000,623,-0.5542748694001318,-0.3287451543189261,0.6717609289947979
1000,624,-0.5457714880475213,-0.30969750353991043,0.6631139323416422
1000,625,-0.5331430666300704,-0.3283296891026186,0.6687469374242072
1000,626,-0.5604810549726684,-0.2872650047625012,0.6331698419904223
1000,627,-0.5534382841231849,-0.3074646010178197,0.6460427800007912
1000,628,-0.546134677529222,-0.34413815486970284,0.7133663622196557
1000,629,-0.54058017133536,-0.3264868283064909,0.657920822717103
1000,630,-0.5561599963669683,-0.27252440759060653,0.6282283206337895
1000,631,-0.5588182892357996,-0.30659267777290794,0.6812370453830889
1000,632,-0.5614663469650674,-0.33990930550442067,0.7136119848827989
1000,633,-0.5459681548210822,-0.26040107536702894,0.6010945880360649
1000,634,-0.5634575118624942,-0.3194223886154398,0.6717388402240813
1000,635,-0.5730328742449495,-0.3160336679209114,0.6763444588935318
1000,636,-0.5686132708486588,-0.264722597677177,0.6274320244987194
1000,637,-0.5548922796904319,-0.3066610773534055,0.6571943889531795
1000,638,-0.5638706623406973,-0.3178832939281007,0.6834819944443862
1000,639,-0.5707582385762515,-0.3274424288695475,0.7028281863795565
1000,640,-0.5247182605659053,-0.29551219037495946,0.6393971339289943
1000,641,-0.5568622781336079,-0.30120370693643217,0.659334360895987
1000,642,-0.5652317057988092,-0.3247031547578788,0.6872259247180299
1000,643,-0.5670256514833538,-0.33129502484056206,0.7007936878289496
1000,644,-0.55165641139715,-0.25437239829480196,0.6052580767384304
1000,645,-0.5748274240907818,-0.28875903937720104,0.6505980290977018
1000,646,-0.555209483143911,-0.3301357676641041,0.6883869458516214
1000,647,-0.5561260049509956,-0.3079807182704702,0.6828053284801823
1000,648,-0.5449562475842766,-0.3142164929996326,0.6812695137523026
1000,649,-0.5542888604133869,-0.32597112272109396,0.6791519256583468
1000,650,-0.563850062332816,-0.2979067197813641,0.6579501822076076
1000,651,-0.565264745757537,-0.31486137637812717,0.6549457565798161
1000,652,-0.5748505863180307,-0.3084592967564749,0.6755899093609868
1000,653,-0.5540872971940259,-0.27582310811838695,0.6095095491811187
1000,654,-0.5431163607280318,-0.28743120236852326,0.6394609874656881
1000,655,-0.5556136691249924,-0.2611513315896252,0.5986390351688791
1000,656,-0.5587018129864085,-0.3135834708043315,0.6667737242605072
1000,657,-0.5624069859098546,-0.29842188155768207,0.6372750347317149
1000,658,-0.5526879575001717,-0.29985179043054466,0.6649428697426608
1000,659,-0.5683295183392147,-0.3293171041702887,0.6939143189656966
1000,660,-0.5605109419815746,-0.2986423622122705,0.6619158989131363
1000,661,-0.559583099485094,-0.28495600875168836,0.6455631757583606
1000,662,-0.5526420518814524,-0.34588710802184625,0.6871213457698429
1000,663,-0.548457813292156,-0.300728081709957,0.6465263035639613
1000,664,-0.5302618541457003,-0.33803560702704766,0.6692992214457435
1000,665,-0.5876674373866613,-0.3449984195634451,0.71375279295587
1000,666,-0.5423437699301072,-0.2669432343478364,0.6086727531293997
1000,667,-0.5952588149273259,-0.3307902136101356,0.6904982051712205
1000,668,-0.570327022662533,-0.30129471910161315,0.6608042792735535
1000,669,-0.5415640409694658,-0.25649594155571537,0.6022847468250703
1000,670,-0.5516952038272043,-0.2845083146309652,0.6393482201187949
1000,671,-0.5609793860590769,-0.30783241995816746,0.6690309478083686
1000,672,-0.5402711030803543,-0.3142031801290891,0.6640012705235336
1000,673,-0.5259332906785579,-0.290447978085919,0.6410498544910302
1000,674,-0.5677350443751201,-0.35013183653786417,0.7049929011522988
1000,675,-0.5733759865824858,-0.2686960518286954,0.6442365004591585
1000,676,-0.5591372094467167,-0.30141125053983725,0.6483702662096136
1000,677,-0.5524640629504776,-0.32820934322376266,0.6844915217060652
1000,678,-0.5460321843975804,-0.3154709269799468,0.6829314442838721
1000,679,-0.565603907647369,-0.3282762459940349,0.6666858600947928
1000,680,-0.5364060565434825,-0.2856762860732427,0.6453837245808638
1000,681,-0.5396640566586959,-0.3190906707334475,0.6690996778799915
1000,682,-0.5556456293877128,-0.3175177072196279,0.6593522417973715
1000,683,-0.5458818726568947,-0.29680004550918826,0.6740543268006639
1000,684,-0.5466896872362177,-0.34127853820250165,0.7155031383276635
1000,685,-0.5412646360927504,-0.25154248605678714,0.5758015046632787
1000,686,-0.5642562783408674,-0.3081643183787902,0.6437291316868287
1000,687,-0.5639868141938453,-0.3408916122568937,0.7188762072524765
1000,688,-0.5573028799601978,-0.2932003713442335,0.6412208081928694
1000,689,-0.5750752735345144,-0.372674996583867,0.7278767669292344
1000,690,-0.5488396631338334,-0.36198439831517576,0.748121311633249
1000,691,-0.557920592605098,-0.3039277102401248,0.6730930945425044
1000,692,-0.5654848203559485,-0.28569181390566106,0.6502020286773466
1000,693,-0.5507497246521543,-0.31259592510294115,0.6711712288789979
1000,694,-0.5501295709052114,-0.26327883003834074,0.6115922707779667
1000,695,-0.5443783938425045,-0.2722868298676661,0.6463439344643479
1000,696,-0.5808663063187528,-0.2972032514952122,0.6551706701500704
1000,697,-0.5306082799190671,-0.28396342354125725,0.6244163009384915
1000,698,-0.578180171764096,-0.3206773993821506,0.6806984133471446
1000,699,-0.5608769250314449,-0.33606704993603104,0.7051648490471544
1000,700,-0.5643860339383492,-0.29428752355374854,0.6582890449984375
1000,701,-0.562128102167454,-0.30452341116102116,0.6741981558239133
1000,702,-0.5727852747107463,-0.3046740009932215,0.656128864445692
1000,703,-0.5610797375456579,-0.28259991189667616,0.6279460163623243
1000,704,-0.5670191091730964,-0.3131936687912588,0.6855468402875533
1000,705,-0.569169759912078,-0.26816298667535515,0.6226935706849098
1000,706,-0.5798475443445146,-0.2824373075224088,0.633320731472341
1000,707,-0.5405014982240741,-0.326688238107394,0.6752606109123298
1000,708,-0.5397724879668191,-0.340623354998557,0.6952561103674282
1000,709,-0.5382848510037429,-0.27072072932598173,0.6259881097622177
1000,710,-0.5751228466514441,-0.2781796489248624,0.6328112214344319
1000,711,-0.5635105715035047,-0.30545347207392,0.6517918973459456
1000,712,-0.5601203990960647,-0.27752183893929105,0.6285641097945905
1000,713,-0.5400094925177704,-0.3294939427121825,0.6933752144552483
1000,714,-0.54666325713043,-0.34727337555873256,0.7139579621050072
1000,715,-0.5640119237533388,-0.33758956542015356,0.695840470709404
1000,716,-0.5501719473395933,-0.30259374675743406,0.6695182463615015
1000,717,-0.5574702117520333,-0.31174229453303764,0.6664998055304843
1000,718,-0.5684303204761239,-0.3137134134978469,0.6640134235116744
1000,719,-0.5534269847971963,-0.299889188842132,0.6283350845770435
1000,720,-0.5649894124786118,-0.3132734411972141,0.6769020313663148
1000,721,-0.5494668823948591,-0.31353829823740936,0.6634461062587742
1000,722,-0.5505150417138933,-0.33953882061348906,0.7038311536827014
1000,723,-0.5531018123527768,-0.3455058601798976,0.7072348399847771
1000,724,-0.5432250360590354,-0.3251800191857134,0.7067244604692139
1000,725,-0.5549802012591303,-0.3175297441231883,0.6687166508656381
1000,726,-0.5495791327722901,-0.3156388912140159,0.6867813946606337
1000,727,-0.5600237214793878,-0.31008406678836004,0.6697621048878185
1000,728,-0.5432116648323153,-0.2521862096021582,0.566424698149432
1000,729,-0.5706633965314545,-0.3273630781467946,0.6972439534082838
1000,730,-0.5471006027323044,-0.2775543588050426,0.6396842259168591
1000,731,-0.5632393254198883,-0.3414577923865437,0.7069875767805082
1000,732,-0.5449564572079897,-0.31642400695101053,0.6829696221041398
1000,733,-0.5742358692595546,-0.31618063156696397,0.659911597439021
1000,734,-0.5700623361367563,-0.3404588279793001,0.7148773097606183
1000,735,-0.5396849673445774,-0.3178975210611399,0.6796910139614322
1000,736,-0.5598248464786756,-0.3596763956909604,0.7096910749758787
1000,737,-0.5632169815759039,-0.33101143205232836,0.6832119535569322
1000,738,-0.5458622876032937,-0.2977773264575298,0.6674730966455327
1000,739,-0.5676645063661636,-0.3362575371653673,0.6886292145710263
1000,740,-0.5490880263602924,-0.2935672967328786,0.6540900645123966
1000,741,-0.5541163627913315,-0.31853064443125145,0.6785817411894788
1000,742,-0.574094595792781,-0.3021333736410648,0.6525667555466065
1000,743,-0.5710971869890529,-0.32537768185585003,0.6815192473939178
1000,744,-0.5588633842057654,-0.2992773889287325,0.6534569628149768
1000,745,-0.574085637894063,-0.2937539636154528,0.6232604558055459
1000,746,-0.5520477545459281,-0.2536982952494151,0.5954585956824096
1000,747,-0.5244469002957229,-0.38754518438126156,0.7320517076039375
1000,748,-0.5504893745629048,-0.2993749565222373,0.6635656844481925
1000,749,-0.5795090737337584,-0.33728067055762767,0.7180183223960382
1000,750,-0.548080847576391,-0.3301828407314811,0.7039308245208403
1000,751,-0.5520592978203678,-0.2888365037877162,0.66422996581602
1000,752,-0.5494088229981718,-0.31906819215628807,0.6892370512899154
1000,753,-0.5360882347970819,-0.296538368639882,0.6585858676666235
1000,754,-0.5618017030234499,-0.3321811869902201,0.6963917994449261
1000,755,-0.5387999190263255,-0.30748368974472884,0.658027019732136
1000,756,-0.5590583327985633,-0.34421601061932433,0.704891617029393
1000,757,-0.548764066104928,-0.32959028290687087,0.6643162011120697
1000,758,-0.5436479424795362,-0.30763821540064107,0.656304806755824
1000,759,-0.5547440308839142,-0.28525549260371125,0.6529347576784519
1000,760,-0.5433134036053223,-0.24438572207744352,0.5809858089656482
1000,761,-0.5466376534174323,-0.30362495889990493,0.659062010993526
1000,762,-0.551367538036134,-0.288010782956683,0.6255954613420042
1000,763,-0.5382780548595256,-0.30614912267391464,0.6522808667940996
1000,764,-0.548094539519708,-0.2620818666119883,0.6135312081908666
1000,765,-0.5629031770703636,-0.3133561822892858,0.6872847695252104
1000,766,-0.5680537613256827,-0.3764023594899039,0.7418808967868201
1000,767,-0.5509923324014767,-0.2999099471013709,0.6468485812369074
1000,768,-0.5433116457535718,-0.284352206629155,0.6290023400987103
1000,769,-0.5606762702944089,-0.32025321500276965,0.6742144051967497
1000,770,-0.53781837123294,-0.2922570868102466,0.6481955107936075
1000,771,-0.5575301383894179,-0.2936575640992148,0.6593979165482896
1000,772,-0.5406120454708023,-0.3130990099143363,0.6668485856230553
1000,773,-0.5443697145225055,-0.298041117838386,0.618795763801817
1000,774,-0.5348625265923364,-0.30781335113676844,0.6621864583823057
1000,775,-0.5551507619432243,-0.31988168091419567,0.6689502788992537
1000,776,-0.5473850789310181,-0.2949754520808668,0.6620560064181887
1000,777,-0.5849771716746716,-0.26146249586298764,0.6277982973061488
1000,778,-0.5847641008788838,-0.3458285644111403,0.719962798921976
1000,779,-0.5524734428923739,-0.30621459938493534,0.677326863213477
1000,780,-0.558330538830895,-0.32799762515791964,0.6957307421166873
1000,781,-0.5641025433294781,-0.27931435858171694,0.6352201845011857
1000,782,-0.5445271718609258,-0.32755698489794133,0.6644348521886161
1000,783,-0.5259501461675358,-0.26473798720153907,0.603247299682043
1000,784,-0.5409766071812536,-0.29446365321411283,0.6343208874473846
1000,785,-0.5513909306952728,-0.33214540160141537,0.6927963812124939
1000,786,-0.5562605945710125,-0.3281675277259509,0.6975962715088756
1000,787,-0.5511932206601515,-0.280349617735851,0.6191974277168534
1000,788,-0.5545347446754668,-0.3151377854687529,0.6708540301282817
1000,789,-0.5615927314201323,-0.32757896133802533,0.7038676438642953
1000,790,-0.5251109328323345,-0.30470499363965997,0.6610952756997903
1000,791,-0.5572566472397184,-0.32701840978960517,0.6937396150861996
1000,792,-0.5555000238391009,-0.28808053499248837,0.6376908124247596
1000,793,-0.5575737868479317,-0.2933651100942769,0.643088372361322
1000,794,-0.5675461246479864,-0.3269345670282587,0.6930926464533675
1000,795,-0.5525795700678051,-0.32884995563278463,0.6772464976950333
1000,796,-0.5544453163777204,-0.27566580669404955,0.6394493847933352
1000,797,-0.5576886109846068,-0.3038268146142672,0.6638451660876089
1000,798,-0.5566056652813605,-0.30106177959190217,0.662573729123224
1000,799,-0.5429432732361837,-0.3376569662947114,0.6977767501097022
1000,800,-0.5207490623997203,-0.29074700049685487,0.6120806662274415
1000,801,-0.5556026696191461,-0.3021378381049069,0.665288409412369
1000,802,-0.5645783546675793,-0.2827734586294017,0.6399251336088688
1000,803,-0.5496478675894395,-0.3270851872804745,0.691012443356919
1000,804,-0.5750330709012131,-0.28678705850042086,0.6271427546029923
1000,805,-0.5510345882538,-0.3387950931228783,0.6832395473572344
1000,806,-0.5480027977490275,-0.32299772271709054,0.6881217428755919
1000,807,-0.5895526984129047,-0.3335720279641941,0.686014705545577
1000,808,-0.5459902164942009,-0.3140727780572823,0.6742653827644195
1000,809,-0.5598148843172288,-0.2960162644148382,0.6336460309307447
1000,810,-0.5665944991696852,-0.3129437410214644,0.6722721857781008
1000,811,-0.5499556853916812,-0.3161478450812089,0.6591000852493581
1000,812,-0.5362558517777727,-0.33835006070380075,0.6992022195535952
1000,813,-0.53994125514015,-0.3248610038230203,0.6870308278494813
1000,814,-0.5498371955128377,-0.3498356467453825,0.7285186057943344
1000,815,-0.5605924288251647,-0.32524696394827324,0.6728968824882126
1000,816,-0.5759770628035953,-0.30202604862145277,0.653188316522155
1000,817,-0.5466038292464259,-0.28121351762125596,0.6105019974395526
1000,818,-0.5513186959103422,-0.28933983484312936,0.6465762082558059
1000,819,-0.5361793439820506,-0.32997370382828045,0.6816647002667662
1000,820,-0.554917552830809,-0.29747681869898523,0.6583313698031551
1000,821,-0.54470026319815,-0.26226188261930516,0.5918894867871212
1000,822,-0.5524245508416769,-0.3220305542373359,0.6930603035343716
1000,823,-0.5592435643256507,-0.30498407262560956,0.6403074369408511
1000,824,-0.557548271890749,-0.3094936834132094,0.6591793000359151
1000,825,-0.5633283976749358,-0.32526961259826415,0.6791811524441266
1000,826,-0.5382249964710346,-0.3302159784819599,0.6914674177114628
1000,827,-0.5491605271972547,-0.2581989849715419,0.6009205065185677
1000,828,-0.561978825427579,-0.2957200992875174,0.6233286819012179
1000,829,-0.5521292341770859,-0.27986108391563874,0.6229945027703366
1000,830,-0.568088959865241,-0.3097146748326555,0.6731309899085066
1000,831,-0.5457610462139625,-0.339718011353908,0.6842526997377686
1000,832,-0.5442572713830833,-0.33037739382814496,0.7049213398081676
1000,833,-0.5584833953305183,-0.3382131439586781,0.7011736264954805
1000,834,-0.5563272634631816,-0.31282044130285935,0.6589724796490953
1000,835,-0.5416396656606643,-0.3461334031261066,0.7119332015491756
1000,836,-0.5312116414939096,-0.2949516969173013,0.6364933329351
1000,837,-0.5637785807000522,-0.3296976051485712,0.6757227732653054
1000,838,-0.5566520850928529,-0.3253555332718833,0.705081832814916
1000,839,-0.530437250886099,-0.31621059941672514,0.6667436363603294
1000,840,-0.5504274481985507,-0.3045899350930174,0.6612798941996563
1000,841,-0.5496520288959602,-0.3226156010051215,0.673542012494593
1000,842,-0.5549933898328189,-0.31520855555176885,0.6700301354510174
1000,843,-0.5496726262982676,-0.31496531791813154,0.6504740659554109
1000,844,-0.574704915077977,-0.34503521499824374,0.7028762949997038
1000,845,-0.5613637938296541,-0.3010222373045082,0.6446510726330967
1000,846,-0.5744402017971388,-0.29993609757834117,0.6469232791883726
1000,847,-0.5724567300805447,-0.31950608599860686,0.6794392683758456
1000,848,-0.5580920552394777,-0.3139076306916815,0.6678660214263129
1000,849,-0.558910424193469,-0.36836242637475997,0.7633163260393793
1000,850,-0.5486750411043375,-0.3019544506296293,0.6434386516600553
1000,851,-0.5618443879452538,-0.3138882541334657,0.6740556716850198
1000,852,-0.5588870985134206,-0.33662892403931316,0.6821038150586027
1000,853,-0.5593498959586328,-0.33932064585089877,0.6863310361645437
1000,854,-0.6055724020714213,-0.3148306703499552,0.661264443944761
1000,855,-0.5387178856561522,-0.30500237648823875,0.6540973773357328
1000,856,-0.5532688263138759,-0.25448098934747815,0.6086054541208147
1000,857,-0.5484285438565613,-0.27704631473789176,0.6202522724093475
1000,858,-0.5446196412464742,-0.2938357589460121,0.6542842844260206
1000,859,-0.5292623589251438,-0.33060687583038356,0.6805644676015251
1000,860,-0.5740633619384475,-0.3110413159477229,0.6729918886391731
1000,861,-0.5381058776847079,-0.27023515452447744,0.6428951560403388
1000,862,-0.5814729122920163,-0.3129496933965544,0.6834796690429391
1000,863,-0.5481371283574717,-0.2530382205038858,0.6122599776209315
1000,864,-0.5693588454044144,-0.2980178723610769,0.6428411762859765
1000,865,-0.5648237464506235,-0.30428086357728257,0.6603293190022197
1000,866,-0.5450509868553298,-0.3049008664017116,0.6414574914320004
1000,867,-0.5697075925750703,-0.33869836687456695,0.6994452233093358
1000,868,-0.5569829798448442,-0.3344549645813659,0.6797346085421525
1000,869,-0.5447381784375027,-0.2871666652766247,0.6411533219705999
1000,870,-0.5306012210014238,-0.30458105343436215,0.6432680677897334
1000,871,-0.5667523360980904,-0.3282879048906975,0.6876521653002565
1000,872,-0.5597256766890464,-0.2957353897782807,0.6786992082315372
1000,873,-0.5429491019324079,-0.3726056792494965,0.7504572965098077
1000,874,-0.5455812762954703,-0.3302008116161707,0.6964662282650103
1000,875,-0.5757130196380054,-0.2597365963110699,0.6100751945459578
1000,876,-0.5549204201275427,-0.31628101203114706,0.6518222452699813
1000,877,-0.5669015062176247,-0.28601737458227233,0.648442696891213
1000,878,-0.5414716058717862,-0.3424207125291644,0.7002724659402015
1000,879,-0.5588574409556801,-0.2756521398898732,0.618020340949579
1000,880,-0.5511488896690042,-0.29929983566689355,0.6350641334673544
1000,881,-0.5412594242993374,-0.322080200864429,0.6750600515899133
1000,882,-0.5384753487383145,-0.29062764080776465,0.6404107397619373
1000,883,-0.54920433396991,-0.25416844497090546,0.6046822421291929
1000,884,-0.5628580097493612,-0.26190466975921356,0.614833572807759
1000,885,-0.5549135549406186,-0.287672862786285,0.6310946324633268
1000,886,-0.5407987559913787,-0.30659999452508724,0.6621310537429363
1000,887,-0.5515657850019521,-0.301501209399934,0.6529005909967006
1000,888,-0.540359776142616,-0.3115630517034736,0.6581409475913591
1000,889,-0.580626036922583,-0.327750925129406,0.6832409745952601
1000,890,-0.5619265719687809,-0.2997620357583635,0.6607426490269801
1000,891,-0.541127263313507,-0.3164767540477058,0.673006831717339
1000,892,-0.5472095685974984,-0.32114571271149717,0.6622450480128922
1000,893,-0.5660773335480287,-0.3139619118542019,0.6678700650463134
1000,894,-0.5733150373262119,-0.305541238088229,0.6669089831184517
1000,895,-0.5319338741924867,-0.30303452420573,0.6477749915631884
1000,896,-0.5620308210776409,-0.3315877856999992,0.705935898994097
1000,897,-0.5659634981160656,-0.33995933260724176,0.7051180169661512
1000,898,-0.5269180038625929,-0.3055550307481011,0.6347119471274802
1000,899,-0.5359409179134255,-0.33652621172605046,0.6663392370393625
1000,900,-0.567832946564419,-0.3411500632307496,0.7167766044351582
1000,901,-0.5467825230436874,-0.3070434935558732,0.6523160651687404
1000,902,-0.5549134752385537,-0.3142359860792845,0.6584898524551562
1000,903,-0.5460510730179717,-0.30585978365500505,0.6798954997000787
1000,904,-0.547888746874228,-0.30718864303456683,0.6719852990278513
1000,905,-0.569747032733661,-0.2701749532428925,0.6201281844327508
1000,906,-0.5633896048669741,-0.307042239943099,0.64961654716336
1000,907,-0.5503063925638432,-0.2892163789561016,0.6615913826813843
1000,908,-0.5401409334930111,-0.2723165317752339,0.6235319643813411
1000,909,-0.5463706258504528,-0.3176489091505316,0.6711215607179173
1000,910,-0.5437521643133422,-0.280915002460032,0.6473616660907944
1000,911,-0.5618414720501643,-0.31983418295429644,0.679465122125938
1000,912,-0.5671574235523105,-0.31696644119479755,0.6734291694611025
1000,913,-0.5517335316517104,-0.3243344936581271,0.6858366438012696
1000,914,-0.5382325274688189,-0.312085232468508,0.6753053241095672
1000,915,-0.5527802052914287,-0.30968533850765706,0.6620402390574216
1000,916,-0.5535947845532614,-0.31954703922649036,0.6651408696263628
1000,917,-0.5417248600909136,-0.36294105910731134,0.7306386526151103
1000,918,-0.551229544844689,-0.2940286604988609,0.6616245481512186
1000,919,-0.5793731500772322,-0.28553803374528336,0.6416440200699224
1000,920,-0.5565318777750918,-0.3195790072891262,0.6833005518138675
1000,921,-0.559034221727343,-0.29438354789295584,0.6379220374803867
1000,922,-0.5368283826196069,-0.334506942768997,0.6661042154642915
1000,923,-0.5364184630188867,-0.36748500207727647,0.7280575047606159
1000,924,-0.5550812428999485,-0.30925769798022174,0.645430208805196
1000,925,-0.5682392128160256,-0.32890185950590084,0.6946635934980644
1000,926,-0.5607865683281518,-0.33129313999344145,0.6864554076293865
1000,927,-0.5501421333417625,-0.27073712801609223,0.616596344715091
1000,928,-0.5500938091836081,-0.2906047080462429,0.6406564330506389
1000,929,-0.5361822294720073,-0.2881422105365806,0.6505489939519491
1000,930,-0.5797576900659889,-0.29842965215829953,0.655038037695108
1000,931,-0.5575994739434187,-0.33232753201636434,0.6805094108199267
1000,932,-0.5605231309429455,-0.32239849063631076,0.6620248194572796
1000,933,-0.5424270785532271,-0.3753364392313539,0.7437231561220519
1000,934,-0.5482703331432718,-0.2813337684545458,0.6278781766786315
1000,935,-0.5383161508444955,-0.3118240976875843,0.6434175888468671
1000,936,-0.5193507570362852,-0.33302102912042986,0.6931753431411463
1000,937,-0.5620589417466156,-0.2800472664466174,0.6214053084335772
1000,938,-0.5521908829318796,-0.28910464915480727,0.6408301016666391
1000,939,-0.5498861914709855,-0.29822232031317414,0.6362783533439311
1000,940,-0.548642024786689,-0.23264560799282463,0.5719290765160661
1000,941,-0.5801777888008333,-0.2795827101735127,0.6355159188215539
1000,942,-0.549989542265676,-0.31252860142063527,0.6663286659836459
1000,943,-0.5448884536335148,-0.3368683629334518,0.704464754094275
1000,944,-0.586986012076015,-0.2702278654133052,0.6147337861047173
1000,945,-0.5541754144062006,-0.27082032978058507,0.628332969597016
1000,946,-0.5597259031622713,-0.3350701918608925,0.6904855374987382
1000,947,-0.5587697606784867,-0.30114518961086345,0.6292031480153373
1000,948,-0.5526169743190552,-0.30745500488536215,0.6602940243706431
1000,949,-0.568888448354923,-0.32155253262465494,0.6873762967734421
1000,950,-0.5617516562679228,-0.30319827891277124,0.6529315113740938
1000,951,-0.531670995149,-0.30746709261901567,0.6454244727867193
1000,952,-0.542085740740219,-0.3349145885311897,0.7000754198172128
1000,953,-0.5574689975716516,-0.298827336610862,0.6427779562656996
1000,954,-0.5570204980672394,-0.29484357605131056,0.6481606055484354
1000,955,-0.5443762005763858,-0.2812127786887994,0.6305420770352068
1000,956,-0.546656220548491,-0.2607175745464727,0.6049246444046326
1000,957,-0.5548601205036875,-0.3246733745791353,0.6648533801870399
1000,958,-0.5585858261494399,-0.30986032089927085,0.6705806524638915
1000,959,-0.549564194444438,-0.2765416393578224,0.6269822991038034
1000,960,-0.5493082712267239,-0.3194252146376054,0.6688927224979573
1000,961,-0.5565860893622975,-0.3079778832358336,0.6393419326371602
1000,962,-0.5657014454528795,-0.3361583489525963,0.7104938250950231
1000,963,-0.5597235115784476,-0.3344648838762457,0.7099415811993658
1000,964,-0.569248618586852,-0.29694388907564445,0.6543204061381722
1000,965,-0.5612357815066072,-0.27692695307218,0.6410545282904347
1000,966,-0.5736642027498747,-0.3177103117379797,0.661837051704644
1000,967,-0.5447364840179837,-0.2978405411318348,0.6299125015268607
1000,968,-0.5594715785241227,-0.35384763506493694,0.6964609344249792
1000,969,-0.5498558384826475,-0.2663492548062059,0.6031862556902893
1000,970,-0.5470166130899543,-0.32526114361463176,0.6708982443626011
1000,971,-0.5507193594533969,-0.3078442489875299,0.6606709559749453
1000,972,-0.5596324131690942,-0.2835574905430697,0.624943350377195
1000,973,-0.5507491290528752,-0.33341577565246877,0.6891644518712786
1000,974,-0.55612936288595,-0.28633425410569713,0.6481535377380858
1000,975,-0.5418308015762914,-0.354708470991735,0.717327689251864
1000,976,-0.551113241557358,-0.3492772836592793,0.7436867117366627
1000,977,-0.5618908811900111,-0.320347879091569,0.6910079745006826
1000,978,-0.5622229473126013,-0.29338370635977595,0.6406212705174813
1000,979,-0.5685284419658865,-0.31548706486240224,0.6589558580859011
1000,980,-0.560341994323378,-0.26873135482663524,0.5968112514628917
1000,981,-0.5593516747013383,-0.2579440971830316,0.6137042479223014
1000,982,-0.5480913971742163,-0.34088121876403016,0.68656613503382
1000,983,-0.5651546871205242,-0.3281729167390416,0.6774382786122826
1000,984,-0.578513503310341,-0.3074717033067593,0.6833227182535461
1000,985,-0.560301705856429,-0.28047874284586716,0.6405400391896621
1000,986,-0.5618370128024178,-0.32733540469486283,0.7067667985573431
1000,987,-0.5774310853110414,-0.3134474364773615,0.6560804364902685
1000,988,-0.5587011539559231,-0.3001634854361094,0.6461826160175808
1000,989,-0.5369808702299745,-0.2772465198070591,0.6480897045842855
1000,990,-0.5469410190009696,-0.2765427340431452,0.6235396020314757
1000,991,-0.5551415769568155,-0.3377454000046443,0.6922766173363397
1000,992,-0.5484013427794736,-0.3310847976105228,0.6743549835156656
1000,993,-0.5525784156523749,-0.2858611950469863,0.6632031291239394
1000,994,-0.587258158132087,-0.33326997017221754,0.6944831911807355
1000,995,-0.558946393323102,-0.33373728668827335,0.6882700970072883
1000,996,-0.5496134089962138,-0.3350282108499568,0.6962205872585856
1000,997,-0.545852427775976,-0.30112373155732675,0.6680744735806607
1000,998,-0.5606096183488958,-0.3442117458448294,0.7195070956577269
1000,999,-0.5555724677452157,-0.36580095231952314,0.7298175588121332
2000,0,-0.5112499244712575,-0.2966288294497215,0.6664875567850849
2000,1,-0.5122373224042043,-0.22918821699135128,0.5875574725537474
2000,2,-0.5147197645114703,-0.28897262856970757,0.6432701086290347
2000,3,-0.5263256559136886,-0.2977081917058844,0.6717812209864817
2000,4,-0.5237236286566382,-0.3037237445284242,0.6682859265433325
2000,5,-0.4857027528149461,-0.27666877471876916,0.6611116480971457
2000,6,-0.5379294267419461,-0.2998185876579996,0.6786886142680263
2000,7,-0.50836969870032,-0.27047497312819396,0.6544572170498545
2000,8,-0.5441076530120792,-0.3164273665886238,0.7051356567413635
2000,9,-0.5042880757864701,-0.2921148599987137,0.6680694542581379
2000,10,-0.5284227922878777,-0.31182596906385446,0.700502358699543
2000,11,-0.5389788198717897,-0.3192266994587121,0.7302709943908291
2000,12,-0.5127157074306476,-0.29674496318616506,0.6723588188230519
2000,13,-0.5094191977375512,-0.3024282464534816,0.6670548380374655
2000,14,-0.5434306821298426,-0.3291812551048355,0.7147560599315214
2000,15,-0.5220127968248489,-0.3191422700187145,0.7108916707153126
2000,16,-0.5396196135819139,-0.3553551217846154,0.7598183652740609
2000,17,-0.538727565343641,-0.2851900499017255,0.6555931441306988
2000,18,-0.5272147558119862,-0.33244200648891276,0.7209341254059958
2000,19,-0.49694966344955116,-0.29501740543826294,0.6542474230733992
2000,20,-0.5188744787137809,-0.2683540554992593,0.6441705664952506
2000,21,-0.5015787540148631,-0.30020570942738817,0.6584792509161209
2000,22,-0.5276877621271687,-0.2906513811108261,0.6533213390382292
2000,23,-0.5393160316111787,-0.2947811011438553,0.6718848098773519
2000,24,-0.5170057052023087,-0.3035529702378238,0.6636896224677448
2000,25,-0.49897983863276685,-0.29329109886539223,0.6454015871065799
2000,26,-0.49404601977575163,-0.29215137712401645,0.680207890655135
2000,27,-0.5074711956405717,-0.2679848722958802,0.6270398679405905
2000,28,-0.514906447932465,-0.3528827837731246,0.7748161224810726
2000,29,-0.5328548858194752,-0.2847750191105122,0.6760536251018371
2000,30,-0.5097758307626434,-0.29325599592631907,0.6488621473012666
2000,31,-0.5425090775360895,-0.2967392138383859,0.6887196050220697
2000,32,-0.5168657446997953,-0.32576710675743964,0.7049560951201614
2000,33,-0.535722617058393,-0.25391742125349726,0.633744567470293
2000,34,-0.524515318472395,-0.24874843596528232,0.6285402789801156
2000,35,-0.4972516314273654,-0.3165444096015941,0.7008610605167589
2000,36,-0.48170341147043616,-0.27558655416940664,0.6273913800362035
2000,37,-0.5229108416625518,-0.30695702623675947,0.6773841552977565
2000,38,-0.5097038087254293,-0.24820490245708668,0.6333723623840513
2000,39,-0.5077300340738599,-0.2975743496743188,0.6841851210069413
2000,40,-0.5193431442652072,-0.30258193289912544,0.6779950610514854
2000,41,-0.5042491120253019,-0.24172030222657626,0.6111593749958899
2000,42,-0.5323152917889296,-0.31699941867310205,0.6961039969777655
2000,43,-0.5018617497134226,-0.29858959027205473,0.6736595783552933
2000,44,-0.5430606372718365,-0.2929242925254831,0.6735100673334008
2000,45,-0.504855999440892,-0.3526641518172636,0.7334314199909134
2000,46,-0.49570274907056433,-0.278230836012679,0.6430086365547656
2000,47,-0.5134004218150124,-0.3433947010969157,0.7203400213397563
2000,48,-0.5186143988062009,-0.27751193234259786,0.6617138847840774
2000,49,-0.5149907176800556,-0.30306610960513497,0.6709942957727064
2000,50,-0.5220251781548993,-0.26457235530462875,0.648790040617327
2000,51,-0.4997812102113695,-0.2943235038680855,0.66010338563858
2000,52,-0.5264490764541792,-0.3025876737497245,0.6750510572145321
2000,53,-0.5113323514427686,-0.25433580697340513,0.6364081859343216
2000,54,-0.5095841006405284,-0.29672987273699086,0.6722401975506139
2000,55,-0.5050410473559084,-0.2980812022346373,0.6841003306539188
2000,56,-0.5273336952169405,-0.2778382539090227,0.6564592187917826
2000,57,-0.5237552647923382,-0.26938350364818464,0.6307268006741842
2000,58,-0.5150501206094521,-0.30416467454082474,0.6866806901488409
2000,59,-0.5363132422440879,-0.2536092027410247,0.6228094579324372
2000,60,-0.49027458344936126,-0.2362800701019549,0.5800967216265405
2000,61,-0.5228153242179775,-0.3001531726504209,0.6852185105188345
2000,62,-0.52288158808213,-0.2777282814846409,0.6680575740755426
2000,63,-0.5057799820753769,-0.28322617153470014,0.663677710259982
2000,64,-0.5063596148279712,-0.31117568666941053,0.684101297419732
2000,65,-0.5176207226248613,-0.3378680549705389,0.7198562396671352
2000,66,-0.516964957623641,-0.3145040415420214,0.6964249366501304
2000,67,-0.5042489541678954,-0.2780308490416283,0.6379891760913765
2000,68,-0.4887144346324125,-0.2877523343785799,0.6608339458639189
2000,69,-0.5081805091022832,-0.31223000085751074,0.672360026730257
2000,70,-0.5243123222589751,-0.262232080064045,0.6368369773428874
2000,71,-0.5374138154262098,-0.2972313828684383,0.6798843643855945
2000,72,-0.5138060738505114,-0.2778591304355499,0.655767409274742
2000,73,-0.5324019814624403,-0.3445429157879748,0.7268601671393469
2000,74,-0.5164448323327921,-0.32796986257699684,0.6998751984240649
2000,75,-0.5347838656560853,-0.2867822737065531,0.6924529260495921
2000,76,-0.5037593704723154,-0.23686941073191523,0.6286598658910992
2000,77,-0.49937347171116314,-0.3062173867318828,0.6579388597172924
2000,78,-0.49485806832225343,-0.36159764842997566,0.7269240625465018
2000,79,-0.5174651434387716,-0.30601513689966625,0.6759332503745312
2000,80,-0.5265314938506401,-0.32457998526981074,0.7192411153816363
2000,81,-0.5186645021497909,-0.27481485784894794,0.6271100238773649
2000,82,-0.5364336079151879,-0.2909889096240921,0.6557969106776195
2000,83,-0.5304717515838688,-0.2911523700326968,0.6844677572680965
2000,84,-0.5250250682025717,-0.3428361923317193,0.7265062910386626
2000,85,-0.5077867518861662,-0.30982220871031285,0.6822751207002431
2000,86,-0.5113093325808491,-0.3213887834855406,0.7216288071405674
2000,87,-0.5367878296507387,-0.3127136046630236,0.6727590207356592
2000,88,-0.5092487539664293,-0.29301681676132424,0.6646660088187629
2000,89,-0.5329783450079354,-0.3163100920103612,0.6866776140357849
2000,90,-0.5162325157508503,-0.2646755536089169,0.6198091715212072
2000,91,-0.5139649939007122,-0.2703605548682701,0.624295198034606
2000,92,-0.5358699314996657,-0.30108607573382606,0.688988847062585
2000,93,-0.5204743706021135,-0.2957433520941017,0.6872059294370974
2000,94,-0.5031132925476041,-0.34209818744210063,0.7240209323402605
2000,95,-0.5078740418501688,-0.3351979966403143,0.7099705546791345
2000,96,-0.5195506491786216,-0.31952114359091144,0.7088644560254956
2000,97,-0.5099726225486665,-0.2784365560772634,0.6694105359718043
2000,98,-0.5245381608300645,-0.2999600288033876,0.6533203942571032
2000,99,-0.5214311302386354,-0.2659992181472919,0.6521324983155485
2000,100,-0.5266772403696209,-0.2695920627905253,0.6288783577457339
2000,101,-0.5171515329562191,-0.2717492701292841,0.662932470817108
2000,102,-0.5533412400650274,-0.2570972104569063,0.6670762406803605
2000,103,-0.5115823064024017,-0.2397037125109247,0.6140042244460137
2000,104,-0.482296273233106,-0.23775010626519114,0.5890597726023119
2000,105,-0.5082553860665439,-0.29259673425830635,0.6751372053164975
2000,106,-0.5041430271123172,-0.3652453158226183,0.7554248138062407
2000,107,-0.5542968552374277,-0.253937951156379,0.6170648775499326
2000,108,-0.5297340163267451,-0.2655281369476029,0.6369042868458235
2000,109,-0.5327535678862791,-0.33554904357731946,0.6974952534057741
2000,110,-0.5483449326416052,-0.2687215803142876,0.6368330871526701
2000,111,-0.5180375077149061,-0.2643667584504784,0.6317309603470342
2000,112,-0.5134778989963039,-0.29795679264245883,0.6810913687105021
2000,113,-0.4977434470353147,-0.32334652001724523,0.7353915364749564
2000,114,-0.5246555034249727,-0.23707457437727303,0.5886328448331056
2000,115,-0.5401984446510077,-0.2680087124665837,0.6445393537748814
2000,116,-0.5106608700279797,-0.36300262376163533,0.764113926250052
2000,117,-0.5064722344601651,-0.28883224199465196,0.6596079724305777
2000,118,-0.510093417365786,-0.3157307957203594,0.7103409117550581
2000,119,-0.5067687482077198,-0.2474250799566182,0.6150732383234708
2000,120,-0.5226359147234739,-0.3328888510716792,0.729135023273076
2000,121,-0.5180735490650917,-0.32811132507648827,0.7097756498370285
2000,122,-0.53150323283985,-0.35319698445682673,0.7391784082608727
2000,123,-0.5045631873357969,-0.29141863514595434,0.6710776319205686
2000,124,-0.527798145845394,-0.3301302938162856,0.7118922666061455
2000,125,-0.5106445775944665,-0.34147788455027595,0.7551834995467575
2000,126,-0.5070664521784611,-0.2956456964182615,0.672543156743508
2000,127,-0.5131377076769355,-0.27465810596680995,0.6401807485036437
2000,128,-0.5127490453457931,-0.3327103451605235,0.7249536872968005
2000,129,-0.522560295557434,-0.29748314266176495,0.6987133948977898
2000,130,-0.512392892852354,-0.336739956821758,0.6984040050101206
2000,131,-0.5418281398531435,-0.2797831305945497,0.6526724686873507
2000,132,-0.5158189724285982,-0.30140662964775683,0.6840001776512357
2000,133,-0.505358707443738,-0.30667436827149247,0.6545285700422693
2000,134,-0.48454135636850515,-0.27262612670334346,0.6478539585820134
2000,135,-0.5195930302060361,-0.28146026975022465,0.6475756557908174
2000,136,-0.5040077136534238,-0.3207691400984553,0.7130299861940627
2000,137,-0.5467502277828594,-0.3071684502172292,0.6891745751402173
2000,138,-0.520974799929258,-0.296312288032335,0.6555973635540738
2000,139,-0.5079724011572531,-0.2462749428177488,0.5968646274189414
2000,140,-0.514578070704604,-0.3058381060725455,0.6813422349337511
2000,141,-0.5345033548145491,-0.31692050003246214,0.6910066482350025
2000,142,-0.5052251078765998,-0.2780795680136719,0.6605366596342322
2000,143,-0.5167391283541976,-0.2664888752360976,0.6651775421996275
2000,144,-0.5049557004589551,-0.26075973098357563,0.6143686223708477
2000,145,-0.5136869820059045,-0.2726376112703876,0.62648123193408
2000,146,-0.5205519384865571,-0.2979669262677098,0.6661408625345726
2000,147,-0.4873118799832617,-0.36064287541635487,0.7568702469969039
2000,148,-0.5205913930825561,-0.313851327135308,0.6849398343619446
2000,149,-0.5171337389102426,-0.298885946080486,0.6865369260940776
2000,150,-0.5358372727445149,-0.31185876845406296,0.6949310178884515
2000,151,-0.5117204889936138,-0.29843501077300655,0.6724884660679704
2000,152,-0.5234925739498676,-0.26756798557369477,0.6373702417899705
2000,153,-0.513390859746345,-0.33581543290999466,0.7496083170197201
2000,154,-0.5065436193458703,-0.31841370004989034,0.6913214700061111
2000,155,-0.49664768175834656,-0.2879462820987068,0.6783913150198971
2000,156,-0.5337232196910956,-0.31622470561710414,0.6888716138489308
2000,157,-0.5147018444606318,-0.309006512175217,0.6880483097127622
2000,158,-0.5018856989294563,-0.27949057459130827,0.6575509137865867
2000,159,-0.505591155796165,-0.31369405174064674,0.6755643756989168
2000,160,-0.5047542869727599,-0.26721943597568437,0.6174955491090006
2000,161,-0.508486462944865,-0.35277091558246804,0.726708123204746
2000,162,-0.5133678093726273,-0.3229259790449139,0.6820908859547677
2000,163,-0.5277867681013924,-0.289688308373392,0.684977698024738
2000,164,-0.498049241612194,-0.2616135873406291,0.6277865489263911
2000,165,-0.5151775029513634,-0.248221626979727,0.611004200440953
2000,166,-0.5405400571636313,-0.31455118049339886,0.6694867436691
2000,167,-0.5091050887011928,-0.2878412290433349,0.6813522842393678
2000,168,-0.5572197103210403,-0.36207757620712405,0.7667602490882752
2000,169,-0.5358587308144197,-0.34191389722442145,0.723464141003534
2000,170,-0.5322831091195096,-0.30364968210667953,0.6544325819831094
2000,171,-0.5572214492773206,-0.33067979371506134,0.7235421359236907
2000,172,-0.5116432732245362,-0.25135705826295784,0.5977420088713465
2000,173,-0.5251109883376526,-0.25260660625380493,0.6332085883337848
2000,174,-0.48712527564763924,-0.30870966471901723,0.6836763132753987
2000,175,-0.5091357008894879,-0.32700540221602986,0.7057222741120355
2000,176,-0.5256321776773003,-0.30407656544621364,0.6800171553903305
2000,177,-0.5204760330489914,-0.2973213414423158,0.6668926580632372
2000,178,-0.5328626443550735,-0.3232712377440824,0.7199786953253703
2000,179,-0.5044257254394584,-0.3017686214870947,0.6768460386501688
2000,180,-0.5113898794968377,-0.2532218708457306,0.6191051931136426
2000,181,-0.508067495531528,-0.30769139986752003,0.6871818734290849
2000,182,-0.5299776846752995,-0.3172519668484417,0.7158400301023983
2000,183,-0.5126010807774218,-0.26405536755578957,0.6445056055160793
2000,184,-0.5282661737779302,-0.2533930910259336,0.6411250141737073
2000,185,-0.5071093202247885,-0.2795077847010252,0.6680336109082313
2000,186,-0.5238769352585644,-0.2896180427736737,0.6636171181038609
2000,187,-0.5183901384912257,-0.28790672559462194,0.6747685551819174
2000,188,-0.47282393430868447,-0.31540082647305645,0.6896077649882368
2000,189,-0.4937768738059976,-0.2775601437862184,0.6172948914412806
2000,190,-0.5167275661014954,-0.3020481266912612,0.6624359304404984
2000,191,-0.5218835015411596,-0.3329488892152177,0.7053713218364998
2000,192,-0.5362561644694994,-0.2892935841853906,0.6609538126715642
2000,193,-0.5192517950322884,-0.34587574819974537,0.7407558128504415
2000,194,-0.5207531921251431,-0.2596972619109463,0.6359888742581202
2000,195,-0.517130840107592,-0.2731377373451712,0.6270811601839312
2000,196,-0.5245408235623619,-0.29860101285574825,0.6941016667993712
2000,197,-0.5042354937280447,-0.31951687549163743,0.686066902522452
2000,198,-0.5191217597151978,-0.3057400687605438,0.7100470033671201
2000,199,-0.5162472802764311,-0.29100867478705333,0.6572415855676059
2000,200,-0.5288609642919648,-0.30243088973473753,0.6929888584686735
2000,201,-0.5263034355830851,-0.3107641179938466,0.6806976647730238
2000,202,-0.5079415645740276,-0.28356580394829156,0.6761684568141376
2000,203,-0.528634063044272,-0.2706622585991651,0.6289451404057479
2000,204,-0.5095321085990564,-0.2711404091028043,0.6600114724022862
2000,205,-0.5286356323834618,-0.28023018508407394,0.6479868554914752
2000,206,-0.5392118079812137,-0.2697618420428236,0.6511233714534141
2000,207,-0.500797503867007,-0.22747702134308834,0.5957811647121584
2000,208,-0.5073682617079626,-0.2811787215949009,0.6377869756864737
2000,209,-0.5052969045594452,-0.2723772433672908,0.629668177999882
2000,210,-0.5217338141093294,-0.2877932457824514,0.6571924187025032
2000,211,-0.49863060406289783,-0.2547457074288846,0.6188933904605171
2000,212,-0.5087518441264122,-0.3426825135231282,0.7333795939679607
2000,213,-0.527191169389136,-0.31265612549749144,0.6961013671457397
2000,214,-0.5580107430988748,-0.27853686677190753,0.6607086989154596
2000,215,-0.5055152561001575,-0.3337565426538102,0.7126188339432948
2000,216,-0.5018779872858256,-0.2813467184412589,0.6755262085024921
2000,217,-0.5335578769576036,-0.25898010934515997,0.6111736972239642
2000,218,-0.5274193534261314,-0.3407432215153151,0.7238184995426612
2000,219,-0.48383348990678393,-0.2919497880344057,0.6497769586574981
2000,220,-0.5251096515190181,-0.3326027102211965,0.718407474082898
2000,221,-0.520153854211536,-0.3049714074198196,0.6835329422802668
2000,222,-0.5266896516204578,-0.255821249668381,0.6247299069183443
2000,223,-0.5572472944385575,-0.3252485912480372,0.70809859684487
2000,224,-0.5326364926782803,-0.25136324397136184,0.6027788369039396
2000,225,-0.5172870357142394,-0.35791149957207175,0.7203127024962296
2000,226,-0.5382796121624399,-0.31562249203723564,0.7074828762830241
2000,227,-0.5588868583554734,-0.29380009392676715,0.6475303918641907
2000,228,-0.5263757054862872,-0.3041595617236939,0.6792355221849958
2000,229,-0.5101371587618753,-0.3331792082958796,0.7206129248761183
2000,230,-0.5265900064971395,-0.24141743977931088,0.5944313050097225
2000,231,-0.5389057316451796,-0.2767607335815812,0.6337015295531023
2000,232,-0.5272560294658235,-0.2984441896853183,0.6687864891705527
2000,233,-0.5240818081715105,-0.34634794412471004,0.7103637392938491
2000,234,-0.5464739471596248,-0.2609340850545859,0.6455910223912317
2000,235,-0.5100892465326681,-0.3059296646355937,0.7077349208761627
2000,236,-0.5011253122315398,-0.2850560556752066,0.6583686407954705
2000,237,-0.5270854989900278,-0.31247919343735087,0.7005340397626855
2000,238,-0.490259782409842,-0.3240128117746738,0.7030063326186149
2000,239,-0.5066413358524964,-0.2633773243170491,0.6401083966090424
2000,240,-0.5265937206104697,-0.2735360484342902,0.6570278474670251
2000,241,-0.5496118144887401,-0.3652225484376232,0.7535150329817528
2000,242,-0.5290692119392844,-0.2633473728828223,0.6439566627101142
2000,243,-0.5080059257895354,-0.334200424815753,0.6903488337067504
2000,244,-0.5160513104850359,-0.26826623013746287,0.6380930806801723
2000,245,-0.5154812211523017,-0.28519252129252304,0.6396935796788323
2000,246,-0.5090006215921707,-0.29323067926668206,0.6737370553594998
2000,247,-0.5356498283686508,-0.2624784251350226,0.6515107642546435
2000,248,-0.4937684239321734,-0.26848986650087986,0.6488856995996581
2000,249,-0.5391755563845965,-0.2861214222133975,0.6842295435728766
2000,250,-0.5079277581955796,-0.27311584390588467,0.651159389868128
2000,251,-0.5217977841859227,-0.3152416175085492,0.7001199361628958
2000,252,-0.5067405685049098,-0.26155695276564345,0.625416460963527
2000,253,-0.49825461253912817,-0.23960236082600128,0.6208774760155932
2000,254,-0.531274027820401,-0.29961523793564954,0.7012633456659867
2000,255,-0.5102576382387031,-0.28504837904184976,0.6518987092018041
2000,256,-0.5284596439001342,-0.2820759232774079,0.6681741357805876
2000,257,-0.5213466932735658,-0.3295113183748304,0.7097835305176926
2000,258,-0.5075357828102518,-0.37171262455657217,0.7722484433438146
2000,259,-0.5243348870577752,-0.3039656208915563,0.6819134299611073
2000,260,-0.48264068829817725,-0.28257123660529593,0.6728352089580912
2000,261,-0.5150553510589745,-0.3148860447794537,0.6893546865296157
2000,262,-0.5251448985653484,-0.26541760172881845,0.6646295022442564
2000,263,-0.5235583166694104,-0.3249221823981907,0.694957720906628
2000,264,-0.5335110934471221,-0.3316374320671171,0.7118134734871963
2000,265,-0.5077441844989229,-0.2859928955959554,0.6694445541521452
2000,266,-0.5189453714738437,-0.2887208354397775,0.6569099483464529
2000,267,-0.5105421651700944,-0.2968136451163924,0.6665026292795484
2000,268,-0.5227226358825552,-0.2693002326979756,0.6443050878928727
2000,269,-0.49365211899847716,-0.3015552083490851,0.6742257228736607
2000,270,-0.4941090511159003,-0.2874494269681807,0.6520246743560943
2000,271,-0.5196874006074359,-0.24134957663534945,0.6120987733080673
2000,272,-0.4971315394755008,-0.2770726592342207,0.6257240116832251
2000,273,-0.515088587287232,-0.29060418287205714,0.6666026489801045
2000,274,-0.4878096192974856,-0.3261949267727234,0.6938874472331511
2000,275,-0.4981686409291547,-0.2800034493392978,0.6420354071941741
2000,276,-0.4820106503407338,-0.2930496184662032,0.6577084250613009
2000,277,-0.49789939201949707,-0.2974743110481452,0.6709930669176573
2000,278,-0.5087880824106965,-0.26901154741647365,0.6377562590224624
2000,279,-0.5054505355780808,-0.2733459878944745,0.6704269971709819
2000,280,-0.53869295685424,-0.29225624842262776,0.6500289535472543
2000,281,-0.5089349457060778,-0.28753726556403036,0.6660724120553366
2000,282,-0.508839071086725,-0.25883540590007836,0.639678079698595
2000,283,-0.526054340203659,-0.3146456989302185,0.7035594186063537
2000,284,-0.5408606077484259,-0.29539961126686304,0.6757972963633431
2000,285,-0.500381876702627,-0.22923136840064764,0.6014613411506983
2000,286,-0.5066275143419515,-0.2828638740346888,0.6496640931522089
2000,287,-0.5124375562207386,-0.3059125923052921,0.7023114890954335
2000,288,-0.5249285627800747,-0.3299347633313928,0.7145408071440501
2000,289,-0.5172336748838846,-0.2778423773229942,0.6360503527402291
2000,290,-0.5452228280986864,-0.3115796904495656,0.6879465162265027
2000,291,-0.500354336372711,-0.31403904204955074,0.6652293634494467
2000,292,-0.5154097164041535,-0.2816910862540407,0.6521204750618439
2000,293,-0.5194291690308234,-0.25460047567904237,0.6398751359691391
2000,294,-0.5206152533125036,-0.2678794660913961,0.6267067461946956
2000,295,-0.5254682787699403,-0.30119999533631153,0.6824523932454413
2000,296,-0.5076694934113987,-0.3135514173091145,0.682795910038554
2000,297,-0.5299230320418897,-0.28916916613282695,0.6641872939598841
2000,298,-0.5172526424716308,-0.2900294353564099,0.6639716013749076
2000,299,-0.5416149902196747,-0.30263493765567895,0.6780814951292415
2000,300,-0.5008280969658225,-0.2718433715558153,0.6433075557613601
2000,301,-0.4949483715909504,-0.2955347162276156,0.6696219454630865
2000,302,-0.5280363567467331,-0.2706977978331735,0.6695081870017301
2000,303,-0.5230125224599262,-0.2911453001956844,0.6425728300606055
2000,304,-0.534902262965909,-0.3357365025779376,0.7248380248579347
2000,305,-0.5111009181215882,-0.325315372148492,0.7210064240802313
2000,306,-0.5229890533852805,-0.2795482161232667,0.6637068783849519
2000,307,-0.507013751971612,-0.3151948485027036,0.6719716415558834
2000,308,-0.5259168468160452,-0.24730768851767915,0.6337060952692022
2000,309,-0.5656220280828979,-0.29711452546021166,0.6367033488119491
2000,310,-0.5189451295444902,-0.25205361136031734,0.6331743653875572
2000,311,-0.53076119626287,-0.24678652971856513,0.6069985682473661
2000,312,-0.5251270437089033,-0.273097801698967,0.6620971647325429
2000,313,-0.5246351753781651,-0.25412233206910373,0.6195003182058118
2000,314,-0.5103007225434636,-0.28456085654924257,0.6747187173072354
2000,315,-0.4990239996002427,-0.3050493250194026,0.6724980728366423
2000,316,-0.5359975825875126,-0.27951049553632673,0.6692986672135726
2000,317,-0.5604352611354637,-0.2885127163713423,0.6594275072796981
2000,318,-0.5131909419000066,-0.3032657202311603,0.6833396589300645
2000,319,-0.542428793526784,-0.28346665804253585,0.6681329896599992
2000,320,-0.5113306150249045,-0.29234662642936166,0.646484748529922
2000,321,-0.49211259149811726,-0.3193187788103052,0.6786598545895117
2000,322,-0.5446951007675702,-0.29738835582454004,0.6781479468178319
2000,323,-0.5156734956312138,-0.34635332776848066,0.7301448191251115
2000,324,-0.49268527263802386,-0.2979954779358922,0.6570141836972152
2000,325,-0.5355488894852003,-0.2895533322322723,0.6736599404205345
2000,326,-0.5262574884642158,-0.2795579368441414,0.6422616526420263
2000,327,-0.5375666823511815,-0.32526033808011273,0.724924519183698
2000,328,-0.5470248943513372,-0.3208620952645432,0.6981412745846304
2000,329,-0.4904840039528568,-0.32769947607045197,0.7194006801727678
2000,330,-0.5384359669850416,-0.2978793155374897,0.6567936503362842
2000,331,-0.49063004892535694,-0.29975362855819365,0.660808824716016
2000,332,-0.5512675706499218,-0.30197231853050405,0.6772246626716764
2000,333,-0.5192060974081074,-0.24786085250268192,0.6022357544637782
2000,334,-0.5006293967874429,-0.2782052174614248,0.6383217950252634
2000,335,-0.5171447878934461,-0.3115774025321044,0.7010403665264644
2000,336,-0.5303451699471097,-0.34102069412855435,0.7169760634201351
2000,337,-0.5239505577929615,-0.301444053927197,0.6829914951540575
2000,338,-0.506956484038972,-0.292507339745546,0.6701582340377291
2000,339,-0.4916763855946985,-0.2974510232221764,0.661530638270082
2000,340,-0.5033098309495295,-0.27615999671585667,0.6414769355391401
2000,341,-0.501190117222942,-0.34567244277310283,0.7525284096376789
2000,342,-0.5238496058860473,-0.3034602006423488,0.6799056509604746
2000,343,-0.5104940504559049,-0.2659027009905997,0.647050386526291
2000,344,-0.5476075922039095,-0.29598166004862764,0.679643743106719
2000,345,-0.5081413771592119,-0.2424465954700037,0.6106188490158142
2000,346,-0.5203326240280786,-0.27024897298619965,0.6638572246514203
2000,347,-0.49588771309941726,-0.314290703651538,0.6914800537147929
2000,348,-0.5190451681279866,-0.29829579588493166,0.6659636457603669
2000,349,-0.5210809133853014,-0.2938313522945128,0.6714433215227887
2000,350,-0.5181872209558243,-0.2982852959986529,0.6850786646749223
2000,351,-0.5206981543949015,-0.23649716922207423,0.6153601452355504
2000,352,-0.5253701884256219,-0.2663540803630033,0.6321804294842368
2000,353,-0.5274993500292308,-0.2732520711322477,0.6359150910702758
2000,354,-0.542212913764645,-0.2800676000572709,0.6389264660494974
2000,355,-0.5136128912583269,-0.29361586858749755,0.6624125465586318
2000,356,-0.5177395370420639,-0.320210949352157,0.6758241130275394
2000,357,-0.5066119884342903,-0.2741649257476176,0.6484130251823124
2000,358,-0.5341095883558787,-0.28878915689399315,0.6626875397397446
2000,359,-0.4997156810327445,-0.30401781246407383,0.6832633294061622
2000,360,-0.5261366491581636,-0.30283356793766875,0.6859897046996707
2000,361,-0.5279002168088891,-0.2743987783817473,0.6585070110937473
2000,362,-0.5123283351844713,-0.31357184060756993,0.673939170776509
2000,363,-0.5052755616611935,-0.30219664570134974,0.6904780352621043
2000,364,-0.5299011119379481,-0.2800549849008863,0.6501566300129107
2000,365,-0.5143959584820057,-0.332509173601173,0.7216693506099764
2000,366,-0.5187572546479386,-0.2748914074486331,0.6651164885271948
2000,367,-0.5123277411561399,-0.30453492457918646,0.6882566524210798
2000,368,-0.5105888315297431,-0.325929970011876,0.6757813074893877
2000,369,-0.5111630914367155,-0.32591088738876645,0.7013499944740715
2000,370,-0.52128746831673,-0.3246021862373112,0.7111998647654617
2000,371,-0.5353697725459624,-0.33283182576931825,0.6952657415610173
2000,372,-0.5119319235756248,-0.33743172040407726,0.710646469395009
2000,373,-0.482220198027571,-0.27697802598106575,0.6521685463800169
2000,374,-0.5340515824645593,-0.27734315427313744,0.633595076429047
2000,375,-0.5353127702474676,-0.3407646854229048,0.6998193414079118
2000,376,-0.5346761989539843,-0.2864733790352808,0.647312522759408
2000,377,-0.5031361077763961,-0.2887130255619594,0.6606092545009419
2000,378,-0.5199653846335822,-0.2534676597287745,0.633491784425371
2000,379,-0.5340329356035427,-0.33640883569726054,0.71434170612347
2000,380,-0.5151632476255547,-0.2894795353819572,0.653847623491478
2000,381,-0.5178404660470973,-0.32070499042180334,0.7146165596815589
2000,382,-0.524971701812542,-0.29141252267066076,0.693382029386234
2000,383,-0.501235708605102,-0.25895559634659876,0.6116766071508507
2000,384,-0.5278355419013452,-0.2801167932356306,0.6587378637979459
2000,385,-0.5085481943120684,-0.30477982609810905,0.6858643529035274
2000,386,-0.5294523315620057,-0.2778036150170026,0.6336376130662851
2000,387,-0.5096720636588392,-0.29354687095785864,0.6540069169964332
2000,388,-0.5148384342367356,-0.3049666336378053,0.6732017841916544
2000,389,-0.507497863173573,-0.25203776922419585,0.5944211005758481
2000,390,-0.5426875917693788,-0.2455780128602664,0.5894869670326904
2000,391,-0.510777880842418,-0.2745750725303309,0.6486594864403917
2000,392,-0.5334594785954654,-0.3483428644324328,0.7154665534366526
2000,393,-0.524725105952327,-0.2700078675203834,0.6294635105281196
2000,394,-0.52053798502559,-0.3377159433109783,0.7364568931223879
2000,395,-0.5225819428730129,-0.3117745501716362,0.6917017366696988
2000,396,-0.5113762006129939,-0.3062623159830183,0.6716332272079453
2000,397,-0.5325945689452147,-0.31031797235711606,0.6821955843864921
2000,398,-0.524389897016581,-0.2966430411819225,0.6711144906367286
2000,399,-0.5047398507393778,-0.2683743980260445,0.63890662047994
2000,400,-0.5110209317991202,-0.34770817053440245,0.7078500726575175
2000,401,-0.4954982036774649,-0.27543498816438616,0.635746718852713
2000,402,-0.514797384911368,-0.36020140978635057,0.7345113077093804
2000,403,-0.5512127621953204,-0.2910695174693179,0.6864801615425379
2000,404,-0.5587934691896183,-0.21154162940628518,0.5709785456315856
2000,405,-0.5198959937077325,-0.3252683704977387,0.6814680489994108
2000,406,-0.5149778457706466,-0.25563041860416086,0.6165377310579297
2000,407,-0.5011783464035968,-0.30483223870456844,0.6833169134669597
2000,408,-0.5395306935388255,-0.2768602910170727,0.6564011168015181
2000,409,-0.5181384897343849,-0.30600112649493055,0.6838892566053607
2000,410,-0.5141257831239855,-0.2887250274373274,0.662545802436957
2000,411,-0.5139279782568879,-0.31317227068877956,0.6727574611151814
2000,412,-0.5155093240522299,-0.33151371210602537,0.7233786207920029
2000,413,-0.4776571813448566,-0.2602801935369725,0.634256441918153
2000,414,-0.5144340917318311,-0.326172384797044,0.6902124829627144
2000,415,-0.5459850207803174,-0.29583888513868395,0.6764601249292559
2000,416,-0.5240258122680381,-0.33743051205421504,0.7195394055223026
2000,417,-0.5355726279013375,-0.3257602442866179,0.6937806584897714
2000,418,-0.5173482708122124,-0.32969748273814103,0.6925398424876014
2000,419,-0.5210920754958083,-0.2803405514078455,0.6269992108813406
2000,420,-0.4947938729986365,-0.2679114491019527,0.6327526986813578
2000,421,-0.5339514546831898,-0.3345172792456443,0.7092560548795027
2000,422,-0.4926449540255059,-0.25650787889232507,0.6396704581174413
2000,423,-0.5208115658544079,-0.3092179303882084,0.6761320086446978
2000,424,-0.5279011983588227,-0.28608889203551424,0.6631115059548393
2000,425,-0.5281666825527833,-0.30600062118574084,0.6753655300037585
2000,426,-0.4812307090928357,-0.27357969404134175,0.644324743486401
2000,427,-0.5202770906489732,-0.29737022291155085,0.6954597995879388
2000,428,-0.5306292646942387,-0.32113266428655735,0.7151234924632105
2000,429,-0.5178072609462774,-0.25496766050904346,0.6232674970288319
2000,430,-0.5252683290006048,-0.31332774809955666,0.6895423275257261
2000,431,-0.49296403902002583,-0.3035270847584013,0.6678494828390277
2000,432,-0.5098899554809866,-0.24734376320203846,0.6064277976582609
2000,433,-0.5288074970295584,-0.325911921012629,0.7124262605734889
2000,434,-0.512466564180293,-0.2614786976345029,0.6426797336715019
2000,435,-0.5464839569035463,-0.2946671004709203,0.6760492459513943
2000,436,-0.5059745892599532,-0.28581196303667555,0.6649248400385296
2000,437,-0.5131196203033725,-0.31413557209797566,0.6882621784060657
2000,438,-0.5058437186919446,-0.3002399594024864,0.661440450624275
2000,439,-0.5466981875286655,-0.30554653299295526,0.6945747024237791
2000,440,-0.5454739860507272,-0.2616547572534792,0.6199325599044981
2000,441,-0.5076670581981539,-0.2389613592548882,0.6054757192720709
2000,442,-0.5299760131472155,-0.3770159631464618,0.790779781734467
2000,443,-0.5088072230132833,-0.24850214896025627,0.6145932668039533
2000,444,-0.5259490363887127,-0.3182996954247855,0.7151393390158076
2000,445,-0.49554941346952464,-0.27687962847293984,0.6377816973316126
2000,446,-0.5198571851414652,-0.270195294892264,0.6405085918994057
2000,447,-0.5149252425783976,-0.30393409798084714,0.6840217423094397
2000,448,-0.5176927507936886,-0.2731022103277758,0.6249301545685205
2000,449,-0.5240523945986207,-0.28743068027567725,0.6798307320044731
2000,450,-0.510081244163881,-0.3195358612645267,0.6956523005595128
2000,451,-0.5075699940731924,-0.3647533582983297,0.7670570448144591
2000,452,-0.5427112293631614,-0.334253529194664,0.7161683681346733
2000,453,-0.5039084737121673,-0.318629709933618,0.6966686484666468
2000,454,-0.5363354836406213,-0.27819596653027395,0.65433731463332
2000,455,-0.5187271930430928,-0.3067139652718553,0.6886445715527703
2000,456,-0.5027929320741684,-0.3106830592535981,0.6702974545765238
2000,457,-0.5012680910505292,-0.3031881325924871,0.6629827667146081
2000,458,-0.5182135579876214,-0.2895607813183689,0.6549147197292782
2000,459,-0.5010656967782363,-0.25719490186220234,0.6201068738256137
2000,460,-0.5047435200743423,-0.31159797278141804,0.6891515116991083
2000,461,-0.5037813132428419,-0.23132731930671266,0.6014064867650517
2000,462,-0.5221698453455434,-0.2799574018623012,0.67254463736955
2000,463,-0.5129965552514937,-0.251415209692636,0.5960936908011942
2000,464,-0.5094926803021427,-0.285028637432217,0.6471701058402127
2000,465,-0.5465929337209503,-0.33685329706884554,0.7454635354576611
2000,466,-0.49705398297964676,-0.3231984207917909,0.7147148974021541
2000,467,-0.5195221993300014,-0.3064730378411055,0.6956393390964195
2000,468,-0.5307093620540949,-0.2973413804904654,0.6674629119701304
2000,469,-0.5290028716644068,-0.2924163296470213,0.6495969719810487
2000,470,-0.5425296199860211,-0.2810595502710148,0.6775899456437291
2000,471,-0.5525698663018355,-0.276238259284368,0.6601369589791756
2000,472,-0.5190299274753774,-0.2670922475348886,0.6247650362052543
2000,473,-0.5224494349345767,-0.32768977576397684,0.7211613354286025
2000,474,-0.539423310593213,-0.32611488559604973,0.7036619866338119
2000,475,-0.5147026711247058,-0.30540757023550885,0.6680977197264353
2000,476,-0.5114501022447191,-0.3189996704015395,0.6724034838133519
2000,477,-0.49955030072736684,-0.2743028209748889,0.6491887761214483
2000,478,-0.5311386005647295,-0.22356767174466718,0.5759097669144894
2000,479,-0.49681954487103747,-0.31193237046326944,0.6851050676475537
2000,480,-0.5310581497944298,-0.2691787172812754,0.678843187112987
2000,481,-0.49804767249468007,-0.3209373598431162,0.6903692548308269
2000,482,-0.5307790563036462,-0.30006429976381055,0.6940272780866569
2000,483,-0.5398635837058918,-0.2991280900803195,0.6734804701098869
2000,484,-0.5333930162366946,-0.3189009901303399,0.7042396178339458
2000,485,-0.5442015445187742,-0.28131921417312983,0.6578218990270602
2000,486,-0.5030831701198631,-0.29199476678338926,0.650144731898306
2000,487,-0.5077883710331021,-0.3044692456814659,0.7188301020768308
2000,488,-0.49777787930924516,-0.2720120249967218,0.6387741127429213
2000,489,-0.5005768487367027,-0.278173774175696,0.6660795152043765
2000,490,-0.5093550566034906,-0.3266364131629877,0.6842015390011768
2000,491,-0.5249257943172978,-0.2953683556838335,0.6700468699569646
2000,492,-0.5192775069579671,-0.29659692077626837,0.6775813735409283
2000,493,-0.5019253993202715,-0.3510337055258883,0.7387725947600042
2000,494,-0.5093838005311211,-0.2860329430769685,0.6492133165226815
2000,495,-0.5005643723266534,-0.3098263493822752,0.6875304056095017
2000,496,-0.5014279793325321,-0.31272056126871545,0.7028763841275767
2000,497,-0.5375216711773947,-0.3061609021174522,0.6736219109196517
2000,498,-0.5138064584132542,-0.2925308109489963,0.6706177358975876
2000,499,-0.49466357160640984,-0.3470804258065995,0.7118349774224613
2000,500,-0.5089469473644492,-0.3209463086450489,0.7023402234571989
2000,501,-0.5103733571409037,-0.26848218318847766,0.6498456696763365
2000,502,-0.5384911876295914,-0.32026952935188147,0.7191037223683274
2000,503,-0.5204259052513958,-0.29069409358888665,0.6670138156996285
2000,504,-0.5081421401445665,-0.2684595286717404,0.6365264892001706
2000,505,-0.5032542908227543,-0.28162999804075,0.655546398092489
2000,506,-0.4844255796323813,-0.3209613312531593,0.6907039489394623
2000,507,-0.5103582425526009,-0.34412644084643046,0.7148754724642935
2000,508,-0.5239967580614122,-0.3138149238216181,0.6819713983365943
2000,509,-0.5186953267904142,-0.2797264599303727,0.6748200172283344
2000,510,-0.5199817703606717,-0.34393868647440307,0.7306437886771346
2000,511,-0.5240700771615778,-0.28601741016341187,0.6479759435613809
2000,512,-0.535332620852818,-0.26302541407790603,0.616420615245513
2000,513,-0.5123931675817763,-0.3261112297914495,0.7095994794535176
2000,514,-0.48424512971723366,-0.28332382059271494,0.6582768953674576
2000,515,-0.5301352726182357,-0.318583573093588,0.706138939928545
2000,516,-0.5225285801043679,-0.32136630770671065,0.7211285011821794
2000,517,-0.506915191774661,-0.342383470445815,0.6955489863938338
2000,518,-0.5313255352319322,-0.266828693018525,0.6266736185533568
2000,519,-0.5120557765680849,-0.23448511930740723,0.6073315215747405
2000,520,-0.5490093352606311,-0.30194756615377805,0.6892707160195714
2000,521,-0.526086819852449,-0.2864627924728935,0.6575713479377644
2000,522,-0.5242007949453893,-0.31992819354573676,0.7130446208923844
2000,523,-0.5187998876021205,-0.29058438244430623,0.6900201033543523
2000,524,-0.5158250801680735,-0.32866178136557034,0.7077950305550317
2000,525,-0.5131421905269726,-0.31889111760424765,0.7120008702693613
2000,526,-0.5022083296104142,-0.26415948941978545,0.6289981765341863
2000,527,-0.5074693645868955,-0.33871090227457645,0.7268501020383963
2000,528,-0.5214580576980308,-0.2703336083260369,0.6515698092801623
2000,529,-0.499369217932087,-0.2770780469492763,0.638817321551034
2000,530,-0.5301306168253567,-0.31769900044644367,0.7051999698214447
2000,531,-0.5171473993188173,-0.3562111345897759,0.7427490675220333
2000,532,-0.5276014444860204,-0.26760675474675916,0.6363765020013791
2000,533,-0.4871558545061691,-0.3692341435957617,0.7285818293675553
2000,534,-0.5296468789083352,-0.2557963440962611,0.6369777232833789
2000,535,-0.5440987576773386,-0.254734444789049,0.6040800583650139
2000,536,-0.5196031929917697,-0.29160704439289103,0.6607490894964325
2000,537,-0.519607139242805,-0.29234199959177676,0.6671602656931298
2000,538,-0.5209228485084578,-0.2741800753317299,0.6283307216859626
2000,539,-0.510420506854623,-0.31203557508490765,0.6831999596249223
2000,540,-0.5277515114171496,-0.2500193154705404,0.6268360312388065
2000,541,-0.5083022078932341,-0.2871615218663328,0.6793983655032355
2000,542,-0.5286760495921029,-0.3290416395992627,0.711843959647901
2000,543,-0.5321386017326524,-0.2811436703723923,0.6548397960008122
2000,544,-0.5371765850664796,-0.3280526076809906,0.7123081461298266
2000,545,-0.5072888788888459,-0.3226566757406588,0.7061494008032614
2000,546,-0.4986915385777999,-0.35051679095382804,0.7479971030273024
2000,547,-0.5162571298386129,-0.25301646804570166,0.6350873192661618
2000,548,-0.514948682688263,-0.28328855012326876,0.6640295782754134
2000,549,-0.5162773458583165,-0.27277622118987893,0.6756666276529483
2000,550,-0.516865573116099,-0.34375867991431397,0.7238352839216702
2000,551,-0.5314210548240768,-0.2802969736270236,0.6482975248416982
2000,552,-0.5214550910166513,-0.32480830032239194,0.7085978485654486
2000,553,-0.5256532924153102,-0.294663514494664,0.645311169139764
2000,554,-0.5428301701496134,-0.3136730321953864,0.7013399037957089
2000,555,-0.526362392384337,-0.31108818291259616,0.7063586221301467
2000,556,-0.5255653134417013,-0.3020151669944698,0.6756269305843038
2000,557,-0.5448439307673472,-0.281728198949196,0.6567932133683985
2000,558,-0.534881503886131,-0.2890988087476981,0.6449530157263158
2000,559,-0.5124385230641326,-0.3275311677678913,0.6876744716818786
2000,560,-0.5424273089392702,-0.30718304740031954,0.6747935586188724
2000,561,-0.5060815785364162,-0.26307523094902113,0.6087962068027525
2000,562,-0.5194011762515333,-0.2890014293706344,0.6694875582002642
2000,563,-0.5311436782528429,-0.3809292456713257,0.7661780619200287
2000,564,-0.46347749099576946,-0.27262344558767676,0.6369238508918492
2000,565,-0.5146900797728073,-0.32829580604978387,0.7093656275880942
2000,566,-0.5235507895847683,-0.30933032687060735,0.6845212681516485
2000,567,-0.5275725776629149,-0.282751102778351,0.6460112388217991
2000,568,-0.519178468090618,-0.2215716819966936,0.594361209534119
2000,569,-0.529241242947287,-0.27686262449622884,0.6569018071012832
2000,570,-0.48695326242191134,-0.2588446889814553,0.6007505673681495
2000,571,-0.49691971449221883,-0.27322125174935114,0.6548252503052888
2000,572,-0.5159624690250258,-0.27673455153472426,0.6619087640069624
2000,573,-0.5236195806054577,-0.2656217332543275,0.6352681692289324
2000,574,-0.5376689212019011,-0.2978465947373355,0.6808015620066799
2000,575,-0.49265817460297,-0.36127531279965214,0.7218681915789315
2000,576,-0.5226807269053644,-0.28195586968933234,0.6494433335857999
2000,577,-0.49303615069998463,-0.26692595076902315,0.6304920817645878
2000,578,-0.5424050084474814,-0.27753998567389637,0.662504397363966
2000,579,-0.5331489455347336,-0.315724081932361,0.7076455702018075
2000,580,-0.5012326862537075,-0.3431159999411237,0.7075342932765429
2000,581,-0.5241393716548756,-0.30108342409542443,0.6908844688161714
2000,582,-0.5200676305770388,-0.28152460230616827,0.6228581703849324
2000,583,-0.5064811156090688,-0.3260134512785857,0.7098745461961159
2000,584,-0.5449214577874453,-0.24952744630425844,0.6117531721744532
2000,585,-0.5248188490244079,-0.34806250349058704,0.7351169493576801
2000,586,-0.5356518380559658,-0.3609820659938176,0.7301827548564156
2000,587,-0.4984746629576973,-0.3336754993631769,0.7168190249283187
2000,588,-0.5151544101055492,-0.33894973360989744,0.7002566675009612
2000,589,-0.4842914263124175,-0.2637419307865897,0.6214553499255959
2000,590,-0.515443656201113,-0.31183721646041235,0.6872806418712349
2000,591,-0.5135025203827798,-0.232091798382554,0.5887320554589986
2000,592,-0.5233998281535,-0.2806601268987371,0.6546611649198065
2000,593,-0.5273831204610557,-0.31132639330913436,0.6924454317970309
2000,594,-0.499911190304127,-0.2812922169577409,0.6316336441076017
2000,595,-0.4827054333142421,-0.27071014509567837,0.6269071612543301
2000,596,-0.5325359965032472,-0.2542420194507596,0.6175474694024606
2000,597,-0.5139087022355912,-0.3269848007407993,0.7390796227001711
2000,598,-0.5365606547468122,-0.3310464636551737,0.7204187706480941
2000,599,-0.5133240902573248,-0.3013417428722015,0.6656368836615222
2000,600,-0.5139229910277443,-0.3349020385214326,0.7125257404728702
2000,601,-0.5412891384792626,-0.2945289004834235,0.6465248758772938
2000,602,-0.5020367935599925,-0.3452361041700388,0.7226477779147705
2000,603,-0.4943961834707408,-0.3302079617359021,0.729154650931172
2000,604,-0.5312507717274924,-0.2559633462912581,0.6297063988933016
2000,605,-0.49728980589247407,-0.2891700541741814,0.645766014549605
2000,606,-0.5356126177678673,-0.26212945448996333,0.6090866614954489
2000,607,-0.5318454667189709,-0.3421214205219161,0.7433477645194044
2000,608,-0.5176434467064313,-0.2402805178278048,0.6152271472882449
2000,609,-0.5116005165297184,-0.31171871474236545,0.7163136949176764
2000,610,-0.5116322105934435,-0.3234751168460381,0.7012382795513429
2000,611,-0.5534965567094499,-0.3250695904404767,0.6853251129302553
2000,612,-0.5117674712204899,-0.3158399067400155,0.723320356067071
2000,613,-0.5239156887467223,-0.2699721772306773,0.6281204320371675
2000,614,-0.49124786546139076,-0.2885028614190001,0.6471146572210666
2000,615,-0.5137116484074306,-0.34625215238444235,0.7348671427513875
2000,616,-0.5348688845511387,-0.26749308291147555,0.6201882240154066
2000,617,-0.4814501917817317,-0.3183968834760023,0.6879028701155373
2000,618,-0.5230272370115943,-0.2878978585236517,0.6504787651371173
2000,619,-0.5282416957189855,-0.3148940309042234,0.673450164666051
2000,620,-0.5034474432305676,-0.2888207376100852,0.6663347303876175
2000,621,-0.5097579918849922,-0.26625191443154583,0.6399939835785037
2000,622,-0.5006462844209604,-0.31720924625075125,0.6867766497346368
2000,623,-0.5352715301143067,-0.2620472561021194,0.622979073096576
2000,624,-0.4991956320839472,-0.31257925909600376,0.6772690229826092
2000,625,-0.5193995034791841,-0.3442089869916353,0.7033856312215208
2000,626,-0.5156194251897468,-0.24888954756138001,0.6059673811547295
2000,627,-0.5392543670157952,-0.2800943031970362,0.6531474152267465
2000,628,-0.5164828290260132,-0.28060767884046084,0.6652093202517138
2000,629,-0.5191795039415799,-0.2575769306491299,0.6133626085971986
2000,630,-0.5073890760913425,-0.2901607490623662,0.68411288927999
2000,631,-0.48536118671758266,-0.3274641995034109,0.7006455491983408
2000,632,-0.5484900381909332,-0.2895005030679664,0.6643368178915193
2000,633,-0.5383402113626697,-0.29502069810132653,0.6525876604509669
2000,634,-0.5285051018826494,-0.3456647123976218,0.7356660385625191
2000,635,-0.49552982211147256,-0.28103270632383626,0.650541072529232
2000,636,-0.5387538048946707,-0.31466184712626516,0.7074237438695714
2000,637,-0.5137482322451019,-0.30976283138086114,0.7040125969388112
2000,638,-0.5160448003250966,-0.33621235725516685,0.717758482760996
2000,639,-0.4898747784697051,-0.35148173241131847,0.7371584482552324
2000,640,-0.5089718294224841,-0.2863431029950133,0.6390458759889733
2000,641,-0.5340312400933609,-0.31673213630439656,0.6829790835764215
2000,642,-0.5146584483882335,-0.2730697633692479,0.6313534355458202
2000,643,-0.5221332785055925,-0.27596434908690365,0.6477831287583743
2000,644,-0.5527373313270695,-0.3257127260724015,0.6955384133024608
2000,645,-0.5285293552161501,-0.3032280672869828,0.6879949757905556
2000,646,-0.5194615682106343,-0.2767325971875256,0.6528701141786522
2000,647,-0.5312577664333173,-0.2786387037095465,0.6485797217821845
2000,648,-0.5203373662438447,-0.26042552955814946,0.6280209896034753
2000,649,-0.5189911698287969,-0.2031353887052626,0.5689631791308757
2000,650,-0.54439127097283,-0.28939533693858105,0.6779481193889274
2000,651,-0.490957391264108,-0.23692601015879836,0.5817454692487002
2000,652,-0.5505181559651104,-0.26836624968085654,0.6545587994679062
2000,653,-0.5568500047388809,-0.30489366919064725,0.6861467907082265
2000,654,-0.5248089357924124,-0.26309596982624217,0.639587158610574
2000,655,-0.5248252903801697,-0.2805207957173346,0.6518136227337669
2000,656,-0.5368515349423626,-0.2833402076489681,0.6819463541719094
2000,657,-0.5042522165599106,-0.26943764422335525,0.6436712158433987
2000,658,-0.5221004850599195,-0.3046341988359491,0.6451146142578916
2000,659,-0.5070766323449083,-0.29304002836811577,0.6526154374139613
2000,660,-0.5215181260325776,-0.2430751490926443,0.6056699522636508
2000,661,-0.5111762287458539,-0.24691572400168943,0.6261823984868942
2000,662,-0.5158954184388377,-0.29776082588615044,0.685491729262194
2000,663,-0.5081636882027236,-0.31279169394016076,0.664268380706798
2000,664,-0.5007643697302435,-0.34409704656855156,0.7060303165619355
2000,665,-0.5191002425788965,-0.31154138685572436,0.7037808389423893
2000,666,-0.5206331130404829,-0.2777800372870081,0.6423513599778224
2000,667,-0.5332811051059543,-0.2832716587973793,0.6549127991131148
2000,668,-0.5488912964042962,-0.28141942684445825,0.6459519141223222
2000,669,-0.5196309472108935,-0.331780062177461,0.6966948053781762
2000,670,-0.5131612124692794,-0.28392943731842646,0.652799389552984
2000,671,-0.5391298196919578,-0.3135017929954684,0.6984360038339793
2000,672,-0.5310008554868064,-0.23962222851951853,0.5968246251420541
2000,673,-0.5071157161558064,-0.25260770674403155,0.6322901713289674
2000,674,-0.5430577684245579,-0.2841695487506031,0.6764657677418867
2000,675,-0.5069879503564264,-0.2555245270217486,0.6355485055685305
2000,676,-0.5381172726478611,-0.2811553157567362,0.6409227042531018
2000,677,-0.5218168599686678,-0.2574502707294,0.6297482907827657
2000,678,-0.5096268385990048,-0.31423017086083416,0.6988077617162978
2000,679,-0.4925629512277331,-0.2947222670675633,0.6538823771044215
2000,680,-0.5085459316514637,-0.2837766182692476,0.6636555215626363
2000,681,-0.5249277199378428,-0.3637153352227677,0.7395841580783485
2000,682,-0.523663918557319,-0.2990295279603856,0.6785132757109164
2000,683,-0.5011604806350195,-0.254643469730794,0.6154115038244574
2000,684,-0.5131877746567203,-0.26420618411263963,0.6314718009612615
2000,685,-0.5416383051556893,-0.2894010361772496,0.6814195966951583
2000,686,-0.5288897446251489,-0.25457041718619916,0.649507821708381
2000,687,-0.524669280787469,-0.2962343145618111,0.6795922065957013
2000,688,-0.5287573137022018,-0.24617995714292684,0.5970491674668287
2000,689,-0.4944418502689436,-0.31360107289873684,0.6778146316835266
2000,690,-0.5248359927199091,-0.2850225121131745,0.6750450335779554
2000,691,-0.5465937019362082,-0.29909507375861377,0.6673904191843955
2000,692,-0.49457222155439784,-0.26110278545431853,0.6508470039555914
2000,693,-0.5273381495928399,-0.3111260077409462,0.6706723272511168
2000,694,-0.522561807241442,-0.30605059590049605,0.7038949415205124
2000,695,-0.5184194149480399,-0.27310663742987007,0.6353609534119723
2000,696,-0.5220357284542017,-0.25247622173904977,0.6123484239616339
2000,697,-0.4901202212264588,-0.24790991593565737,0.6156773325948814
2000,698,-0.531910355558169,-0.26942890066206376,0.6459338953986647
2000,699,-0.5531038624210973,-0.2887815772528061,0.6790005691126099
2000,700,-0.5070292022939928,-0.2879451865531275,0.6598765442763501
2000,701,-0.5303579157388327,-0.3116344226516737,0.7011086115511884
2000,702,-0.5146048930439393,-0.2789166481988149,0.6779379345542498
2000,703,-0.5099645503241005,-0.29389207466774697,0.6698768720047921
2000,704,-0.5202885421538401,-0.28224075937496446,0.6501232246194745
2000,705,-0.5290350848853603,-0.3185194074213255,0.6947476233951235
2000,706,-0.5389940604854655,-0.28600081884077877,0.6661140062812779
2000,707,-0.5406081359574811,-0.2645186844846243,0.6433327997662085
2000,708,-0.519640911589816,-0.3204772416523471,0.692383797965802
2000,709,-0.532978765448173,-0.30879473868912033,0.6726500401944555
2000,710,-0.5133714538609113,-0.3175895425430613,0.6765128787450128
2000,711,-0.5208116292724908,-0.30790249649342455,0.6706425587448704
2000,712,-0.5484336542945563,-0.30086169793902295,0.6774015628408235
2000,713,-0.4946612297926519,-0.28905534543473255,0.6865562644608826
2000,714,-0.5242655770826572,-0.263213790943238,0.6318893960726416
2000,715,-0.5452941431960114,-0.2839940045060546,0.6745809469516135
2000,716,-0.5236456203115668,-0.34100559104043265,0.7126158821225027
2000,717,-0.5313230024882869,-0.2858465903479001,0.6665888899257191
2000,718,-0.497119854105488,-0.30013951547988377,0.6837249441096896
2000,719,-0.5161280433371931,-0.25893205043680567,0.6036633249983812
2000,720,-0.4771234714050232,-0.2739400853478571,0.627716721624841
2000,721,-0.5244312535546767,-0.31553212026165195,0.6962051085756777
2000,722,-0.5187709595658547,-0.2607919349820543,0.6281550887222962
2000,723,-0.5350070540690911,-0.2962212163763002,0.6574474354172828
2000,724,-0.5061393618038365,-0.30410690617521313,0.6874074547403717
2000,725,-0.5442878230146506,-0.3508841106763499,0.7365403276195718
2000,726,-0.5307431293025751,-0.2978138550494433,0.6617628866811844
2000,727,-0.5264763799293168,-0.2991932058712803,0.6763587377153556
2000,728,-0.5190038327708804,-0.2963820657617668,0.6714312575364473
2000,729,-0.5245581076719272,-0.327843078477981,0.7131171284294777
2000,730,-0.517237258922211,-0.33166397768376044,0.6751638670659547
2000,731,-0.5333341289680189,-0.3397910730171559,0.7044576521074601
2000,732,-0.5120724002928956,-0.2978728021376202,0.663100560717621
2000,733,-0.5134086391950032,-0.35424468092631817,0.7075172341909679
2000,734,-0.5261290346170713,-0.2742124698448923,0.6376802590594174
2000,735,-0.5135046536619062,-0.3108110880841998,0.7033944356983906
2000,736,-0.5407641162552532,-0.3008050748886459,0.6582395218138081
2000,737,-0.5176323753124471,-0.2926980070179254,0.6850179046338085
2000,738,-0.504209247890326,-0.2926791793678885,0.6470162379780336
2000,739,-0.5081533169818313,-0.28942823927438355,0.6448724663249685
2000,740,-0.49714564672516975,-0.26449143312119683,0.6375138997502612
2000,741,-0.5422471862637683,-0.29478418074075624,0.6804904760781503
2000,742,-0.542886964726093,-0.29363899081122413,0.6570998909624992
2000,743,-0.5589560418676879,-0.35184954299990856,0.7497220702287631
2000,744,-0.5367883482234925,-0.29736046831995416,0.6825218487172133
2000,745,-0.5283783704597765,-0.32971280276112175,0.725365617003245
2000,746,-0.5089552465500481,-0.26399863538027823,0.6405920860722412
2000,747,-0.5127825037697468,-0.2911104837060484,0.6523291863579614
2000,748,-0.5100995600991696,-0.23233042528220188,0.5968075247846435
2000,749,-0.5289082518535021,-0.32082914768353205,0.7100432427115473
2000,750,-0.5219177483680104,-0.33189136862534957,0.7051265486973562
2000,751,-0.5251942896812888,-0.3088283662924915,0.6737680765852849
2000,752,-0.5128738332105464,-0.3334904500190191,0.7121269286721635
2000,753,-0.5299663281375532,-0.2700774168650126,0.6517785022411707
2000,754,-0.53641548020011,-0.3367757394405252,0.711230073737467
2000,755,-0.5153779548044,-0.34140748898757456,0.7120388980476835
2000,756,-0.5053331131958917,-0.29202689018765493,0.6613429300679982
2000,757,-0.5094580398868506,-0.3733384201123236,0.7789283895005245
2000,758,-0.5397302894070166,-0.27015081183169626,0.6624586213710958
2000,759,-0.5154770357595599,-0.2797672556473719,0.6589576698446954
2000,760,-0.5073193486743774,-0.31630616639995823,0.7214740050988113
2000,761,-0.5274157775475281,-0.2834103792071897,0.662560547245189
2000,762,-0.5211746232511181,-0.2986534462546051,0.6787216073015794
2000,763,-0.5474278360338516,-0.3280846785971292,0.6928844503134232
2000,764,-0.5268179338618855,-0.2915998558399431,0.667804454025804
2000,765,-0.5355780863439429,-0.2746738514276535,0.6363226381814882
2000,766,-0.5178245916240013,-0.30914916728443237,0.6889104994863167
2000,767,-0.5178905210902088,-0.27317203430722586,0.6579058108226603
2000,768,-0.5121827302118407,-0.32906744845542524,0.6873114911121357
2000,769,-0.505707123652893,-0.3576433534194279,0.7182215427486466
2000,770,-0.5061903843851905,-0.28654273401090663,0.6668479691768168
2000,771,-0.5062751210464338,-0.32961911160125384,0.7219458426403756
2000,772,-0.5286743381420632,-0.29339270508037174,0.6559865112146238
2000,773,-0.5033261297979792,-0.2527369747957579,0.6123235287134406
2000,774,-0.5149868378472409,-0.283654661771446,0.633549791390694
2000,775,-0.5046527486956246,-0.348378568093963,0.7230260921142333
2000,776,-0.5238625056801471,-0.2632368400692277,0.6637838934737051
2000,777,-0.5323722065771879,-0.27365981468753037,0.6532857607542149
2000,778,-0.5005758577345543,-0.2891186753625626,0.6571904270741955
2000,779,-0.503725847669289,-0.2714404912662815,0.6404981100876642
2000,780,-0.4982764021197432,-0.31463157125271274,0.6830081649247101
2000,781,-0.5088192531469956,-0.25992820208221745,0.6503668934498585
2000,782,-0.5410806112392915,-0.3425608482867473,0.7206236182916327
2000,783,-0.5535236030429074,-0.3354709888406106,0.6851159048885299
2000,784,-0.5356946916313069,-0.3435937250016862,0.7222821659216707
2000,785,-0.5378287481633127,-0.2534897251466251,0.6328207277623383
2000,786,-0.5105481389008066,-0.3013574061092833,0.6627723441152773
2000,787,-0.5407933908398723,-0.2626047397658831,0.6455367844401069
2000,788,-0.5058030656580838,-0.31529453347315206,0.7283710534390182
2000,789,-0.5063101573422655,-0.26178591984585436,0.6286889443322559
2000,790,-0.5057094856828086,-0.31506072002639507,0.7017304810599954
2000,791,-0.526420502831995,-0.32727181988045084,0.7285215309983866
2000,792,-0.5215657435386314,-0.31232820940097195,0.6876856508508771
2000,793,-0.4899753341085994,-0.33180644730404035,0.7068720291240354
2000,794,-0.5315654672987149,-0.34064677934180554,0.7033233024316562
2000,795,-0.5163272888035024,-0.29510642952677,0.6633378082993687
2000,796,-0.5277658598521926,-0.35921224683477915,0.7426136939156056
2000,797,-0.4926109240729011,-0.3261482401994098,0.6911928659378712
2000,798,-0.5099378975173667,-0.32098472231330843,0.7083551964089649
2000,799,-0.489868329825069,-0.3256823663251226,0.7281856765039084
2000,800,-0.5522951003956147,-0.34437676856457017,0.7267963088001403
2000,801,-0.49775219003133075,-0.25899660338208985,0.6306265744960057
2000,802,-0.5119591070482128,-0.3682924503607129,0.7356290282861261
2000,803,-0.5265762029092274,-0.2594905944637657,0.6360618148088186
2000,804,-0.507175543488099,-0.2860812323944681,0.6432540870738439
2000,805,-0.5334684628568892,-0.28692940351659785,0.6758479467164534
2000,806,-0.5112638195476975,-0.27529777332777117,0.6429955130937983
2000,807,-0.5270417942572367,-0.2913428606912497,0.6475634643813036
2000,808,-0.536855029228769,-0.24622485960824855,0.6349325000229975
2000,809,-0.5110300655579302,-0.2703350662352292,0.6388857157055623
2000,810,-0.5173772419272638,-0.3395751260124041,0.7010006987055966
2000,811,-0.5038059718616437,-0.34185524971519665,0.7147797255324726
2000,812,-0.5126868613183722,-0.2782925909453138,0.6435475801086807
2000,813,-0.5182653306603068,-0.3098757899928361,0.6928178979729589
2000,814,-0.5130793213057578,-0.30277788388234234,0.6719524117625919
2000,815,-0.5182433708867801,-0.32888453473818074,0.7012571542926598
2000,816,-0.5164931894550598,-0.2885622839174974,0.6822060871035156
2000,817,-0.49067559595643373,-0.2978822908825199,0.669233081557499
2000,818,-0.5577205840588858,-0.3325717080978112,0.7095403448855842
2000,819,-0.5530251812721294,-0.26775539618137056,0.6543599755949576
2000,820,-0.5131609501708112,-0.31751259876957577,0.6876731210529603
2000,821,-0.5308170315230676,-0.2975807953001629,0.6560284473541288
2000,822,-0.5012541052858095,-0.28776824840836684,0.6430514305545045
2000,823,-0.5491961184889882,-0.30370053865078395,0.6886437086658301
2000,824,-0.5142570601259014,-0.3063946631353107,0.700695964865692
2000,825,-0.49014076613795954,-0.26048461659919886,0.6161251317330511
2000,826,-0.5312068902648645,-0.30269174877819316,0.6869710779054488
2000,827,-0.5362583232109492,-0.23139710552362058,0.6066430033530966
2000,828,-0.5115709984928241,-0.26423729767228843,0.6362241888305755
2000,829,-0.524969667111727,-0.28358135499604803,0.6389227827777303
2000,830,-0.5404107560705496,-0.32478720961545354,0.696694308486059
2000,831,-0.536262818351039,-0.31662159991438926,0.697488395298782
2000,832,-0.5123651226572199,-0.318514950763266,0.6999757274522311
2000,833,-0.5079957146972508,-0.2924965808010461,0.6671121699703455
2000,834,-0.5007421669713907,-0.33333842245633105,0.7230963026470681
2000,835,-0.5036659264553531,-0.26678824523809214,0.6220041691716254
2000,836,-0.5354031612570332,-0.2888025961128337,0.6564613203598211
2000,837,-0.5692824684032918,-0.31313578080012594,0.7117769248873017
2000,838,-0.5199461773367404,-0.33010902772257733,0.7191678993463969
2000,839,-0.4963878487135869,-0.2946171152912522,0.6654984331595496
2000,840,-0.4967847700063279,-0.2804264477498521,0.6581257885414525
2000,841,-0.4935095452529525,-0.33139970534095725,0.7040630238774414
2000,842,-0.4994552507378567,-0.292579646798,0.6516905879716848
2000,843,-0.49746404658007326,-0.30967004108252194,0.6744457811765643
2000,844,-0.5282779466064362,-0.3235053046768459,0.6935718523535077
2000,845,-0.5083490756190183,-0.3011397715355315,0.6931123232878031
2000,846,-0.5274897503702494,-0.30339820245786625,0.6867741060297089
2000,847,-0.5073757011758488,-0.2803712355552861,0.6568766407031699
2000,848,-0.4832322216723972,-0.2771350044805485,0.6339464881326297
2000,849,-0.5260772500414369,-0.3546537293033134,0.7367059319416756
2000,850,-0.49940084222920533,-0.2785668567340371,0.6543772341407901
2000,851,-0.532119054964289,-0.3668869735367257,0.7466319855142013
2000,852,-0.5109262629175759,-0.26623568120294105,0.6247199897374907
2000,853,-0.5180684458799867,-0.27367857653438366,0.6333367192616771
2000,854,-0.5152852774056454,-0.25176341595182605,0.616316564016656
2000,855,-0.5260246795316831,-0.30344791091679474,0.673331174530962
2000,856,-0.5297100131072892,-0.3350693633324558,0.7135857854891171
2000,857,-0.5173803279455467,-0.29103875594010464,0.6877685735415944
2000,858,-0.5283685014160823,-0.23404895789193658,0.6261582424859073
2000,859,-0.5132449622830138,-0.31829850527004844,0.6962469986242483
2000,860,-0.5219892801832098,-0.3146046139866493,0.6860010642826904
2000,861,-0.5132841351415484,-0.2591491543683764,0.6305657472954201
2000,862,-0.5381049105291118,-0.2514343769004482,0.6129960398553574
2000,863,-0.5060912703474738,-0.2866251600851683,0.6612946996880578
2000,864,-0.5115206784488303,-0.3671285533965513,0.7634729514044043
2000,865,-0.5365399785691181,-0.22017741382678682,0.5778970892780769
2000,866,-0.5140825207825768,-0.28106959416429494,0.6218910914038579
2000,867,-0.505230436066593,-0.26513374829780945,0.629648835446239
2000,868,-0.5191922861614781,-0.283278286911017,0.6495785243605063
2000,869,-0.5005077641717186,-0.30628954467731784,0.685622063961949
2000,870,-0.5244356901771225,-0.3380631739308988,0.7230903481201759
2000,871,-0.5113780794647668,-0.22293507426007694,0.5913324055554137
2000,872,-0.5207481045447602,-0.2841209140897881,0.6696940716271307
2000,873,-0.5068688855483683,-0.27369573587988766,0.626296664221278
2000,874,-0.5189391313608229,-0.2589024155003814,0.6272806356499145
2000,875,-0.5301214683807449,-0.31577915482746455,0.708101541867568
2000,876,-0.48646250760701004,-0.2542452446354753,0.6106706086110347
2000,877,-0.5096538815731931,-0.33606110267118394,0.7029055640930592
2000,878,-0.5165483237602809,-0.2720085762358233,0.628076657631205
2000,879,-0.5128964554165751,-0.3062034201032813,0.6709998125204872
2000,880,-0.517980089622385,-0.33335739887935323,0.7013054482591485
2000,881,-0.4966930133877231,-0.25516637294298583,0.611892724074993
2000,882,-0.5493398680718876,-0.30045608443573785,0.6600901100869357
2000,883,-0.524633530689925,-0.28209137273922247,0.6426569851903304
2000,884,-0.507111289067586,-0.3603855015168134,0.7536991625123468
2000,885,-0.4951742443067263,-0.25839919357689745,0.610113699302927
2000,886,-0.5286702881189194,-0.3271866118922744,0.7251224974882055
2000,887,-0.5122718792301013,-0.2339512851272381,0.5966270714659386
2000,888,-0.5193917073239193,-0.2798105922930304,0.6524555421897901
2000,889,-0.5137240209817648,-0.3035157251905469,0.6907210737800223
2000,890,-0.5278409697743407,-0.3163830546860664,0.7112627540313041
2000,891,-0.49687853774345914,-0.2973608071917313,0.6665057876384666
2000,892,-0.520256221628481,-0.31997499130664087,0.717385509212464
2000,893,-0.5195592805969339,-0.350930063240048,0.727060686845178
2000,894,-0.5138493844510423,-0.2848505179176911,0.6526091867205778
2000,895,-0.553742684624869,-0.2950432595208404,0.6741450955175915
2000,896,-0.49470807943799744,-0.2951840591243809,0.6661438126010687
2000,897,-0.5357945421603311,-0.31770012918919205,0.6777160063174307
2000,898,-0.5110423355175301,-0.34817019356727097,0.7350313762073571
2000,899,-0.52635268110184,-0.2933284881333445,0.6966371186431217
2000,900,-0.5212053224029267,-0.36008488942329,0.7393408315490728
2000,901,-0.5291872698418052,-0.3438748083873989,0.7304196816205273
2000,902,-0.5124706114980768,-0.2921913024751121,0.6459104879060719
2000,903,-0.5331147156158246,-0.28945658997552043,0.6850007440044947
2000,904,-0.5489728701309772,-0.2579535493834939,0.6273040878506948
2000,905,-0.5215161072344348,-0.3259050920184796,0.6965823626784744
2000,906,-0.5051998898789797,-0.25866307258663784,0.6424978434027869
2000,907,-0.5029347810509868,-0.27538007800196623,0.6515584970623847
2000,908,-0.5170139221077983,-0.30198777993223663,0.6975287246215083
2000,909,-0.5125890021688988,-0.3075496938273248,0.6704894794677777
2000,910,-0.5239057419199332,-0.2564327335558225,0.6378278880032401
2000,911,-0.5435255229144065,-0.2898269005096445,0.6621058540696817
2000,912,-0.5196060300762035,-0.2984854226666887,0.6948350681644547
2000,913,-0.5063553185439839,-0.29494125909564906,0.6782181741235733
2000,914,-0.5238348721173021,-0.31346135334029723,0.6819797391326042
2000,915,-0.5468846222639093,-0.2690898087872244,0.6274737173914559
2000,916,-0.5172313842083529,-0.29971433582291535,0.6613494080929639
2000,917,-0.529882661955007,-0.2842680478887097,0.6711689633796004
2000,918,-0.5299338263428341,-0.22369120993266847,0.6061475040685933
2000,919,-0.5444220641200367,-0.37426621034161844,0.7670649910179087
2000,920,-0.5067863763504705,-0.3172795050857377,0.6755765062018646
2000,921,-0.5082702895348308,-0.2957152193091354,0.6778864176911312
2000,922,-0.5065400917580316,-0.3009216441525069,0.6710532106647658
2000,923,-0.5104938951167947,-0.2904013438948626,0.6796791688779776
2000,924,-0.5237734158246876,-0.2628358349819325,0.6357080600333639
2000,925,-0.517369477512883,-0.3320342255982107,0.7064276635151663
2000,926,-0.49992807748742396,-0.3290611105743396,0.7193527028709078
2000,927,-0.5124112509271888,-0.27802652826797475,0.6253016393158007
2000,928,-0.5149209458869344,-0.33767991064517755,0.7340231035901157
2000,929,-0.5181573190597955,-0.2748262628223348,0.6397067094131045
2000,930,-0.5333804805378606,-0.29413282314438716,0.7023754659127397
2000,931,-0.48872091081961,-0.19677010456676428,0.533910589823281
2000,932,-0.5099311142889623,-0.35530793910579966,0.7240556906790754
2000,933,-0.5584449215673222,-0.23280467545368008,0.5928505809864928
2000,934,-0.5314188199089066,-0.28296193721389373,0.62872636599736
2000,935,-0.508744324751208,-0.2735263384781469,0.6526952995633298
2000,936,-0.492075876430896,-0.30893064768239564,0.676886630417397
2000,937,-0.5072365044491002,-0.29867347045978077,0.6959345389372795
2000,938,-0.4969190140454349,-0.24859118183881543,0.6111870497506918
2000,939,-0.5222117095658648,-0.30721305609552285,0.667933709279267
2000,940,-0.5169895482378422,-0.28376971348034224,0.6496312877280271
2000,941,-0.5221236776467917,-0.2950437117532613,0.6597737630192645
2000,942,-0.505954146154566,-0.36401866002100747,0.7613260217703662
2000,943,-0.533236490247907,-0.3404644951676765,0.719838537886092
2000,944,-0.5119725350540879,-0.3155569837838229,0.7005397669244642
2000,945,-0.5305383468046396,-0.23831261466703083,0.6089639625043228
2000,946,-0.4838036826142786,-0.30118119921711417,0.6811127692131117
2000,947,-0.5512183752581532,-0.2776381105838383,0.6543386929682294
2000,948,-0.5421488296688712,-0.3013330903354661,0.6715469202703759
2000,949,-0.5258189299142677,-0.2606666393814335,0.6275643317852987
2000,950,-0.5190910048803579,-0.26123119332533196,0.6312696451836265
2000,951,-0.5206621202544685,-0.25885174230127944,0.6266934962353643
2000,952,-0.5072265800200753,-0.26605795557778034,0.6340921063704459
2000,953,-0.5155427041243837,-0.29517185258267403,0.6686389981171977
2000,954,-0.5066237923216381,-0.308998799925797,0.6740172268062183
2000,955,-0.5116072159352527,-0.27468471369969566,0.6396325267797122
2000,956,-0.5302826530977065,-0.3134268020165667,0.6909098096611235
2000,957,-0.5209485686004303,-0.337960895770441,0.7215708976154098
2000,958,-0.5476430791249995,-0.287347931561343,0.6545714067672356
2000,959,-0.5033167153113792,-0.2451511886210025,0.6256075511906937
2000,960,-0.5426261494564281,-0.30676632191012715,0.6898095314263468
2000,961,-0.527599494422592,-0.2621751059551812,0.6235028973954484
2000,962,-0.516615713364394,-0.2986247800210963,0.6992498162012222
2000,963,-0.546213862632115,-0.2858440150093395,0.6897794821742377
2000,964,-0.5062646615680539,-0.2764463514344178,0.6301029660347933
2000,965,-0.4952238575393357,-0.29807225694816786,0.6844393511969352
2000,966,-0.5225017820737072,-0.2897537292538017,0.6630887332711766
2000,967,-0.5274920867321484,-0.2839297807763446,0.6762539618974466
2000,968,-0.5226021255576562,-0.3138113731842002,0.6858033892108358
2000,969,-0.555333928227677,-0.3346429493088496,0.7082998958883363
2000,970,-0.5085628605041305,-0.30710842620114226,0.6830421800349795
2000,971,-0.5171756457059848,-0.27794167501231676,0.6572340668831393
2000,972,-0.502193571399463,-0.2899587409937003,0.6454889104562721
2000,973,-0.519181352725868,-0.31621635962575206,0.6934614471795404
2000,974,-0.532968556973687,-0.30312072109205773,0.6978445148861343
2000,975,-0.5217847511246291,-0.29977927854245195,0.6518461278606016
2000,976,-0.5396829593638502,-0.290133486237144,0.6835815220138045
2000,977,-0.5322888809461963,-0.3120383055187984,0.7054542935727254
2000,978,-0.5106057196326002,-0.26308874049169073,0.6254334131750146
2000,979,-0.5293133311650594,-0.3214384275042633,0.7164923866438193
2000,980,-0.5156274399764351,-0.3089333274603231,0.6822358134839466
2000,981,-0.52698683685328,-0.3410466367054751,0.7279530501784433
2000,982,-0.5373429564937693,-0.3042338829809433,0.6624957126771762
2000,983,-0.5253405701815239,-0.2961037154492535,0.6806917387632371
2000,984,-0.5212508623110259,-0.2736547129221372,0.6402181056912559
2000,985,-0.5293893429776134,-0.32566041236602344,0.7069391348208796
2000,986,-0.515356503109299,-0.28405195737882993,0.6821643545899003
2000,987,-0.4941115020013602,-0.3068431322549387,0.6818021506153742
2000,988,-0.5394605744878433,-0.24665512670212156,0.5983515663685681
2000,989,-0.4831805962220389,-0.3381114438507828,0.7067775854019573
2000,990,-0.5078869555616722,-0.3032405534550499,0.6906987263921439
2000,991,-0.5292677646946019,-0.28886888037505193,0.6770864775749493
2000,992,-0.5263548064015777,-0.28629263505854513,0.6705064699210861
2000,993,-0.48979801542941026,-0.24593879069082494,0.6045766343720363
2000,994,-0.5532098129342563,-0.3310844028965616,0.7224347584395091
2000,995,-0.5441182317928861,-0.3217046366785246,0.6844960682526962
2000,996,-0.5430093831804483,-0.29756371348583305,0.6794433937562439
2000,997,-0.5269147999716586,-0.28930764957800054,0.6567364375342284
2000,998,-0.5073746883613954,-0.3289090891261687,0.7067518884235277
2000,999,-0.5072925643547972,-0.30056998970267573,0.6776688994164809
4000,0,-0.5245952845262917,-0.32030919501520577,0.6346569259921349
4000,1,-0.5117768503665929,-0.2663680193171943,0.6024816028242863
4000,2,-0.5342379625977137,-0.3258670858245462,0.6901003003138257
4000,3,-0.5619653690375488,-0.30536444751594205,0.6585954388973162
4000,4,-0.5468401739556555,-0.3410413511599375,0.6872379877306153
4000,5,-0.5418690245103349,-0.3193370143208374,0.6591714841774019
4000,6,-0.5360286625792494,-0.3716741525097615,0.726848403733182
4000,7,-0.5393220630749511,-0.2966600247073133,0.6038846345667549
4000,8,-0.5453861985677773,-0.30109164787157683,0.6455672467925317
4000,9,-0.5005487695929217,-0.3271851657061402,0.6338863372554906
4000,10,-0.5343540884759819,-0.37093651849868364,0.711706432340698
4000,11,-0.557613123188883,-0.30484202660069376,0.6446688404544848
4000,12,-0.5140829563745999,-0.34993472753440935,0.6842560721593265
4000,13,-0.5277287249773526,-0.3132193632984677,0.6498506670157035
4000,14,-0.5354390815279262,-0.36544952812113213,0.6800506626548362
4000,15,-0.5314388923444691,-0.3799348482764352,0.7226898631796471
4000,16,-0.5664963191076373,-0.38757802810187875,0.7495554953585492
4000,17,-0.5002999011785187,-0.37187410082579425,0.7245961105161725
4000,18,-0.5494510257849988,-0.36181850603037297,0.7089734551364287
4000,19,-0.5406637094830113,-0.38535133131054966,0.7417077062430836
4000,20,-0.5205167459126329,-0.32534660215908656,0.6729367126892589
4000,21,-0.5649238264867512,-0.2807648689784461,0.6236021185669766
4000,22,-0.5250416768996808,-0.2941046743867325,0.6415120563513835
4000,23,-0.5352857655540442,-0.35749038659922017,0.7036228092657228
4000,24,-0.5197366468263362,-0.2764220203321727,0.5893917481206096
4000,25,-0.5613450649473233,-0.3199290671824755,0.6666490935344849
4000,26,-0.5349313881360478,-0.301470804574024,0.6055115181229748
4000,27,-0.5091304064610114,-0.32158057908134297,0.6544910521520207
4000,28,-0.5285105364473751,-0.288195401201273,0.608148496837557
4000,29,-0.5349459267438815,-0.3508884948629118,0.6841283480748018
4000,30,-0.5463074410930885,-0.3859965592885783,0.7356375587725045
4000,31,-0.5418753251833722,-0.32082166300790205,0.6476132690411253
4000,32,-0.5012908128738227,-0.34579437339077185,0.6817949662733696
4000,33,-0.5302476447802548,-0.34953789440861144,0.708457791658885
4000,34,-0.5145345611831412,-0.2769460062698643,0.5849232947372389
4000,35,-0.5440116541630252,-0.33181628086815734,0.6677022415883457
4000,36,-0.5229273852166377,-0.33179761808448033,0.6761006278095743
4000,37,-0.5389686625502105,-0.3176818286441777,0.6430371782009768
4000,38,-0.5331766021533889,-0.3323442110075249,0.6659547628798994
4000,39,-0.5201931080839416,-0.33643170931938865,0.6663218856843299
4000,40,-0.5270684260800023,-0.3096322124394991,0.6350996780544361
4000,41,-0.5299912848725046,-0.34065212194891176,0.6850204940417599
4000,42,-0.5435476809979446,-0.30903261188136216,0.6459551556582462
4000,43,-0.5299895321174496,-0.3429696521247584,0.665848749230077
4000,44,-0.5311007549320241,-0.26362467464873407,0.5676953655749343
4000,45,-0.5255481295120646,-0.30444120561359894,0.6378630734740595
4000,46,-0.5279569001235979,-0.3158021022080578,0.6812646600580117
4000,47,-0.5443336369145433,-0.301936322138321,0.6322096774640574
4000,48,-0.5588942844078253,-0.3257520525944229,0.6663808249324094
4000,49,-0.5415068139658695,-0.3582733850522089,0.7064420287077483
4000,50,-0.54492567433998,-0.3097586301254597,0.6396025915119293
4000,51,-0.5208139001183294,-0.33632224319584625,0.673040154371486
4000,52,-0.539703211840638,-0.3501753502619923,0.6538714483540105
4000,53,-0.5416912696117455,-0.3180919901094512,0.6621565910172592
4000,54,-0.529537533591061,-0.32767864752469256,0.6780746725386887
4000,55,-0.5286956905394211,-0.39304372313285474,0.734367301032884
4000,56,-0.5403858290774782,-0.3494568821809797,0.683416297512387
4000,57,-0.5601452641376345,-0.2995934814957211,0.609735485248357
4000,58,-0.5588583574464727,-0.4273121886682322,0.7719773482652832
4000,59,-0.5064259661429359,-0.34630785619589965,0.6627927294908015
4000,60,-0.5419868844710458,-0.3302634473105517,0.6844892828022391
4000,61,-0.55481895253503,-0.36045108858701946,0.7205469129035723
4000,62,-0.5572859552151996,-0.33668804892595683,0.664647829803773
4000,63,-0.5227870300438608,-0.31333921173524565,0.6330669589372988
4000,64,-0.5692900691973861,-0.32572789197681906,0.6599575384921369
4000,65,-0.5537642152428748,-0.3647107665779445,0.7100008513570089
4000,66,-0.5487304680576686,-0.3083145703391567,0.6686434304502148
4000,67,-0.532450192513297,-0.36292754912757097,0.6982753950836984
4000,68,-0.5106620839604514,-0.348805422666056,0.6796623389156751
4000,69,-0.529525994846453,-0.2808821844241813,0.6121778737827925
4000,70,-0.548632740183846,-0.28755820547905186,0.5971517941515945
4000,71,-0.5447706959229728,-0.3091784127436709,0.6527854554359106
4000,72,-0.5430436769742261,-0.3326514891092552,0.6671934369703667
4000,73,-0.539849089088138,-0.2966298061674427,0.6191717771988945
4000,74,-0.5588737223808514,-0.32483037318697455,0.6535129401745167
4000,75,-0.516061308158147,-0.28489694899025414,0.59955762099739
4000,76,-0.5292435188019924,-0.3074334525132386,0.647280858729469
4000,77,-0.531001729636875,-0.3280408352117374,0.6319340559161878
4000,78,-0.5309260009165198,-0.3415085812956976,0.6988989785379507
4000,79,-0.527100144944443,-0.3583222843796653,0.6861452907741699
4000,80,-0.4986133407673358,-0.3372510813880699,0.6696082621479144
4000,81,-0.5247474983966139,-0.3366592540866685,0.6654849311130246
4000,82,-0.5099639796715018,-0.3329168749278271,0.6775257870246695
4000,83,-0.5556104406626875,-0.33980733327429435,0.6810038115769542
4000,84,-0.5386168101621599,-0.3028532957780283,0.6441187318763878
4000,85,-0.5026467008259443,-0.30947435289816627,0.6230326079961334
4000,86,-0.5456662940302777,-0.34717115019721223,0.6970074797654368
4000,87,-0.5441475632423771,-0.3318634730917473,0.6559233524327089
4000,88,-0.5264689669646014,-0.3305882526567647,0.6593451648712341
4000,89,-0.5391069792517119,-0.30653436168486875,0.6571752866354144
4000,90,-0.5420477224142302,-0.37717588374648586,0.7365322267701773
4000,91,-0.542834950593654,-0.3054901045371178,0.6287445880997647
4000,92,-0.5229276350212667,-0.31371342145806,0.6348752186652044
4000,93,-0.5370900671165398,-0.31930772180580935,0.6772531152688116
4000,94,-0.5175081424558512,-0.36694163665983365,0.7336258155090715
4000,95,-0.5406384574271565,-0.3666942585905539,0.6933793789715509
4000,96,-0.5378685544385435,-0.3601617155746126,0.6982449258559487
4000,97,-0.5203656485740864,-0.34823679221366177,0.6737724193992124
4000,98,-0.57527366104092,-0.2811747528133382,0.6237209997050726
4000,99,-0.5297956785320912,-0.3373995109237849,0.6717118736640716
4000,100,-0.5099091872944448,-0.3263007157043505,0.6483970537199133
4000,101,-0.5511672225847188,-0.3802701761385285,0.7159685397275678
4000,102,-0.5563327116560071,-0.28175962059774695,0.6074980198852059
4000,103,-0.5364426835615018,-0.24799253574009444,0.5647223497202242
4000,104,-0.5455384532485296,-0.3378064957444992,0.6708527185204898
4000,105,-0.5248783196711002,-0.28291030449387117,0.5971062989464677
4000,106,-0.5147468428043561,-0.37378971448686404,0.7109677554126519
4000,107,-0.5590768981193894,-0.2980092636579526,0.6192075924540817
4000,108,-0.5348738363046106,-0.31986989410879,0.6615332024627184
4000,109,-0.5138508859467571,-0.30287277002581114,0.6351543730546887
4000,110,-0.5387299527471833,-0.32184959999935897,0.6679767929616627
4000,111,-0.5180327692251255,-0.3151297278588293,0.643961570933463
4000,112,-0.5591024364375711,-0.2922563430026221,0.6215733697308313
4000,113,-0.5537425432244004,-0.3658882913113496,0.7077755192861521
4000,114,-0.5123435031627794,-0.2782656815088378,0.6062996054692136
4000,115,-0.5508460056368052,-0.3419970602933828,0.6566864905277225
4000,116,-0.5429409388889253,-0.34648253028114634,0.6765791469740835
4000,117,-0.532319416435798,-0.32837190854104714,0.6741412172504456
4000,118,-0.5383264424966858,-0.3600185284946766,0.7071293026130367
4000,119,-0.5508075731345432,-0.35522422432425504,0.6848176199733166
4000,120,-0.5160669072954578,-0.36005547120662046,0.6846925322557775
4000,121,-0.5274052353651583,-0.29760443240383455,0.5912247982967904
4000,122,-0.5359851813485268,-0.3277600589253472,0.657038025379038
4000,123,-0.5423147348779115,-0.32290012910757676,0.6642474158514713
4000,124,-0.5231765066716171,-0.32792433471571625,0.6477208839761267
4000,125,-0.5539691683512611,-0.32766078812465704,0.6661315355024331
4000,126,-0.533778111603581,-0.33743650523504076,0.6626598454419667
4000,127,-0.5371643561717233,-0.36492542100250414,0.7149138717582292
4000,128,-0.5401574506209148,-0.34425163130686626,0.6947128875671469
4000,129,-0.526436523480202,-0.2973144062574184,0.6330668885665369
4000,130,-0.5505901607560107,-0.24276704685058637,0.5814495039457835
4000,131,-0.5337389985306243,-0.29421214150684466,0.6430666797618132
4000,132,-0.5199653299913107,-0.3242478834044951,0.6457032879444756
4000,133,-0.5252776858937929,-0.326590107424927,0.6515082301763235
4000,134,-0.5259537039049799,-0.30123729054949894,0.634225003310415
4000,135,-0.5328959227928858,-0.2993058880244444,0.6377740471055302
4000,136,-0.54985473733891,-0.25209503086319246,0.6082087607007437
4000,137,-0.524828164923601,-0.362274037565492,0.7120432007238257
4000,138,-0.5295635024050823,-0.30513914649562257,0.6392826966796281
4000,139,-0.5338877391798786,-0.29258356433960325,0.6330280556363816
4000,140,-0.5436173871384093,-0.30956569123818145,0.6470586400471071
4000,141,-0.5290643820517538,-0.30991345935555203,0.6658787678498291
4000,142,-0.5548676953082639,-0.3312407661335984,0.6750821611465995
4000,143,-0.5428367463474675,-0.3448011879340085,0.6748073273370763
4000,144,-0.5260163789258451,-0.2928114154903852,0.6282443723125968
4000,145,-0.5334044869597134,-0.3673820184150161,0.6993323041224859
4000,146,-0.5308337929469593,-0.279538464933866,0.6153070889948542
4000,147,-0.542944356708282,-0.3362094975525395,0.6793491690740857
4000,148,-0.5603663628622383,-0.39481783257018754,0.7531487050396657
4000,149,-0.5740380561110547,-0.27861535493510653,0.597331457201577
4000,150,-0.5398006047026351,-0.2589110378468469,0.5983613540549003
4000,151,-0.5345714062090572,-0.2488870565805003,0.5622372173489539
4000,152,-0.5338888384936259,-0.3470798924921202,0.6895359843920494
4000,153,-0.5370483168282113,-0.3466323393876642,0.689002431536594
4000,154,-0.5190768306245543,-0.4126654159913874,0.7446483020880046
4000,155,-0.5097838027194508,-0.33464090976989286,0.6533366772535927
4000,156,-0.5080824170201526,-0.35398897193027273,0.6838009716782618
4000,157,-0.5476070806630045,-0.3715692653346838,0.7302014558418082
4000,158,-0.5334253824926957,-0.3383507750980109,0.6723523686029658
4000,159,-0.5123844199565882,-0.27778916634604883,0.6187468080532229
4000,160,-0.532360044684804,-0.2725330903975192,0.6029531254708231
4000,161,-0.541696572348575,-0.3459046980360349,0.6717829179939332
4000,162,-0.5439819053659193,-0.342589370496532,0.6793321537312865
4000,163,-0.5170207779528044,-0.3194227540108025,0.639524641390624
4000,164,-0.547768826871555,-0.335171930085303,0.6816073092923881
4000,165,-0.5599409682868168,-0.32388115474090434,0.6571648221193017
4000,166,-0.5252607079835983,-0.29241278187750436,0.6067320004456793
4000,167,-0.5333252436486359,-0.3032675623618713,0.6450738961039455
4000,168,-0.5426310603553139,-0.3129074752469511,0.6493585674460514
4000,169,-0.5267504909034899,-0.316547440485872,0.6488451484442644
4000,170,-0.5477143006214092,-0.30206707930298055,0.6250610029873565
4000,171,-0.507144479312041,-0.35139349195045216,0.6724260824312589
4000,172,-0.5127915214842332,-0.3064963183782295,0.6334190176141539
4000,173,-0.509478685796871,-0.26568835627653203,0.6017049883236089
4000,174,-0.5586577095056298,-0.29186441783420486,0.6307688078532625
4000,175,-0.5620343845254872,-0.3650594132706426,0.710696185559884
4000,176,-0.5144042037899852,-0.2785468192262282,0.6401916079288215
4000,177,-0.5109038162935507,-0.31580521655231003,0.6331796579233164
4000,178,-0.5173208861024035,-0.308522307057364,0.6346519129868704
4000,179,-0.5427121056974947,-0.3195201813218553,0.6486170356053558
4000,180,-0.5494920485470716,-0.2740983953527601,0.5893496181983636
4000,181,-0.5219404695409917,-0.34416527711245626,0.6905273316377424
4000,182,-0.5505624235583224,-0.34791665713118436,0.6695933504236014
4000,183,-0.5463610785533133,-0.33712363125796135,0.6803742743871056
4000,184,-0.5601252587445396,-0.3304923747381225,0.6728418802935208
4000,185,-0.5201712030925159,-0.3200449563229099,0.6531002379318306
4000,186,-0.5532897911670974,-0.33430225399504565,0.6809247189911305
4000,187,-0.5534892822013351,-0.3087158698197477,0.645558327345436
4000,188,-0.5445282933602686,-0.3572013074194283,0.7000970087082968
4000,189,-0.52744542703175,-0.4038599493171616,0.7365926744021324
4000,190,-0.5491437659251904,-0.3525101974905615,0.6923525764088043
4000,191,-0.5471347122183132,-0.37416425281958743,0.7275548751164862
4000,192,-0.5506298149233464,-0.3539324404315412,0.693191134435698
4000,193,-0.5498475762684929,-0.29132738537262287,0.6159873881308556
4000,194,-0.5522552185184204,-0.3400775291896082,0.7074081290809835
4000,195,-0.5298316024679457,-0.36034627834010113,0.7167801579663303
4000,196,-0.5630031422306222,-0.3647422736443411,0.6985354503754964
4000,197,-0.5541210980295747,-0.29822852109662606,0.6418700786526188
4000,198,-0.5644923037392593,-0.3645344593732143,0.7204228472094513
4000,199,-0.509615517072178,-0.36115853413574467,0.7101635030513606
4000,200,-0.5618403171320805,-0.36624117778386656,0.720404857224029
4000,201,-0.5249051389477265,-0.3160901510167389,0.6367570318238811
4000,202,-0.5121564518197468,-0.3232016086215576,0.6285269932035598
4000,203,-0.5363040830518626,-0.29738237689918995,0.6235486076855481
4000,204,-0.5429982839776899,-0.3066377141267134,0.670045139146074
4000,205,-0.5416384553335354,-0.33074991495075645,0.6712620567427671
4000,206,-0.5390705990323769,-0.3119628896288708,0.6348367263741048
4000,207,-0.5444961904446864,-0.3070604343369819,0.6538435660524853
4000,208,-0.5497322777645872,-0.3537712630039284,0.6916668765040993
4000,209,-0.5381077120467737,-0.30121433032366257,0.6334007406677896
4000,210,-0.518019793790262,-0.35583450944491846,0.6799089252975845
4000,211,-0.5272503511837288,-0.2695964047770442,0.6221621212356685
4000,212,-0.5237562317910422,-0.31283033776226116,0.6324069279172164
4000,213,-0.5495844749777086,-0.34876829485994615,0.692443349763185
4000,214,-0.5254864156094925,-0.34021246907133956,0.6877292785183231
4000,215,-0.5454040665991148,-0.28797306020858693,0.6312075567381337
4000,216,-0.5245934318354948,-0.30663257603026955,0.6295471971477852
4000,217,-0.5607097455658376,-0.37664503789485215,0.7269675748784934
4000,218,-0.533219934490381,-0.30957922679130345,0.6394050783448333
4000,219,-0.5220028105384507,-0.31917279532789544,0.660238441566368
4000,220,-0.5329120407052849,-0.34338940706297943,0.6875341348533678
4000,221,-0.5350468049908258,-0.3580593289125346,0.6798779427412439
4000,222,-0.5437928820708836,-0.3398639381156265,0.6822972639191449
4000,223,-0.4907536239208238,-0.28928863129333865,0.599475205214932
4000,224,-0.5239906164907207,-0.39102219619797957,0.7597422046154584
4000,225,-0.5225249157982491,-0.27936458802484204,0.5874015498820969
4000,226,-0.5340475249963468,-0.35516473968361073,0.6925188314697256
4000,227,-0.554536576491311,-0.3541858206748123,0.6843625874432022
4000,228,-0.5464468125208611,-0.29687730744256263,0.6196248425293603
4000,229,-0.5579484341157948,-0.3410196724435298,0.6931828530054543
4000,230,-0.5534168895534185,-0.2875329920895345,0.6260376434615844
4000,231,-0.5452002734720992,-0.32723063552072096,0.6748786089680769
4000,232,-0.5613534341015581,-0.32115327213635114,0.6469040069262423
4000,233,-0.5395156660200704,-0.3713018117584044,0.7256674693139514
4000,234,-0.5575326398579803,-0.3040292306930525,0.6246705833306394
4000,235,-0.5258486325546482,-0.3310462746416356,0.6650673048043458
4000,236,-0.5404253671390314,-0.329486025920812,0.674686424081571
4000,237,-0.5468109807380614,-0.28889787536587497,0.5993140155380846
4000,238,-0.542728677890252,-0.3435334666931593,0.6868270941725464
4000,239,-0.544319935472199,-0.2965272073820648,0.6079940007527024
4000,240,-0.5470238370686491,-0.3175266678435008,0.6375307696526906
4000,241,-0.521905563952699,-0.32254079507934563,0.6635038647586671
4000,242,-0.5276230813852247,-0.28039204489583125,0.6056650671921173
4000,243,-0.5201662767609312,-0.3212367395065383,0.6281548839395907
4000,244,-0.555972625593247,-0.37108324439191714,0.7145342320499184
4000,245,-0.549827215648904,-0.3215276525940415,0.644525907429938
4000,246,-0.529127376937928,-0.3581101319041553,0.72293231920544
4000,247,-0.5456381235480682,-0.32394501092601174,0.6745635914823003
4000,248,-0.5733179083642568,-0.30223477087336326,0.6483727592869771
4000,249,-0.5513725342472404,-0.36280145002341674,0.7181215822803556
4000,250,-0.5142550905788958,-0.3349289950699249,0.6883623501426009
4000,251,-0.5431244164251331,-0.3316832793003826,0.6790389594004647
4000,252,-0.5563284897350844,-0.31584565168255985,0.6452749949507632
4000,253,-0.5217477128344293,-0.31143053103556884,0.6697331653849804
4000,254,-0.5144530409418915,-0.2921091152260003,0.6184839046764469
4000,255,-0.5178269399579292,-0.29523251174284687,0.6329741259848156
4000,256,-0.5353958096354233,-0.34166831164787226,0.6676760874680008
4000,257,-0.5136580355529373,-0.3538488299517728,0.7009365032728414
4000,258,-0.5394494988160229,-0.3335471362441525,0.6608992551266695
4000,259,-0.5743411117568826,-0.30905851909108595,0.6307615866436005
4000,260,-0.5468024985867734,-0.2963922970758054,0.6513836515546423
4000,261,-0.5412337403706305,-0.274320758629974,0.6095698041490829
4000,262,-0.5119586591997796,-0.25981796028068316,0.6044100195513111
4000,263,-0.5611956164681426,-0.3083147618835397,0.6317700951407784
4000,264,-0.539501244087682,-0.3291180367198801,0.6493345472259073
4000,265,-0.52861116964367,-0.3356503538657022,0.657157377533665
4000,266,-0.5393287113043732,-0.3224489602224732,0.6658944875550666
4000,267,-0.5320117107918665,-0.33866728616796765,0.6656462791548634
4000,268,-0.5432022544631113,-0.31831727023728346,0.6449325570173592
4000,269,-0.5268727414879293,-0.36546845454783483,0.6976991818274235
4000,270,-0.5500921438403753,-0.29893448024590036,0.6607824197163408
4000,271,-0.5339836936173556,-0.34713006859225465,0.7017046990045687
4000,272,-0.5546248237028022,-0.31096632324604323,0.6611808795905446
4000,273,-0.5384603504475869,-0.27952801062546856,0.5972791302383498
4000,274,-0.5604158965774182,-0.3520847715770688,0.6586418423677448
4000,275,-0.537252083738033,-0.2909923131492784,0.5772769554274121
4000,276,-0.5053699129868612,-0.3609334448920637,0.6905218597816538
4000,277,-0.528532517020846,-0.29801646019352174,0.6086100053021263
4000,278,-0.5464729293056042,-0.26690967075385197,0.6021788108672409
4000,279,-0.5334286983613967,-0.32665664314990345,0.6517486454992407
4000,280,-0.5328611059953426,-0.33374265039030554,0.6734957979331183
4000,281,-0.5476027789633422,-0.3410505173950538,0.6802291868171999
4000,282,-0.5455646342859484,-0.3162840876492591,0.6768336434788709
4000,283,-0.5404562875433744,-0.31067182762638584,0.6597337046024169
4000,284,-0.5549172273939433,-0.3178912007991135,0.6497562897653034
4000,285,-0.5298103008486149,-0.3001165723998464,0.6156264519100192
4000,286,-0.5393010724028419,-0.33215788323244677,0.6696189183493937
4000,287,-0.5251559529256511,-0.3153753574851388,0.6332967252662044
4000,288,-0.5178830956660152,-0.3085261627365934,0.6239299571523286
4000,289,-0.5279785593578128,-0.2581018178797294,0.5768056513925931
4000,290,-0.5140264574574237,-0.30233636916619283,0.6284100273398193
4000,291,-0.560288734421146,-0.27152904751869433,0.585919255432811
4000,292,-0.5844591952032427,-0.35748917569987476,0.6978688606612299
4000,293,-0.5408437992537388,-0.34050814768824716,0.6819185556422008
4000,294,-0.5240639272132803,-0.33317879593557653,0.7012306887667243
4000,295,-0.5357354498664154,-0.3051023731556934,0.6185596583957794
4000,296,-0.5316425152242304,-0.3156509038234284,0.6534392476742431
4000,297,-0.5330179719219642,-0.23154153387228396,0.5603108620634474
4000,298,-0.529972243116106,-0.3223182551922926,0.6445151941558798
4000,299,-0.5380395312062393,-0.35128394365526344,0.6770012060934388
4000,300,-0.5311746161180024,-0.3555279499200728,0.6903228000814555
4000,301,-0.5670544031459049,-0.2854712158793823,0.6419109354608216
4000,302,-0.5265084114518169,-0.3394671162598395,0.6576773443890289
4000,303,-0.5347897726288595,-0.2863686091643315,0.6070384573572948
4000,304,-0.5374790089499253,-0.3337460148222132,0.6769360654564001
4000,305,-0.5128805741351758,-0.2990244901605387,0.6339851190482925
4000,306,-0.5620023608243768,-0.26581267859805524,0.6071062386304511
4000,307,-0.5300463292371924,-0.3247030334056042,0.6851480945834202
4000,308,-0.5495525941713816,-0.2988345036272633,0.6315721609485183
4000,309,-0.5379871040865466,-0.2927715424703404,0.638104254035364
4000,310,-0.5350053479790182,-0.3257218141924036,0.6582318325963388
4000,311,-0.5191466957344614,-0.35391137552976554,0.6977941098897583
4000,312,-0.5691876988299934,-0.2901783209114744,0.629786731856702
4000,313,-0.5340600684870417,-0.28998281507918233,0.6188489148978693
4000,314,-0.5210743470852166,-0.35740258600597213,0.6798049751770218
4000,315,-0.5315862237232839,-0.308210286387098,0.6580620209734276
4000,316,-0.5138920972095951,-0.31181992954498466,0.6455622364030322
4000,317,-0.5227312551694974,-0.31837338715847113,0.651393045993483
4000,318,-0.5318783825772291,-0.3906783200318992,0.7255462912802603
4000,319,-0.5260111390753563,-0.37267069168476563,0.7109833597541853
4000,320,-0.5355281714777765,-0.3170216115274871,0.6647754662153413
4000,321,-0.5209086021165302,-0.31396426415761247,0.6647282992385599
4000,322,-0.5268496307219959,-0.3643015890717775,0.7125768152374157
4000,323,-0.5322108542337671,-0.29675434929481936,0.6403679432990228
4000,324,-0.5223394363098944,-0.336447184058001,0.66719421667511
4000,325,-0.5387831900480903,-0.35426501696992735,0.7189546290821548
4000,326,-0.5733860148478793,-0.31034437677100474,0.6372676399034133
4000,327,-0.5298443478359398,-0.33946218362516745,0.6763709789135163
4000,328,-0.5391516245087193,-0.2956758973394572,0.6419269122873104
4000,329,-0.5492149729752194,-0.28294377033188234,0.6292675130313814
4000,330,-0.5307254994994717,-0.307527768145355,0.6587346582936051
4000,331,-0.5535795423102343,-0.3756961926613746,0.7309136229628846
4000,332,-0.5255700208019668,-0.2998597955647577,0.6279616062559
4000,333,-0.5296921213294109,-0.29804256516897376,0.6420531119541705
4000,334,-0.5269195230539778,-0.2918669975066142,0.6185758729593194
4000,335,-0.556460106730513,-0.283356650734749,0.5902981991979332
4000,336,-0.547308160053788,-0.251164108768742,0.5848205504642502
4000,337,-0.554798807027273,-0.35110557642571855,0.6875804296383429
4000,338,-0.548065771794498,-0.35199116509145373,0.705155157428731
4000,339,-0.5464950110145608,-0.2951031645764999,0.5966166031306407
4000,340,-0.5321303104882,-0.3081864508416389,0.6469630442238735
4000,341,-0.547394021282251,-0.2544187321450334,0.5775241961098786
4000,342,-0.5229432064256967,-0.36573578888773495,0.6999900755832722
4000,343,-0.5465373622490266,-0.3237098501247622,0.66799229435366
4000,344,-0.5264566392991743,-0.2976618937092326,0.6413942765001879
4000,345,-0.5429938638141877,-0.3047121877575073,0.6431298817927915
4000,346,-0.5226769538086744,-0.32482251358118264,0.6464690404240233
4000,347,-0.5467638381712852,-0.33978819287210726,0.6581795157146926
4000,348,-0.5291885928086029,-0.2571877281527222,0.5805899732508355
4000,349,-0.545778407838503,-0.322122322726706,0.6395317496441658
4000,350,-0.5259539377405633,-0.3648638513607248,0.7190499028705439
4000,351,-0.5582258221436375,-0.30011152345664166,0.6429279036390038
4000,352,-0.551575361892973,-0.33230719905552036,0.6644431256332416
4000,353,-0.5308253890329713,-0.3265792474231409,0.6626461547007129
4000,354,-0.5547571121814823,-0.3056028339318446,0.6508527173560509
4000,355,-0.5121493941045481,-0.3148319946080665,0.6380888765095473
4000,356,-0.533079683705605,-0.2624155250782622,0.6025919781817713
4000,357,-0.5178066051842933,-0.30162306319085336,0.6214499756745719
4000,358,-0.5405382721190752,-0.33886251616091734,0.6805237039284904
4000,359,-0.5456379093094708,-0.36442448354455576,0.7217637748472476
4000,360,-0.5493633280443251,-0.3732379776099014,0.7287936676882103
4000,361,-0.5622768903412074,-0.34311584207816426,0.6958953761066844
4000,362,-0.5367829790259598,-0.29008824231631736,0.6205723434682427
4000,363,-0.5352174422138105,-0.32114667111813894,0.6615953228254525
4000,364,-0.5605345532952266,-0.3504239551540194,0.6990408101172408
4000,365,-0.5562378906319223,-0.29369347995359274,0.6084874309578788
4000,366,-0.5400475451167419,-0.2560457548014499,0.5733906475079351
4000,367,-0.5313022758329163,-0.3288813043302623,0.6512329280131297
4000,368,-0.558898264366358,-0.28924359783184667,0.6090229065668072
4000,369,-0.5574715727209278,-0.3399157088126456,0.6998613428432525
4000,370,-0.535920228468907,-0.33200764774923924,0.6647953721721451
4000,371,-0.5301086426767538,-0.2949210156943892,0.6202002738844995
4000,372,-0.538319729658137,-0.34501493845972014,0.713065255046156
4000,373,-0.5220497142692443,-0.3277272792757326,0.6578679535593654
4000,374,-0.5404120955465206,-0.326015616871745,0.6870241803479056
4000,375,-0.5180346860100711,-0.29309528137695634,0.6158837650572105
4000,376,-0.5384087658696262,-0.3177516404396715,0.6584079494416755
4000,377,-0.5403861705136515,-0.3625510762096344,0.6939044622354694
4000,378,-0.5296863287399138,-0.2757299440218872,0.5837722875413204
4000,379,-0.5392097357733253,-0.38561440447780426,0.7214781743896376
4000,380,-0.5554149200824972,-0.34894307577721323,0.6931875802684204
4000,381,-0.5324642102940035,-0.3092434371308437,0.633119682932076
4000,382,-0.5599469524366216,-0.3619512805846988,0.7094969147810218
4000,383,-0.5398764450420144,-0.3071677043005958,0.6704964603148802
4000,384,-0.567103929712629,-0.359533819194083,0.6850493007336801
4000,385,-0.5519800384241265,-0.3422555587367193,0.6902146968336603
4000,386,-0.518946035445599,-0.29395088040870504,0.6155839707211328
4000,387,-0.5018107274314041,-0.30435204568061597,0.6211961351069585
4000,388,-0.5368144944828896,-0.30786453463903196,0.6515437806544472
4000,389,-0.528955383231152,-0.35688428078095363,0.6909497048284378
4000,390,-0.548439711990188,-0.25911994626948004,0.5936512693010454
4000,391,-0.5124758161540408,-0.3367637705274967,0.6636050206382886
4000,392,-0.535902925384596,-0.2795609019771003,0.6110987969495455
4000,393,-0.5250652792596424,-0.27684812277220183,0.5992028846272672
4000,394,-0.5264177331995976,-0.28551332489338044,0.6130262135280123
4000,395,-0.5688917907014082,-0.38130697716404094,0.719086533749785
4000,396,-0.5507499161406703,-0.35119740578964925,0.6656198114537688
4000,397,-0.5377308799801935,-0.34421025722939913,0.6863824546790346
4000,398,-0.5724920029182636,-0.3298853611903926,0.6682395243235072
4000,399,-0.5338951933282151,-0.3589092004804002,0.6994361236040265
4000,400,-0.5360252465403946,-0.33761683651037183,0.6738134801607182
4000,401,-0.5294866678483046,-0.34835235727749086,0.688301952917619
4000,402,-0.5483478572140323,-0.3487144000858045,0.6926921321957944
4000,403,-0.5143725851659003,-0.26766159624363595,0.5831366288576973
4000,404,-0.5269603662945646,-0.34224415064571717,0.6728461445637017
4000,405,-0.5317005575013585,-0.3303979757259248,0.6521361727394593
4000,406,-0.5628551726827093,-0.41103875627162606,0.7766959179121747
4000,407,-0.5287155456922266,-0.35839125341240663,0.7209241472387728
4000,408,-0.5399642855516826,-0.34506317028791145,0.6765737892601593
4000,409,-0.5275354280283315,-0.31003628821385326,0.6460145310707428
4000,410,-0.5289355275200818,-0.34122810478768006,0.6714667885951389
4000,411,-0.5317048660624479,-0.3637315930592588,0.722352204001975
4000,412,-0.5277022918875789,-0.33264667191341496,0.6367384684610289
4000,413,-0.5264290268363814,-0.34172400362655203,0.6872830390432801
4000,414,-0.5407813698940902,-0.4235860770417215,0.7753752290035558
4000,415,-0.5521841852164151,-0.3286913436003763,0.6817474439401323
4000,416,-0.5572272964001852,-0.2878581252206723,0.6176398914005647
4000,417,-0.5573433730231723,-0.3258219333658302,0.6464847224634064
4000,418,-0.518095869436699,-0.36963924121425695,0.689877717949007
4000,419,-0.5300192783518461,-0.28315326340367075,0.6015000648751254
4000,420,-0.5321470197656466,-0.31008868355845803,0.6694693224402595
4000,421,-0.5638472130688366,-0.3573188495968802,0.6807155614479748
4000,422,-0.5483179644206855,-0.3268941934625431,0.643305719503554
4000,423,-0.5365929881865605,-0.3197797532808566,0.6711798372349637
4000,424,-0.5336779974255587,-0.3627698905515257,0.7026336070200185
4000,425,-0.5142199471787731,-0.29364959707548677,0.6294422075095243
4000,426,-0.5376231416143328,-0.35172948685422367,0.7109025593335753
4000,427,-0.542620128838292,-0.29760035935004864,0.6221919754615156
4000,428,-0.5263876587725473,-0.3159048921619808,0.6429925793967884
4000,429,-0.5146233492828537,-0.3475300529930079,0.6677703366480918
4000,430,-0.5232888410533467,-0.36462651820105574,0.6809366385265154
4000,431,-0.5165717371231168,-0.3130308326201377,0.6712726349127947
4000,432,-0.5360882304256749,-0.3893884842410474,0.7227264646831008
4000,433,-0.5118063178319542,-0.3758196942944982,0.719463500998759
4000,434,-0.5051848596371452,-0.3151779897436135,0.6511426161115448
4000,435,-0.5332700046570831,-0.2786076506564384,0.6129095758385796
4000,436,-0.5467778646872027,-0.3427919720971632,0.6895161717895152
4000,437,-0.519663906056302,-0.3123877936812814,0.6502837510649723
4000,438,-0.5297751847365035,-0.30939008300966203,0.6258192576424656
4000,439,-0.5182383799176746,-0.3232769258307489,0.6479708168826321
4000,440,-0.5524392620138944,-0.275499149342074,0.6190324796410643
4000,441,-0.5289674425447927,-0.31270700401160695,0.6485521154371862
4000,442,-0.5253963577989635,-0.34059757117415745,0.6599317918236468
4000,443,-0.514626230933797,-0.3433630707309881,0.6978441862559552
4000,444,-0.5557436594781968,-0.32263226236364556,0.6535207574163214
4000,445,-0.5368155772748133,-0.33524033576141543,0.6295280902325424
4000,446,-0.5618142014978407,-0.26045854725476997,0.5920184597779968
4000,447,-0.5681979135620179,-0.35386518571858955,0.7087761408376041
4000,448,-0.5438283932756655,-0.3518254996393261,0.6790248599719547
4000,449,-0.5116936029671448,-0.3602352531659665,0.7256630718239458
4000,450,-0.5468325528278141,-0.34467190439513273,0.6830933323029726
4000,451,-0.5580307300497489,-0.3466949101688958,0.6999909269167411
4000,452,-0.5400295401342494,-0.2940300130398892,0.6280050663114203
4000,453,-0.5574613049939195,-0.3388862386667521,0.6645918883842652
4000,454,-0.5569293490650515,-0.2747197731592903,0.6198906437322784
4000,455,-0.5369279047479814,-0.32743427162681216,0.6554719014792192
4000,456,-0.5519874866745618,-0.2796387032745567,0.6136382538417244
4000,457,-0.5229213149051308,-0.3541896274026806,0.6717284107498939
4000,458,-0.5436017841484521,-0.32601794753146535,0.6584431141968997
4000,459,-0.545079172520534,-0.4082606576969702,0.7504650689240964
4000,460,-0.5427178910463218,-0.34704627278437267,0.697167686194812
4000,461,-0.5325383459847225,-0.28410604324376515,0.6278781942095288
4000,462,-0.5307771596657583,-0.31007783192449856,0.6344239773326995
4000,463,-0.5475893918306739,-0.3377712068556909,0.6777414182733376
4000,464,-0.5392386720272746,-0.3342170935345424,0.6697335036733785
4000,465,-0.5436839304897378,-0.3968361666125118,0.7457871018663025
4000,466,-0.5380585853223636,-0.33702151916476575,0.6774603098648582
4000,467,-0.5445988154448005,-0.299985872757213,0.6396084123555255
4000,468,-0.5603269709815979,-0.3573046648674226,0.6902870230793491
4000,469,-0.5582223197118306,-0.3424025314406862,0.6827304367153825
4000,470,-0.5137955607667977,-0.30177853443653285,0.6099528990153213
4000,471,-0.5014422465563548,-0.3455524808843376,0.6770714475943987
4000,472,-0.5534326731806032,-0.32243464933309357,0.6623133502554333
4000,473,-0.5486651320073462,-0.2992979334236013,0.6048233508803736
4000,474,-0.5477972615113759,-0.3269321162821403,0.674703793772043
4000,475,-0.518475667845903,-0.3653800685671389,0.7050244499985986
4000,476,-0.5539294676985065,-0.31676323549255686,0.6607414812978673
4000,477,-0.5175202186792127,-0.3225783471341543,0.6324423971936826
4000,478,-0.530845996621977,-0.40025645074312005,0.7627237742945613
4000,479,-0.5264160947910629,-0.36515545170763675,0.6987141209247003
4000,480,-0.5496436601096524,-0.3739231923898464,0.7193891640570026
4000,481,-0.5320402587563913,-0.3592230415724263,0.6716050152875768
4000,482,-0.570013956242911,-0.3616584087513153,0.7156888976398255
4000,483,-0.5290977228644018,-0.347743347862668,0.6890112827517377
4000,484,-0.5456862029441769,-0.3192959758090131,0.6618574514413906
4000,485,-0.547744985667849,-0.32632588520552913,0.6735576499182577
4000,486,-0.5427882674877343,-0.3550586799457668,0.7113095805825201
4000,487,-0.5196186022657621,-0.3391274567412888,0.6896496256688638
4000,488,-0.530690666752641,-0.328342307337939,0.6715641865217086
4000,489,-0.538556433924732,-0.364927134725566,0.7238605165030715
4000,490,-0.5497883112519559,-0.3345530996741706,0.6788409355775248
4000,491,-0.5208129574473274,-0.3440690143002142,0.6730103768120002
4000,492,-0.5296455942150159,-0.33630305092646684,0.6576277131683262
4000,493,-0.5235114189456209,-0.3950257460090326,0.7610588729088976
4000,494,-0.5336451734432253,-0.26188563977215984,0.5967305009208401
4000,495,-0.5341838018854651,-0.2674681753556372,0.624029856214269
4000,496,-0.5167352097628605,-0.31363094933221003,0.6449467330060409
4000,497,-0.5325295262753986,-0.3520289330235784,0.6984266094884155
4000,498,-0.5465668554384456,-0.3090834201240583,0.6421673195770142
4000,499,-0.5498199093263291,-0.32024236387235716,0.7013836086587424
4000,500,-0.5608758418885207,-0.316520389880442,0.6671996972353763
4000,501,-0.5352804494708006,-0.3053035839890293,0.6116636072414238
4000,502,-0.5062668109428758,-0.3025449116188506,0.652779882183013
4000,503,-0.5542013071791629,-0.33430118824631183,0.6736655608642914
4000,504,-0.5503398640775604,-0.3153067057806001,0.6459740687241725
4000,505,-0.5238557673591726,-0.29220627217596923,0.611104046811169
4000,506,-0.5503804418016889,-0.29245840024375896,0.6221851190328112
4000,507,-0.5497208408440716,-0.30930112068900634,0.6481435979426543
4000,508,-0.5394302846912465,-0.3178348496777946,0.6389023800456723
4000,509,-0.5440305839143882,-0.2927052038873594,0.643959777306019
4000,510,-0.5434141585442362,-0.25151445742183437,0.5653722342616374
4000,511,-0.5313894084146803,-0.309312881379067,0.6585549703785837
4000,512,-0.5433978463144857,-0.34579007937711415,0.6692927701146183
4000,513,-0.5266821377601687,-0.3208773339570609,0.660410396245827
4000,514,-0.5377638508883523,-0.3411972649868252,0.6866022201788122
4000,515,-0.5379239764436875,-0.3030898568662809,0.6420327164489629
4000,516,-0.5398081317540401,-0.35471054126414625,0.6829368195765535
4000,517,-0.5270215834267662,-0.3412252523791578,0.6872770278345496
4000,518,-0.5368246938483533,-0.3122517347414075,0.6766199287847606
4000,519,-0.5561609079399074,-0.30857276937956357,0.636025709110011
4000,520,-0.5520978423824705,-0.26059525266746997,0.5857744347975268
4000,521,-0.5490726358106541,-0.30346367747819514,0.6281345430081318
4000,522,-0.5689899510448845,-0.26109564620669534,0.616835321884253
4000,523,-0.5308370462607946,-0.34474248271372315,0.6718820228631537
4000,524,-0.5452168911494712,-0.2826010001224622,0.6189603910070101
4000,525,-0.5521889076410794,-0.34739321523546857,0.6954680479768707
4000,526,-0.5247169940682428,-0.2638633284693873,0.5892145712884432
4000,527,-0.5130919321245953,-0.3300411277373392,0.6603599073116653
4000,528,-0.5343106487800291,-0.32706647673151795,0.6763031302778552
4000,529,-0.5585410054097126,-0.3383701805670673,0.6945219855518021
4000,530,-0.5437032217786678,-0.29899934609965123,0.6388737208830708
4000,531,-0.5345898193084201,-0.2822444925614064,0.5985147434674941
4000,532,-0.545160340527656,-0.3163582732454081,0.6543681269292825
4000,533,-0.5245636627688192,-0.3614830081308723,0.7076596705508112
4000,534,-0.5382198364593779,-0.3224207573001631,0.6326673680475022
4000,535,-0.5461671050807102,-0.3347029710115946,0.6636527960530456
4000,536,-0.5366750954083399,-0.31154656712050655,0.6600663859258117
4000,537,-0.518622424940577,-0.3026380153714912,0.6342870864964167
4000,538,-0.5547916888754703,-0.3571957660060409,0.7038039114399907
4000,539,-0.5127027856008664,-0.3300323512860172,0.6562186694782041
4000,540,-0.5400657245504447,-0.30127359350100874,0.6561203930807991
4000,541,-0.5177252878042634,-0.3107461329356708,0.6548061384144732
4000,542,-0.5164477616925067,-0.3215408478300452,0.6556375433679653
4000,543,-0.5324492276587006,-0.33459027051951157,0.6797130125130273
4000,544,-0.5675996510164754,-0.35501857420798205,0.687762734185272
4000,545,-0.5277146662125426,-0.33021053056512734,0.6484055225644563
4000,546,-0.5611922201950011,-0.3268808390216257,0.6838891019784145
4000,547,-0.509684286667631,-0.32114325637716606,0.6718445638522491
4000,548,-0.5458469824430825,-0.2857446552753753,0.6140295887417587
4000,549,-0.5340197996874467,-0.39867468553157664,0.7638004317894078
4000,550,-0.566749030603941,-0.30462302782912715,0.6451918309617355
4000,551,-0.5493218195620804,-0.34938984752421615,0.702419640918259
4000,552,-0.5503046736224867,-0.35711535731798777,0.6912604893361741
4000,553,-0.5340590097582967,-0.3408660001825287,0.700281578876277
4000,554,-0.541520953886903,-0.26976406639632194,0.5995780476772664
4000,555,-0.527421250077373,-0.24720574042291993,0.5931681545478681
4000,556,-0.540555133443085,-0.3316046308979829,0.6660585430012343
4000,557,-0.543658438765092,-0.30614670829765817,0.6280101310197843
4000,558,-0.509804024343704,-0.3002626812003818,0.6340079975851381
4000,559,-0.5265437367913083,-0.3575441133287598,0.704878343733191
4000,560,-0.5461397121154059,-0.3585383386049431,0.706884960837477
4000,561,-0.5462305212094327,-0.32814081915391985,0.6765883740348949
4000,562,-0.515566295207242,-0.3678652780827629,0.7287853334432902
4000,563,-0.537099911156668,-0.23519287681049902,0.559175352476314
4000,564,-0.5465406920013113,-0.3265700473442021,0.6622516265300166
4000,565,-0.5327885826678869,-0.32377664091041813,0.6641377315752701
4000,566,-0.5423880537402143,-0.3389136978486811,0.6863026764765008
4000,567,-0.5241002923945195,-0.31285862158060807,0.65165503024622
4000,568,-0.5356815992554506,-0.347432674474588,0.6773568899271528
4000,569,-0.5402531410661193,-0.3155783503273063,0.6312641275336189
4000,570,-0.5500029595021131,-0.3036124717936536,0.6428112697435423
4000,571,-0.5397811496770187,-0.30486066920037547,0.622824815928742
4000,572,-0.5502371718791299,-0.2710661200662781,0.57899947253271
4000,573,-0.5355440395609484,-0.3109021563950161,0.6283865060624343
4000,574,-0.5505644546560062,-0.28339383208323293,0.6145420883510105
4000,575,-0.5436255147651772,-0.30252969446203387,0.6333918798807887
4000,576,-0.5319657882627911,-0.3095192129711676,0.6484952023192516
4000,577,-0.5227242601469724,-0.3068061539197662,0.6353990430395045
4000,578,-0.5267324484369712,-0.27449735450304374,0.6002577842804585
4000,579,-0.5316069272180328,-0.2920425955763488,0.6488819125822791
4000,580,-0.5479424130680636,-0.36835001306989573,0.7008395478172947
4000,581,-0.556603205886324,-0.3331623171994479,0.6447334479777839
4000,582,-0.5369873831134574,-0.3210020213176415,0.6404045626711282
4000,583,-0.5609311145863952,-0.2899485335378315,0.6400047459289036
4000,584,-0.5586354420841059,-0.3053670923172362,0.6319251436639985
4000,585,-0.5429849611443787,-0.28991460473374686,0.6027609472174384
4000,586,-0.5297708576082074,-0.30799467210448983,0.6245512888305037
4000,587,-0.5696830957896954,-0.360734531778876,0.726504863176772
4000,588,-0.5716714602196741,-0.30945453144447244,0.6509512294005227
4000,589,-0.5177579277810624,-0.34593677750688884,0.6938233117093001
4000,590,-0.5737895458365234,-0.30086820398512487,0.6318455391817542
4000,591,-0.5427714122798216,-0.3001144358902747,0.6321122934545691
4000,592,-0.5527062204859293,-0.3462588930367664,0.7041157417708958
4000,593,-0.5638167582740672,-0.2493401058684613,0.5686495434015307
4000,594,-0.5225973020823832,-0.3462937547710788,0.6646045952084838
4000,595,-0.5400750341150601,-0.31179798378179746,0.6480275539023723
4000,596,-0.545919856926101,-0.30057516800338097,0.637317013885433
4000,597,-0.5145195886741685,-0.4020366765012091,0.7371871069184786
4000,598,-0.5440118121880814,-0.3348803174009714,0.6693086210211969
4000,599,-0.527065504799903,-0.31721868344482124,0.65478003163135
4000,600,-0.5222714125433305,-0.4076336729204738,0.7465029597146562
4000,601,-0.5221116030014558,-0.2608427332340471,0.588397634995774
4000,602,-0.5457231392210137,-0.31987781255487463,0.6673430880463695
4000,603,-0.5382161737840561,-0.3387106954641981,0.6809528155338183
4000,604,-0.5274559830851949,-0.2993267189772637,0.6386033018414997
4000,605,-0.550236673272648,-0.32193010577875003,0.6661724626643711
4000,606,-0.5286530857955446,-0.3865123419546172,0.7358312323899372
4000,607,-0.5455507927846814,-0.3637248158780588,0.6844441751153717
4000,608,-0.5307013367864684,-0.3331525595808274,0.6651790012627944
4000,609,-0.5438105439153869,-0.3510906340630305,0.6681712240614638
4000,610,-0.53063883681651,-0.3272499581355795,0.6704539777330936
4000,611,-0.5249728804119046,-0.29989134070961415,0.6099818831334538
4000,612,-0.5337398055723834,-0.30720033750031694,0.6487980153496302
4000,613,-0.5240096842390046,-0.28586389686872243,0.6191521896216345
4000,614,-0.5141268727543885,-0.30307714835717203,0.6037013915229035
4000,615,-0.5446358155129712,-0.33166288571173835,0.6418394548031119
4000,616,-0.5280566509805151,-0.2879384002875559,0.6220070641155085
4000,617,-0.5202815994095737,-0.280161512901539,0.60563241103735
4000,618,-0.5886439658610955,-0.31802524605281796,0.6678550738587632
4000,619,-0.5432068090119209,-0.3409035726080781,0.6979692560711066
4000,620,-0.5591861758874572,-0.36836278198797584,0.7133727039206568
4000,621,-0.5178657642947515,-0.33723165650186,0.691834887099595
4000,622,-0.5525613612674303,-0.3122416527147358,0.6744652743567294
4000,623,-0.5479159935161568,-0.34875977338251124,0.704090462720927
4000,624,-0.5299954318622193,-0.3189973042807005,0.6523324053431123
4000,625,-0.5522927404468972,-0.28980812401351524,0.6028872135327916
4000,626,-0.5146386964879732,-0.2842102887345446,0.6138270999940878
4000,627,-0.5193295609274081,-0.2738460224125066,0.6073323436526806
4000,628,-0.5356467890702576,-0.3215703690399273,0.6447590288244538
4000,629,-0.4862770505917524,-0.3227027514228957,0.6408127520162722
4000,630,-0.5389984398673083,-0.3093635192053383,0.6260571328801244
4000,631,-0.5406760381202083,-0.3748239097529621,0.7467921165538989
4000,632,-0.5370019777989224,-0.29729584085177146,0.6317773985961191
4000,633,-0.5322619163361311,-0.31385332986846315,0.6410570234139553
4000,634,-0.538643755620247,-0.34721909562241465,0.6839231681338186
4000,635,-0.5308506383208674,-0.28079522636219745,0.6047397676839711
4000,636,-0.5630101549939102,-0.2576489942814541,0.5954951966178212
4000,637,-0.524935869032434,-0.3207618178927951,0.6460840835109916
4000,638,-0.5508221034639658,-0.3525527585907368,0.6977556998596144
4000,639,-0.5732470462416284,-0.2822001760632978,0.6012098831695654
4000,640,-0.5193650688569281,-0.3558020736970278,0.6765396352366663
4000,641,-0.5601516004871568,-0.3125272511059072,0.6453323846132404
4000,642,-0.5398336406377015,-0.2838373280385841,0.6225707815422037
4000,643,-0.5392613218663943,-0.30035526166089027,0.6339620805993766
4000,644,-0.5467329118574229,-0.3832059410049196,0.7254599180224895
4000,645,-0.5441747945751905,-0.3238490408567426,0.6618741298059778
4000,646,-0.5311092369970855,-0.33709480270509806,0.6670772276514222
4000,647,-0.5188948555201292,-0.32423666263308837,0.6699475889283337
4000,648,-0.531633951551191,-0.29452763282178823,0.631951618458221
4000,649,-0.557000997425394,-0.30943383314156725,0.654979258685107
4000,650,-0.5393687546388707,-0.385741120237114,0.7032988146006084
4000,651,-0.5521040730488711,-0.30205533527758427,0.6340725451069305
4000,652,-0.5385155749540548,-0.2889529799574255,0.6356976247202026
4000,653,-0.5376282279239204,-0.31745733668529585,0.6649116044451912
4000,654,-0.5546829019981563,-0.3853029318899468,0.7298618599785267
4000,655,-0.5086049348688593,-0.4145578346473282,0.7698315115917554
4000,656,-0.5143633008829649,-0.39013130693171666,0.7383050483329905
4000,657,-0.5360050742708933,-0.3215363515165263,0.6469524754663604
4000,658,-0.5332935890465743,-0.354760820546512,0.6923127988236545
4000,659,-0.5550546321217473,-0.3780857473857415,0.7167770392870311
4000,660,-0.5359404342023184,-0.3087736314216602,0.6282215340545024
4000,661,-0.5505836932455184,-0.3037308158066224,0.6709190539671153
4000,662,-0.5509973489544644,-0.30659232048794327,0.6438279747946
4000,663,-0.520689690438749,-0.3664287412084834,0.7072355093151425
4000,664,-0.5470050930913646,-0.27274439553168217,0.6201457195727536
4000,665,-0.5447724466857202,-0.3290337775348667,0.681399953013792
4000,666,-0.5277483215181888,-0.3233877413137182,0.6546454464746045
4000,667,-0.5166492926468503,-0.39170739065106447,0.7499575736754438
4000,668,-0.5492176470005482,-0.32130131838559584,0.6725380434179608
4000,669,-0.506433648178812,-0.34048350185777965,0.6821267655532836
4000,670,-0.5407860147417669,-0.3793497339610583,0.7106445365672099
4000,671,-0.517791184359686,-0.3425057388726325,0.6860214398149639
4000,672,-0.5494075362655925,-0.26179033864819895,0.5867761223194766
4000,673,-0.5300637700291794,-0.3079455895807785,0.6158106096612566
4000,674,-0.5437642535022609,-0.29375970017740505,0.6029252386878704
4000,675,-0.5492589166105254,-0.25879411551092096,0.5963250588091449
4000,676,-0.5396460563066116,-0.3437142716062629,0.6943204175641463
4000,677,-0.5579294491806503,-0.3580961325618196,0.7094649799625833
4000,678,-0.5108490918196008,-0.29760744419244184,0.616136666472757
4000,679,-0.5192259798943568,-0.33509917946126844,0.6560610479509948
4000,680,-0.5284584349548014,-0.31207535156988525,0.6401255735230882
4000,681,-0.5247298651452066,-0.3184652263228393,0.6430931311624389
4000,682,-0.526482435918354,-0.2930299833167393,0.6083895218196634
4000,683,-0.5304441023838586,-0.3058406970999435,0.6478819373293637
4000,684,-0.5330134564206295,-0.30990055695776814,0.6421822744415071
4000,685,-0.543787223092765,-0.3378893329922303,0.6912655235498446
4000,686,-0.5365354840506279,-0.331959217405056,0.7058377010542783
4000,687,-0.5455224508541509,-0.3099185329531766,0.6412766909498121
4000,688,-0.5742789298044826,-0.3328637182661277,0.6944499714588379
4000,689,-0.5295445178852939,-0.32703733678334895,0.6810139047357896
4000,690,-0.5153097940954696,-0.32547013168263955,0.6648466967930701
4000,691,-0.5439972836861635,-0.35128055676775416,0.7052460862536475
4000,692,-0.5367326794273143,-0.3414558794502213,0.7015094982228797
4000,693,-0.5235719174573601,-0.3136387968846667,0.6194829189335923
4000,694,-0.5752428447989915,-0.33491782744285964,0.6677685981881111
4000,695,-0.534125703905544,-0.33688681057928516,0.6711118321037907
4000,696,-0.5126999675216746,-0.29216052414372295,0.6120996307220501
4000,697,-0.5625717469425808,-0.31401112279793997,0.6489811629024536
4000,698,-0.5571134303232448,-0.3271569765097414,0.6829441883708314
4000,699,-0.5249938586673305,-0.30241210334884694,0.6183869193780289
4000,700,-0.5430868524172188,-0.2967038049029349,0.6250712720773349
4000,701,-0.5188715044510647,-0.3652117827238273,0.6980979508381628
4000,702,-0.5135360029475168,-0.3421923095887878,0.6710111733039625
4000,703,-0.5508342364816792,-0.31198800150904743,0.6405497930330775
4000,704,-0.5301758512443664,-0.2794479779558321,0.6167972779174274
4000,705,-0.4962111671521442,-0.3195654781587565,0.652113951287491
4000,706,-0.5474125514549487,-0.300527448367761,0.6437962604566185
4000,707,-0.5193494160669266,-0.3557381517089987,0.6779407969691034
4000,708,-0.5206331630887072,-0.3301499530259089,0.648729103361869
4000,709,-0.5455013852461592,-0.298224732746623,0.648626811777987
4000,710,-0.5399481475126132,-0.2984151160283043,0.6213765516186732
4000,711,-0.5226314523134761,-0.2660886429837151,0.5767140212609818
4000,712,-0.547139764350431,-0.3132195234723782,0.668258441196461
4000,713,-0.554338417416249,-0.32609693854751365,0.6746535769399966
4000,714,-0.5452479793073155,-0.29837191235156507,0.6367546491656705
4000,715,-0.5565300827832791,-0.34000380383261286,0.6846062396139627
4000,716,-0.5390188913023698,-0.3514226260615585,0.6872478213084682
4000,717,-0.5168482148043395,-0.2990995058066257,0.6302473712243548
4000,718,-0.5473414304447981,-0.2921456504847016,0.6499885847033966
4000,719,-0.5289560831319514,-0.3624603963894987,0.7192422118282913
4000,720,-0.5175079240280385,-0.33321968630561954,0.6759538284095473
4000,721,-0.5470435311838301,-0.3601832261254613,0.7019694948003614
4000,722,-0.5131095106644249,-0.30527529099262635,0.6415262681281628
4000,723,-0.5136872095695572,-0.31024332485531025,0.6475992944971821
4000,724,-0.5340670705481427,-0.3580950923218793,0.6998572696460603
4000,725,-0.5288197788280372,-0.3271744454703175,0.6780647622429922
4000,726,-0.5125395874859066,-0.31502952060264633,0.6196550355444836
4000,727,-0.5211357972939824,-0.2877520660185711,0.6205762234171562
4000,728,-0.5340812783111258,-0.33640498591126067,0.6520492198953142
4000,729,-0.5306018613180749,-0.3194040668074314,0.6716996428335437
4000,730,-0.5465475599909487,-0.32700995273544825,0.6615737477676191
4000,731,-0.5350932083669858,-0.3332540174354866,0.6716479947163992
4000,732,-0.5284220663415501,-0.3101081987087407,0.650051163800455
4000,733,-0.5389065494219485,-0.2975521631121785,0.6344044874938108
4000,734,-0.5285213099347038,-0.304080128391546,0.634385428154598
4000,735,-0.5481535115935449,-0.2996885691120077,0.6382560238146273
4000,736,-0.5456889315215595,-0.3958323688355261,0.7483013669694858
4000,737,-0.5430364250760651,-0.3277786324385059,0.6885619073048073
4000,738,-0.5069284710863403,-0.2867141494775903,0.6287745178099151
4000,739,-0.5334403487590299,-0.29671050179768943,0.6326666786837456
4000,740,-0.539974295051793,-0.29766229357160995,0.6251851872242958
4000,741,-0.5641566514480163,-0.3466750808833712,0.6935813923374498
4000,742,-0.5179248942883431,-0.34247929732148147,0.6798277595785283
4000,743,-0.5211651295837729,-0.34077362069260486,0.6824840295455102
4000,744,-0.5531140445647801,-0.3539799241759136,0.7193468362788855
4000,745,-0.5294267086585078,-0.3232459104849276,0.645585859672824
4000,746,-0.5266428287537226,-0.32795039202347986,0.6387587281083873
4000,747,-0.5553209969555993,-0.2743336979618566,0.6189028442057638
4000,748,-0.5215549810932247,-0.3466854968045748,0.7040535079234093
4000,749,-0.5452366364346274,-0.3237853966465653,0.6552695239452256
4000,750,-0.5203814872606434,-0.32877488672806177,0.6453460067662574
4000,751,-0.5232274909827375,-0.3579322905631213,0.6702318484210603
4000,752,-0.5371420388529844,-0.30897066958508407,0.6307282638518275
4000,753,-0.5249789244512876,-0.31218377303687606,0.6585816975098273
4000,754,-0.5385569924457145,-0.38357685180261364,0.7412905593742638
4000,755,-0.5509727575746155,-0.3350384873707535,0.6911605248872823
4000,756,-0.5482492740914693,-0.29461706151108,0.6162082707640265
4000,757,-0.5405001042231001,-0.3474841407727163,0.7078092429415361
4000,758,-0.5388772771099127,-0.32182987568706967,0.6345729965453402
4000,759,-0.5407636207750062,-0.2944793183286148,0.6320532065928892
4000,760,-0.505712670887533,-0.34047571582577285,0.6774103499339091
4000,761,-0.5248009512979819,-0.28655945661318166,0.6077761577430157
4000,762,-0.5405402196580422,-0.34095334131472993,0.6719186174119802
4000,763,-0.5368761334867836,-0.3532485640200044,0.6899373971917778
4000,764,-0.5449467995967489,-0.33500446901007847,0.6545239964066771
4000,765,-0.5329457492180156,-0.32188469361507765,0.6324331719154963
4000,766,-0.5342283995816446,-0.3624674055394531,0.7044131513845373
4000,767,-0.5061894283166718,-0.3737571546251085,0.7314670937304608
4000,768,-0.5549196909053871,-0.3265945176230028,0.6679855650613497
4000,769,-0.535305348698148,-0.36577201412884625,0.7168797120577175
4000,770,-0.5235634678733198,-0.3289641885391106,0.6634318604644314
4000,771,-0.5378749699716486,-0.34575597677260056,0.6767614449643012
4000,772,-0.5362035325809116,-0.29052729924495757,0.6525583621441742
4000,773,-0.568860048808008,-0.31204204064017466,0.6541266223543827
4000,774,-0.5586344797994162,-0.30180310558586176,0.6549445927797547
4000,775,-0.5257342732882839,-0.3311865714643048,0.6663312520117384
4000,776,-0.5325220115096723,-0.27815883256313356,0.6296852484087095
4000,777,-0.5404504184032208,-0.36644775720271155,0.732393766642737
4000,778,-0.5311747624564955,-0.37709809626561125,0.7222573529994122
4000,779,-0.5460594248055672,-0.3170896698930851,0.6591575079489228
4000,780,-0.5284993966511501,-0.31999763311321366,0.6541634673179315
4000,781,-0.5363109909876814,-0.3200745526535028,0.6480207961041283
4000,782,-0.5092757164295499,-0.27945825975095645,0.5887744075786141
4000,783,-0.528049184325263,-0.26514754182643085,0.5811990945321649
4000,784,-0.5422575437854105,-0.34364282943696073,0.7144912719365292
4000,785,-0.5357109846666119,-0.286922840301792,0.6093560864936381
4000,786,-0.5486096570503605,-0.38827717712802434,0.7278137727677493
4000,787,-0.5425477447907447,-0.300310634197872,0.6389789034151013
4000,788,-0.5479066831378698,-0.3796246998319819,0.7337800316886356
4000,789,-0.5429794418193906,-0.34675723489709737,0.683542096368629
4000,790,-0.5333565896261421,-0.3521871606943342,0.6880064165270837
4000,791,-0.5356752080621202,-0.3244784688204736,0.6815596860146703
4000,792,-0.5242531728989315,-0.34874652308326737,0.7065613804008792
4000,793,-0.5407822387274617,-0.363293272702905,0.7041722639848982
4000,794,-0.5271688700078511,-0.306782918464035,0.6482292483301726
4000,795,-0.5576087066118022,-0.3568268266405019,0.6999003343907062
4000,796,-0.532061676937387,-0.33074537595795694,0.6594548894638269
4000,797,-0.5528400784213666,-0.3212492446433215,0.6632114868058131
4000,798,-0.5355417038661887,-0.31588480272452873,0.6354158231770508
4000,799,-0.517810143081595,-0.3051503663301817,0.644746622711708
4000,800,-0.5322132362427247,-0.36442664724695784,0.722274372687748
4000,801,-0.5403231033976601,-0.3777936949761323,0.7164652522774785
4000,802,-0.5331007728034879,-0.30718636108073477,0.6413836888772316
4000,803,-0.5269159476535369,-0.3514877329986435,0.7142021523150893
4000,804,-0.5414647052828498,-0.3673299028376634,0.7130767999728409
4000,805,-0.49810047383865796,-0.3710396950216504,0.6912346797289088
4000,806,-0.5442874124120025,-0.3325902686198492,0.6635159982453792
4000,807,-0.5240891758813099,-0.3419946664035063,0.6814391226437518
4000,808,-0.5300942052271831,-0.40585124485326063,0.7649031966658485
4000,809,-0.5191439186658899,-0.3566689124138108,0.6716121220407367
4000,810,-0.5575149852611331,-0.3009512687462659,0.6365365015536154
4000,811,-0.544740969554727,-0.32903676823122746,0.6441766317458149
4000,812,-0.5415185597986092,-0.3106329002361323,0.6674401796851781
4000,813,-0.5519572728476521,-0.289136928224604,0.6481415880524035
4000,814,-0.5322700545642178,-0.29488610897082396,0.6130864711374133
4000,815,-0.5538869217186085,-0.3275205870368384,0.6321245272975331
4000,816,-0.49738780185186654,-0.372008991610959,0.7231152927988009
4000,817,-0.5632458852094414,-0.3375148733756684,0.6694486409148005
4000,818,-0.5392118514713313,-0.33270996084251137,0.6465739889980363
4000,819,-0.5459048395128351,-0.35422851786552173,0.7214321931935285
4000,820,-0.5350000346941071,-0.3294448748704713,0.6957781332223338
4000,821,-0.5342728431406056,-0.31496150714676996,0.6525392722126361
4000,822,-0.5542942763884768,-0.3271058836578666,0.6540144530734731
4000,823,-0.5344878799289168,-0.28416456797160883,0.6172022840407726
4000,824,-0.5030629174284511,-0.29370353547621875,0.5776549264498462
4000,825,-0.5187093164117776,-0.34629065642334994,0.6810304849526757
4000,826,-0.5330100998059322,-0.30197098646935056,0.6529631425383594
4000,827,-0.5495864925889704,-0.3272665376824156,0.6727106896254669
4000,828,-0.5272963029316576,-0.32396302444049835,0.6504844073127211
4000,829,-0.5555782854200808,-0.38898257227255206,0.7438350827488195
4000,830,-0.5503707982954323,-0.2922906976933989,0.6266012562183874
4000,831,-0.5330898492291588,-0.32387034034059037,0.6464908824896035
4000,832,-0.5177211783796227,-0.24537884692065903,0.5551826624689974
4000,833,-0.5289725183899678,-0.33191165171183445,0.6480415409726744
4000,834,-0.5545086936085925,-0.27776310073339705,0.6223726454070481
4000,835,-0.5508422321656513,-0.2825172134274545,0.6320612969597025
4000,836,-0.5338161984352229,-0.34457028044423266,0.6875173845644551
4000,837,-0.5553070031382078,-0.3059082163754123,0.642027068035767
4000,838,-0.5311842048710453,-0.2673925302394691,0.5766328712159566
4000,839,-0.5354583803045703,-0.28474357295683905,0.6306726368417276
4000,840,-0.5381652042375442,-0.339788413195832,0.6661534979014248
4000,841,-0.5498044803302571,-0.3287808845899204,0.6886191962951489
4000,842,-0.5662944284355566,-0.2995490056666076,0.6509765142018752
4000,843,-0.5485141340464721,-0.3396698814220612,0.6578811850395294
4000,844,-0.5386970104415647,-0.3505741560628303,0.7038748648726363
4000,845,-0.5283257232177021,-0.30718638913269986,0.6553301427490463
4000,846,-0.5448261772410966,-0.3290306969249187,0.6784691886350682
4000,847,-0.5543701155122274,-0.3436084425544727,0.7091521469723038
4000,848,-0.5711260391202043,-0.38451181082112745,0.7282433839774298
4000,849,-0.5536357144950457,-0.34441595420699606,0.6747925063848048
4000,850,-0.5001911835410436,-0.33221698213497536,0.7003812343085826
4000,851,-0.5390831703981351,-0.33377726747444325,0.6703222988880193
4000,852,-0.5411449975217688,-0.35578480161088605,0.6846103063533712
4000,853,-0.5987460500891403,-0.28963493060993195,0.6257898305151055
4000,854,-0.5292745655508305,-0.2995392521689763,0.6496594586348559
4000,855,-0.5473683708709524,-0.3283349477472086,0.6911829737615534
4000,856,-0.5157446845803877,-0.3553156772565026,0.6811467263899906
4000,857,-0.5508002417917576,-0.3179233801271153,0.6214973585316927
4000,858,-0.5363602581617828,-0.3958892983972808,0.7475113744931788
4000,859,-0.5261630570495475,-0.3412073113757738,0.6708753184736054
4000,860,-0.5557778994463636,-0.30773593275289807,0.6471133787787603
4000,861,-0.5452822323784027,-0.3169314585704022,0.6710178985479852
4000,862,-0.548370363993534,-0.37702430793823355,0.7358842859117167
4000,863,-0.5376700439246225,-0.3270759998243916,0.6408548995233653
4000,864,-0.5618996466126506,-0.31434335410227465,0.6777541112994864
4000,865,-0.5310551758885284,-0.40507862187510857,0.7555276043284507
4000,866,-0.5027870321814449,-0.33312154358221924,0.6814584715275984
4000,867,-0.5367328762809503,-0.30807370954619445,0.6358139097829838
4000,868,-0.5501846665357032,-0.330065305450715,0.671282060076803
4000,869,-0.5800123457797413,-0.36416948906572616,0.7206032078161487
4000,870,-0.5205355226636841,-0.3187309699069784,0.6384573857199981
4000,871,-0.5502491413886617,-0.3171557359242206,0.6378923726581327
4000,872,-0.5465253986667421,-0.34752299224741046,0.6756432191571318
4000,873,-0.5297755064491254,-0.3515195171933141,0.6887493098295626
4000,874,-0.5390513410527503,-0.3098829656877418,0.6317952149618329
4000,875,-0.5321369405571281,-0.26956829994869896,0.590416251494379
4000,876,-0.550758561375842,-0.33681183136824044,0.7046881469507887
4000,877,-0.5436268116312775,-0.353267610830802,0.7095134647464736
4000,878,-0.5338480008536308,-0.3202414015908009,0.6174184664358104
4000,879,-0.5286756700357955,-0.3411103523651851,0.6861401816009325
4000,880,-0.5336313742532407,-0.2642256402064449,0.594443680843629
4000,881,-0.5194612364885485,-0.2725007095375701,0.5847693175591996
4000,882,-0.5690013927504121,-0.27704940512050036,0.6159380775439934
4000,883,-0.5388412034956129,-0.27834258400205736,0.6171628081350821
4000,884,-0.5298892039676327,-0.3017132151678673,0.6394995749771374
4000,885,-0.5383334082815263,-0.3522421189930116,0.7010832998999118
4000,886,-0.5125953464986481,-0.304339983809976,0.62960939305746
4000,887,-0.544381763364059,-0.32325791212677607,0.6381343341220415
4000,888,-0.5022144393480236,-0.3286322745477962,0.6517264767840987
4000,889,-0.5671606457286156,-0.3018906370469849,0.6591840468341514
4000,890,-0.513267237271942,-0.35335713514772416,0.6880803896994812
4000,891,-0.5627927332087042,-0.266313446762031,0.6102440961612408
4000,892,-0.5283482858970994,-0.30509660970662805,0.6504636298123325
4000,893,-0.5498640592731947,-0.3134071015614889,0.6585884274652893
4000,894,-0.5194780149468449,-0.28306542846908717,0.5894604060544599
4000,895,-0.5092512523159162,-0.34708878110621244,0.6727028371298397
4000,896,-0.5342060542250218,-0.3091159628212864,0.618679584018237
4000,897,-0.563650235620734,-0.37182597909626125,0.7280399739053974
4000,898,-0.5258341067233889,-0.37116856148892124,0.6939778024978576
4000,899,-0.5334471464817726,-0.28907765504960925,0.6243257819488991
4000,900,-0.5624521618528819,-0.3343760122568221,0.6572984531365712
4000,901,-0.5502778187371118,-0.34112205540493756,0.6940561774436137
4000,902,-0.5366928437645523,-0.306568448887024,0.6278325321376322
4000,903,-0.5479545736234848,-0.37862212909125775,0.7236783977537283
4000,904,-0.5366608745216738,-0.31583968319636924,0.6518629070446992
4000,905,-0.527174734773383,-0.31102260762958583,0.6117760723498958
4000,906,-0.5431886172851594,-0.33513426955632525,0.6798792743892477
4000,907,-0.5440071746544693,-0.3409631023915385,0.6752407744103556
4000,908,-0.5544432291285329,-0.37225485584667994,0.7190353163377152
4000,909,-0.5683075591854567,-0.3494795701822245,0.6993480519845049
4000,910,-0.5243109098124585,-0.3817537008592364,0.7084302719229548
4000,911,-0.527727756640102,-0.31943863498236624,0.6642294341163902
4000,912,-0.541280068659193,-0.33782421818702163,0.6846875062488715
4000,913,-0.5410811265379404,-0.2612638233168274,0.577889235976644
4000,914,-0.5289357447261488,-0.3338270699800387,0.6580887783157945
4000,915,-0.5019753796157702,-0.2898852402148267,0.6344780936326843
4000,916,-0.5268156541370324,-0.31612468221905105,0.6490148264002056
4000,917,-0.5582655899122944,-0.32555155145293857,0.6502616700294791
4000,918,-0.5434211071300724,-0.3308888411320189,0.6660460550043208
4000,919,-0.5380170284545532,-0.34181433028118485,0.6835778150381335
4000,920,-0.514448057366798,-0.37185773447592807,0.7294171249103587
4000,921,-0.5409958388009818,-0.3351300891672993,0.6671145975303691
4000,922,-0.4846224437233275,-0.3285981416941323,0.665934564304743
4000,923,-0.521783079519472,-0.33464597849111966,0.6617580122183384
4000,924,-0.5176039410413149,-0.2767704514451511,0.6187645702113866
4000,925,-0.5607339779605283,-0.3229881601736911,0.666370516659249
4000,926,-0.5527127412669346,-0.387826738220535,0.7658279335789355
4000,927,-0.5257338943866625,-0.3158224267882767,0.6294459681077089
4000,928,-0.5448422356144196,-0.3468948771340808,0.7010362692914273
4000,929,-0.5349185616593486,-0.3055577330096547,0.6582513521906508
4000,930,-0.525144999671499,-0.2962482317609896,0.6226167596895483
4000,931,-0.5260849180693563,-0.2941283627414793,0.5987550761199958
4000,932,-0.5335118200649466,-0.3702884159643679,0.7317503589195209
4000,933,-0.5191515355064096,-0.29505844089305144,0.6170383688564639
4000,934,-0.5399175101333036,-0.32253582888388155,0.6581327257942915
4000,935,-0.5597713798461371,-0.29671995436261794,0.6359291024239847
4000,936,-0.5101693777447112,-0.29602146519408096,0.6236325880218407
4000,937,-0.5530733491884037,-0.3723548609902509,0.7185476513038126
4000,938,-0.5232977435362378,-0.2589846266927112,0.5962383097896843
4000,939,-0.5225665192216233,-0.29163652530882883,0.5996658712426031
4000,940,-0.5386589964948361,-0.3735917474012611,0.7387657055706487
4000,941,-0.5162956233824425,-0.35394278642648574,0.6891902057384739
4000,942,-0.5582593295241759,-0.32878702960057643,0.6800972492332062
4000,943,-0.5361407462161831,-0.29849564165239695,0.6409764852077605
4000,944,-0.5399266782864489,-0.340768734142974,0.7048651552453532
4000,945,-0.5645245208249918,-0.30041420967461147,0.6385886352786109
4000,946,-0.5448463812000124,-0.27880596004481084,0.6095828758254388
4000,947,-0.5358131762951628,-0.3144350190251784,0.6615678233789329
4000,948,-0.5259680724115678,-0.3418484093412411,0.6691104100969515
4000,949,-0.5319311495989756,-0.29035607596763846,0.6306883979841148
4000,950,-0.5456740237361191,-0.30625280457268544,0.6212873107124596
4000,951,-0.540667009927814,-0.31219923157372353,0.6461515620895556
4000,952,-0.5612411253374652,-0.3013957353018479,0.6225008728621704
4000,953,-0.5453446445738821,-0.33324359762036243,0.6880149867521281
4000,954,-0.5311253694658495,-0.3387184667975655,0.684745117143497
4000,955,-0.5335702051269542,-0.30163901421143424,0.6308208380390602
4000,956,-0.5420011654487078,-0.40707556622249447,0.768631409238016
4000,957,-0.5483107297846542,-0.28060652873463626,0.621527359688953
4000,958,-0.526880603375103,-0.29640056662963254,0.6213000203176613
4000,959,-0.5382787097140538,-0.3614569945320903,0.690143701317452
4000,960,-0.5553714907736499,-0.31229652072324154,0.6516301946837884
4000,961,-0.5594833788029554,-0.32864685989414766,0.6655128390130889
4000,962,-0.5290350291902157,-0.21273898777205386,0.5099505058840679
4000,963,-0.5316793476273434,-0.30175484517424866,0.6119193518813161
4000,964,-0.5650767331093005,-0.2990998895815581,0.657392756537397
4000,965,-0.5075273384962696,-0.38675263872280974,0.7345422402261463
4000,966,-0.5456146335590358,-0.2953864212488978,0.6443383764902095
4000,967,-0.5666818059316884,-0.2680646454484656,0.5934949767911275
4000,968,-0.5517728192423059,-0.27737958093196957,0.6155795790005696
4000,969,-0.5465150249675993,-0.2840744763432967,0.6431843707059666
4000,970,-0.5114485101699647,-0.30110887230087563,0.6134832847753424
4000,971,-0.5440410024815258,-0.27771431344017916,0.6199555264327375
4000,972,-0.5710505785546582,-0.3012633901432209,0.6521128816608056
4000,973,-0.518491146181034,-0.360351116710989,0.7268683960212359
4000,974,-0.5296769094419367,-0.33526420647207306,0.62262657437473
4000,975,-0.543036795789748,-0.2710310635642847,0.5888082111573477
4000,976,-0.5296312282766111,-0.348084232141606,0.669500168275695
4000,977,-0.5547387600236194,-0.32689857610321166,0.6526537244649496
4000,978,-0.5297957333745118,-0.3323472998802735,0.6672450224601257
4000,979,-0.5091695929828157,-0.369631479312194,0.6722210713250006
4000,980,-0.5405054187711249,-0.3316657808416471,0.6613085639457377
4000,981,-0.5288122405170655,-0.3556876467053338,0.6817431789740643
4000,982,-0.5667072829019721,-0.33794249863199466,0.6810173828883487
4000,983,-0.5423571483022398,-0.33271337294137937,0.6403715647637879
4000,984,-0.5590529353559854,-0.3137294144402299,0.6543291789110441
4000,985,-0.5648139759410822,-0.3455445765024983,0.6658979538803234
4000,986,-0.5320618113072666,-0.30834797781206374,0.6424359310114311
4000,987,-0.5089920208479073,-0.31548400503391616,0.6470731099352175
4000,988,-0.5400812937183501,-0.3080485890865427,0.6050882912856219
4000,989,-0.5149345722758508,-0.395698676268959,0.7479395994448574
4000,990,-0.5412850971775263,-0.4106966302431257,0.7840419263320074
4000,991,-0.5445498030158793,-0.2910533063354071,0.6028044417520046
4000,992,-0.5292996275222355,-0.34563796553955356,0.6847645911266559
4000,993,-0.5184877852853207,-0.28592100622573713,0.6277639828430608
4000,994,-0.548563771697219,-0.28060757719715085,0.6106920572685165
4000,995,-0.5288635547620564,-0.3091966404960585,0.6229830941354787
4000,996,-0.5100333552061478,-0.333739238497676,0.6893126736548155
4000,997,-0.548054102592918,-0.34971682984162045,0.6856160269659481
4000,998,-0.5411784732068656,-0.3167598191838341,0.6309211420374861
4000,999,-0.55660640004645,-0.3146052820644103,0.6634488452492951
8000,0,-0.5950275417643073,-0.35843570371280425,0.711563605149372
8000,1,-0.561287839271343,-0.2943264649992069,0.616942114281525
8000,2,-0.567501494500043,-0.3522152645513568,0.661644259487832
8000,3,-0.5877171415252918,-0.35158631294110126,0.6705712431460902
8000,4,-0.5961659965398384,-0.30624431366215715,0.6355448080159921
8000,5,-0.600845230647646,-0.398426573314364,0.7458879815892971
8000,6,-0.5372482913745122,-0.34833823442005674,0.6471555264802134
8000,7,-0.5494149602987569,-0.35865962047809835,0.6797668603655264
8000,8,-0.5756136771297873,-0.36461413719344593,0.696857259166631
8000,9,-0.6066901586255335,-0.32578254041969745,0.6134781138858605
8000,10,-0.5887378483997997,-0.32816113624176557,0.6328584991779952
8000,11,-0.5868161712771189,-0.325850696450506,0.6277264557037882
8000,12,-0.5853769618790903,-0.35106210299155943,0.6509504979056825
8000,13,-0.5847644695350244,-0.417249472492491,0.718426730130615
8000,14,-0.5835782209180445,-0.24503135853769814,0.5370115484606934
8000,15,-0.5821912459627236,-0.4019434334776463,0.7560589821372986
8000,16,-0.6324939801284726,-0.2713356040432475,0.5778874541590805
8000,17,-0.5845795898555362,-0.3333075538361672,0.6492988766555656
8000,18,-0.5693742085143643,-0.3901213267881893,0.7152779996699127
8000,19,-0.591986208939705,-0.3500893279563581,0.6748850180321119
8000,20,-0.5819375564254764,-0.363312213543973,0.6620750078305908
8000,21,-0.6052826072209021,-0.35439817203579627,0.6882439934873618
8000,22,-0.5780397947007452,-0.2470926591932906,0.5429746668150057
8000,23,-0.5598010833109371,-0.37460030216182094,0.6841698800747319
8000,24,-0.6260062385720949,-0.2939924794485962,0.6170092956978072
8000,25,-0.5609884575549869,-0.34843311746194683,0.6637515074174459
8000,26,-0.5924047331183301,-0.3312459325236552,0.6174432421729941
8000,27,-0.6272964648556746,-0.36438423963038663,0.6776667788848196
8000,28,-0.5625631881223082,-0.32338264983368703,0.6375158507703625
8000,29,-0.5955310208062707,-0.35218166589378375,0.6781600494019503
8000,30,-0.5417022244201406,-0.3042526814498172,0.5937728374946624
8000,31,-0.5721750531844125,-0.35650416844227445,0.6609027895495769
8000,32,-0.5714790819424355,-0.35881920420374563,0.66086356014995
8000,33,-0.6097143535911698,-0.3242533055139654,0.6440614916426597
8000,34,-0.5898247158391041,-0.29803737115657286,0.6171291452970332
8000,35,-0.6204865293421732,-0.3925856811377323,0.6829766224241635
8000,36,-0.579410847515295,-0.32450984454691134,0.6575107551160094
8000,37,-0.617001616129587,-0.3571714923899312,0.7308618725215916
8000,38,-0.5543433767746992,-0.39345668968695824,0.6972019619130314
8000,39,-0.5552544600479363,-0.26128383938395694,0.5496784415739724
8000,40,-0.6179076493502305,-0.3273023500930882,0.6667987119056282
8000,41,-0.5780555686789752,-0.33925900296933975,0.6664351235390822
8000,42,-0.5923373518024628,-0.34502830383759303,0.6549548801328307
8000,43,-0.6033513477865396,-0.3025781030939271,0.6244992327278566
8000,44,-0.6078546212351825,-0.2750848180592124,0.5531146615744015
8000,45,-0.5448254708346718,-0.41235032800449967,0.7160713529672693
8000,46,-0.5851361432333761,-0.31713765882322764,0.6423104205742816
8000,47,-0.6101422748230481,-0.2931477912169948,0.6165525689833574
8000,48,-0.5713611641866195,-0.3515680920045716,0.6796550677058666
8000,49,-0.5575677806055004,-0.39818538574207024,0.7029300096384592
8000,50,-0.5523681677743929,-0.3095968231388796,0.6165480424083194
8000,51,-0.553801224310457,-0.40566957688962696,0.7080072650375021
8000,52,-0.6064249258377226,-0.37073529953044027,0.6710928926104394
8000,53,-0.5708698067683315,-0.366574887758285,0.6754003086204964
8000,54,-0.5854271215944031,-0.3005942762867429,0.6020041367492188
8000,55,-0.5917167973461104,-0.36746434865568983,0.6547666351149924
8000,56,-0.5653769632468129,-0.37749005274812464,0.7055113969967224
8000,57,-0.5556906123441205,-0.3536811549379344,0.7205247870038463
8000,58,-0.5877281718676944,-0.2911282898301044,0.5722056050966591
8000,59,-0.6142544827441392,-0.32351453160441324,0.6237247217475885
8000,60,-0.6170739834248771,-0.2952065373713268,0.612491717106561
8000,61,-0.6055656682686403,-0.27912382663849367,0.5780838496960121
8000,62,-0.6165124081776598,-0.34762473380323294,0.6752661793359633
8000,63,-0.5852696623489698,-0.3655507369403969,0.7048949323952332
8000,64,-0.5780024991112689,-0.3277251486158719,0.6575627266627828
8000,65,-0.5908816501238964,-0.3570152599864191,0.6363188485552478
8000,66,-0.5582462247937434,-0.40279105931101333,0.6964615028162127
8000,67,-0.5946883149945368,-0.3060503177976973,0.6077483192174674
8000,68,-0.5573471510221009,-0.32835317229724553,0.607722641925417
8000,69,-0.5836385859442739,-0.3229494149081243,0.6304134331869714
8000,70,-0.581403397901205,-0.2703011445359307,0.5686679482137481
8000,71,-0.5723343910447694,-0.3646867561197185,0.676874194136082
8000,72,-0.5971083229632157,-0.3903349083791854,0.7197614519042379
8000,73,-0.5488449159425924,-0.3291672350604242,0.6423222746974528
8000,74,-0.5611786931896197,-0.2746754538984853,0.5762544761822626
8000,75,-0.5801175305115043,-0.38093976140933733,0.681467116920255
8000,76,-0.5927641548618675,-0.30174692312172324,0.6142534664690285
8000,77,-0.573454153658559,-0.3702025067791075,0.6725362836909758
8000,78,-0.5712684450724959,-0.3180828832516041,0.6368419926798635
8000,79,-0.6247030913837008,-0.3234852123883444,0.6486132580576298
8000,80,-0.5739579167144591,-0.3684521718078686,0.6611600909399447
8000,81,-0.5970632973167278,-0.3782595542149852,0.6901026728577075
8000,82,-0.6025969029992231,-0.33062105730480174,0.6452093300000755
8000,83,-0.5676393782887509,-0.35369968042732897,0.6973030940873677
8000,84,-0.568785879576992,-0.3785969787951636,0.6984956302750315
8000,85,-0.5743833383399009,-0.31516454729175236,0.6384397758651204
8000,86,-0.5784512401665753,-0.3820257644504665,0.7115038939033022
8000,87,-0.5587134791150721,-0.33058235416483495,0.6396658945156474
8000,88,-0.5859840491659889,-0.35447106003066564,0.6600962897569206
8000,89,-0.587055188733498,-0.37053523081678996,0.7017101682044704
8000,90,-0.5552865474762954,-0.3326314070733842,0.6066832982710747
8000,91,-0.5686607247038937,-0.37464930813977526,0.6874638670277802
8000,92,-0.6254241015809908,-0.2920353625779812,0.5988319117612635
8000,93,-0.5869160515905718,-0.3514844198363303,0.6519749153945394
8000,94,-0.5805349626829368,-0.2986310312261001,0.627861437314296
8000,95,-0.5851445633420111,-0.39224220467844645,0.7275510535102293
8000,96,-0.547915562414675,-0.3081301252739018,0.5885635160766842
8000,97,-0.6139492914312528,-0.3434363515732734,0.6685117630079855
8000,98,-0.5724257525183185,-0.28031009588279154,0.5618281536192057
8000,99,-0.5702961299409697,-0.33992321551702726,0.6374198697784415
8000,100,-0.5371179027214132,-0.33273849287175683,0.6400162956939809
8000,101,-0.5807095405621487,-0.2880858794635912,0.6055657311463026
8000,102,-0.5453868773342138,-0.2760246876175814,0.5630177093000611
8000,103,-0.5913329753557761,-0.3481934678835544,0.6469467365949401
8000,104,-0.6107227972795257,-0.3462669876494583,0.6645487484082734
8000,105,-0.5743982566043788,-0.25799704138209345,0.5784581463398188
8000,106,-0.5839318601785352,-0.3194684132528366,0.6511926388061632
8000,107,-0.6003822730645452,-0.2947529530980849,0.6132272321849035
8000,108,-0.5672868605762158,-0.35312775697798016,0.6595608116698999
8000,109,-0.6354789119732691,-0.3455942629941858,0.6613691503846117
8000,110,-0.5954924338733198,-0.3573122393088748,0.6757602040392008
8000,111,-0.6261919193922234,-0.376228581167949,0.691258286630274
8000,112,-0.6008645277504834,-0.3191451060870204,0.6200237252260804
8000,113,-0.6089255725585196,-0.2347442050748333,0.5567082064048781
8000,114,-0.5869234905664986,-0.36159360018682435,0.6621225224797693
8000,115,-0.5935958650209943,-0.32357443047414264,0.6270120030303331
8000,116,-0.5090962241147291,-0.36641498171376824,0.6672344422930117
8000,117,-0.6088138682468063,-0.42894209216157375,0.7671961533884528
8000,118,-0.5716109598401323,-0.3399292454400702,0.625538823611053
8000,119,-0.6102887019541281,-0.3388205534600271,0.6505367839577207
8000,120,-0.6315163284254439,-0.2816099327243844,0.6021786044047812
8000,121,-0.585030195870763,-0.3170648572900782,0.6387582620331531
8000,122,-0.6198008373851516,-0.3249880688128675,0.6336206331442777
8000,123,-0.5687056850797384,-0.36578988065600265,0.6789465104918417
8000,124,-0.5642579730543935,-0.34831914308709244,0.6629654882226327
8000,125,-0.6168450093627469,-0.26643433228747376,0.528562660650365
8000,126,-0.5895009102705554,-0.40260497757405195,0.711082687818624
8000,127,-0.5734027195401878,-0.38587324775529486,0.7109796420081657
8000,128,-0.601855624954208,-0.35592159327501693,0.6852139394572868
8000,129,-0.572923832142443,-0.30148145634922086,0.5922929739537653
8000,130,-0.5888496649488033,-0.2682342449189861,0.6038978901391774
8000,131,-0.560762125343675,-0.4023360358131772,0.7265941759999944
8000,132,-0.5605177517702082,-0.3328973487916272,0.6324234932900964
8000,133,-0.611712864022083,-0.3065610218841817,0.6383859948958233
8000,134,-0.5998923939675824,-0.3885142594260304,0.7535906973478341
8000,135,-0.5988849949469277,-0.324736863386229,0.6741205541963118
8000,136,-0.5633180451154033,-0.3692805587112738,0.6542375512187705
8000,137,-0.5834250525663442,-0.3780690680110285,0.678151186763568
8000,138,-0.5968155504593715,-0.2950952222671471,0.627460757472697
8000,139,-0.582821921718439,-0.3262314345332492,0.6330130794372149
8000,140,-0.5538750275557713,-0.3347105773305168,0.6370787902437745
8000,141,-0.5966323919349394,-0.33725192131524545,0.6296751616285334
8000,142,-0.5968987452479131,-0.3584244392365917,0.6565184018437986
8000,143,-0.5883202111948372,-0.3265971429293481,0.6251907298616581
8000,144,-0.5556961789638294,-0.32029962543051,0.6100778618436794
8000,145,-0.5953132703867325,-0.35215578188424396,0.65215421503369
8000,146,-0.6239618059325678,-0.34484727005219956,0.6834018355619116
8000,147,-0.6003097328368243,-0.34055997504001123,0.6385633380628839
8000,148,-0.5612413439798889,-0.3575351044191194,0.6610775077552802
8000,149,-0.5414939555839451,-0.3256485461593133,0.6685036528926204
8000,150,-0.5917591131913404,-0.31903963515202893,0.6321502665761155
8000,151,-0.5984665162657008,-0.2810814091977867,0.5718604428880765
8000,152,-0.5834907013137125,-0.2936925403199828,0.5820411397512942
8000,153,-0.5781504270176807,-0.24079229722182277,0.5548078398448514
8000,154,-0.5821559430484549,-0.3911247583684172,0.7015641504495908
8000,155,-0.591011000811535,-0.29854687368030525,0.5802085409327757
8000,156,-0.6065387036737777,-0.3905337036944394,0.7131187230053154
8000,157,-0.5711124064330739,-0.3556769802274736,0.6759759655040095
8000,158,-0.6011244802795971,-0.3437158776461674,0.6451802277472485
8000,159,-0.582172803386749,-0.2944242466134314,0.6070645232623635
8000,160,-0.5519429781233391,-0.34848312048903163,0.6475278020268264
8000,161,-0.5836684161663548,-0.41404058778438396,0.7636825800978178
8000,162,-0.5993352520887432,-0.3092911005539578,0.616777278695871
8000,163,-0.5973813061276421,-0.36448409168867757,0.6890916213880666
8000,164,-0.5714542774081277,-0.33630857348647214,0.6352963403363175
8000,165,-0.563445569185949,-0.3649407690704922,0.6897858244718095
8000,166,-0.5841894282969778,-0.32513940143027753,0.6410439346440925
8000,167,-0.5619950984003848,-0.3714806819147414,0.6887511830502611
8000,168,-0.6230104377318714,-0.32260923830961435,0.6672633299326285
8000,169,-0.579378731708128,-0.35985463691484376,0.6683805713386605
8000,170,-0.609865184799647,-0.38224550617541264,0.7012754651163317
8000,171,-0.6033590796681179,-0.38723809162721334,0.7387861193138197
8000,172,-0.5605796876230036,-0.41006192138222414,0.7335692988909928
8000,173,-0.5863566997907306,-0.3477284653665498,0.6589457197474767
8000,174,-0.578997361601385,-0.39406071371991713,0.7124559390523619
8000,175,-0.5616007264690684,-0.32489011733099027,0.6311119411008574
8000,176,-0.5615899724317268,-0.3630144948306858,0.650839715343308
8000,177,-0.5427464039998848,-0.32784055892485675,0.6420420409027487
8000,178,-0.5616099118604898,-0.3573650196978109,0.6663312102559997
8000,179,-0.5775472530420328,-0.34280831603465894,0.6347584951983115
8000,180,-0.5620340730704869,-0.3271408633908934,0.6462381261130038
8000,181,-0.5790684849124483,-0.2837285867774982,0.5735058584368664
8000,182,-0.5828935687625865,-0.3500470116952401,0.684315870453535
8000,183,-0.5902602220436571,-0.355349966242477,0.6648282996507303
8000,184,-0.583081867024825,-0.4171918873562714,0.7452085523064595
8000,185,-0.5696505968211685,-0.33102321387775024,0.6379192740039644
8000,186,-0.5863134464816631,-0.33731169195344896,0.6638617374683015
8000,187,-0.6045756006484593,-0.3136202156280747,0.6536747309138105
8000,188,-0.5928775984206227,-0.37325158136850106,0.6947993022768958
8000,189,-0.5879489633628139,-0.3219987498963237,0.6485734127546703
8000,190,-0.570748808593612,-0.3106912510252984,0.6415303054136878
8000,191,-0.5958202465782174,-0.3076012307329126,0.6321497622279311
8000,192,-0.5948753891335747,-0.25664455370005806,0.5749512887552594
8000,193,-0.6074707710127436,-0.29100623687305227,0.6071396438856475
8000,194,-0.5732216932036539,-0.3338158894077029,0.6478396587662962
8000,195,-0.5605448708973462,-0.28940949421501916,0.614064229413575
8000,196,-0.5954309636613404,-0.32839689834761954,0.6566454805702971
8000,197,-0.5750373655202563,-0.3451014149710295,0.65587492455334
8000,198,-0.5786377160929266,-0.34110083594076535,0.6255667764640489
8000,199,-0.6301925330058447,-0.3028705780131407,0.5841014691600934
8000,200,-0.5978673027928156,-0.3694023111032075,0.6898910075455171
8000,201,-0.6035369189190909,-0.36305605864502016,0.6714911802623563
8000,202,-0.609007302379588,-0.4119477244344922,0.7284779956989347
8000,203,-0.5882083439731031,-0.4069616800544571,0.7284265931580163
8000,204,-0.5883143347233308,-0.33410353365290557,0.6413923472755949
8000,205,-0.5957345472557123,-0.3423647003273128,0.6540836058105131
8000,206,-0.5819351839124893,-0.3702828767169488,0.6715524084991529
8000,207,-0.5736160470066219,-0.29470871385435055,0.5762460011405376
8000,208,-0.5629070343641696,-0.3793333346032808,0.6760870685189496
8000,209,-0.6099711611680847,-0.3297897528751232,0.6457062706194924
8000,210,-0.5577500402591328,-0.319680364691596,0.6191653064865239
8000,211,-0.5946391529612272,-0.3379781285907699,0.6450980910698436
8000,212,-0.576654407099318,-0.34772986644506765,0.6512664686028367
8000,213,-0.5960430625016934,-0.4050436402863418,0.7164607976003929
8000,214,-0.5549091178828123,-0.3839940088213661,0.7188520774783771
8000,215,-0.5888407603791653,-0.300401651338655,0.5985896589933863
8000,216,-0.5774640720653235,-0.33970394741851506,0.6262201734320779
8000,217,-0.5771387566875358,-0.3173643115489553,0.61944113543209
8000,218,-0.5948585411840878,-0.35418417208824415,0.6749467066452561
8000,219,-0.5450761579622113,-0.34147367293385383,0.6505335844872835
8000,220,-0.5751984165405846,-0.36177679863891105,0.6699334419413185
8000,221,-0.5489617278211671,-0.35991631870987695,0.649135621326773
8000,222,-0.6041999928429378,-0.30289163757784865,0.6165698449167822
8000,223,-0.5654125631008282,-0.4156716646301765,0.7265881961345495
8000,224,-0.5583598193549552,-0.30039911132332836,0.6444628756181549
8000,225,-0.5782294648707146,-0.35495119896702604,0.6726907145680715
8000,226,-0.5865240493551966,-0.3378072662500337,0.6665879220538887
8000,227,-0.5874881722503384,-0.32442810878712475,0.6071291547950581
8000,228,-0.588071566143202,-0.35941135390697654,0.6543675611885379
8000,229,-0.5791971968144477,-0.28225521869527753,0.5609150783736571
8000,230,-0.5667972634825487,-0.3251759323480848,0.6445480926356163
8000,231,-0.6215708408371178,-0.3580668405801279,0.6848722724091062
8000,232,-0.5893309167788812,-0.34523386600096845,0.6621425228007051
8000,233,-0.6253239675161311,-0.33422355026721856,0.6422620977769526
8000,234,-0.5906597967276439,-0.34512757035078995,0.689323812690537
8000,235,-0.5677306303210516,-0.34538373894738655,0.6557612824469381
8000,236,-0.560343453501665,-0.4252976473659915,0.7473167604890698
8000,237,-0.5883927226520651,-0.35593300171466963,0.6904611855146466
8000,238,-0.5560693243855037,-0.2675682341600204,0.5611039740241955
8000,239,-0.5892435078364578,-0.36952076126227,0.6743836966938748
8000,240,-0.5738366840759594,-0.3320906491910751,0.6416286337052992
8000,241,-0.5510375716301275,-0.3430155107811668,0.648364851902446
8000,242,-0.5528173024425408,-0.3737360086061192,0.6883687618570661
8000,243,-0.5864632944423676,-0.28577965436803404,0.5849045031483181
8000,244,-0.5786815767956089,-0.3529193435003255,0.6707249265925812
8000,245,-0.5939668439597355,-0.31911047802006237,0.6529223917659334
8000,246,-0.5744381125007937,-0.27095128385795086,0.5861744297640049
8000,247,-0.5649811358378181,-0.3294530095370691,0.6327728086840697
8000,248,-0.5884988989539829,-0.3515695521716156,0.6592614524471729
8000,249,-0.5617222810703575,-0.34169713625359316,0.6657703685134768
8000,250,-0.5938849823944357,-0.3087503515018632,0.6108509174020113
8000,251,-0.5754057315241096,-0.28333886477221687,0.6293004303856673
8000,252,-0.5752657762421396,-0.3526556353544104,0.6973814345896576
8000,253,-0.5871359482025209,-0.32629958879034177,0.6236703168694574
8000,254,-0.592363601427031,-0.3203155872244016,0.6347504406489795
8000,255,-0.5696480925539495,-0.27336196655325923,0.5674721869731137
8000,256,-0.5902280725304092,-0.3032285297648201,0.6006109971502579
8000,257,-0.5959918296024246,-0.3536929859815127,0.6621908322033577
8000,258,-0.6020020804110997,-0.35746818705918365,0.6865295375370064
8000,259,-0.5937691886148252,-0.3125132587207676,0.6105200678952796
8000,260,-0.5897210748647319,-0.3015764543029036,0.5880702449308386
8000,261,-0.5688368252322913,-0.36048312243835706,0.697431628570643
8000,262,-0.6083658087749368,-0.3531394350669664,0.6654265992335179
8000,263,-0.6096629713486692,-0.26965637430708317,0.5771897725756613
8000,264,-0.5690016964192735,-0.361438003061386,0.671362306913347
8000,265,-0.5601063052696698,-0.30431594355747976,0.6258956324234872
8000,266,-0.5671714254502391,-0.486346655590197,0.8355007079943912
8000,267,-0.5700703937325551,-0.3381306780015841,0.6031070943911718
8000,268,-0.5887289937968361,-0.3193142503793812,0.629677888050615
8000,269,-0.5747701741252473,-0.36133451926051713,0.6756894431440466
8000,270,-0.6201305383540492,-0.23783068532652243,0.548127638498601
8000,271,-0.5814129195549131,-0.33391850495553566,0.6399143947397191
8000,272,-0.5969990079926628,-0.35004472425274963,0.6518164639835003
8000,273,-0.5747826713121352,-0.3074262209875337,0.6095844230459906
8000,274,-0.579910613698756,-0.360410850253387,0.6525331807366729
8000,275,-0.6003782030443718,-0.3650696784727203,0.6832600097001817
8000,276,-0.5859156507322768,-0.33061684301511385,0.6437123360577882
8000,277,-0.5643357609185166,-0.3194797227217697,0.6158555532750568
8000,278,-0.5875384363596862,-0.2975894355484693,0.6419997976461599
8000,279,-0.6019309526318659,-0.3514317674895506,0.6746651755564529
8000,280,-0.6040760678095172,-0.3071761536816963,0.6154025424932346
8000,281,-0.5742936341849447,-0.2960134027542547,0.5996591613473496
8000,282,-0.6083739292146267,-0.3612003876014299,0.7240877045474922
8000,283,-0.6079262735816553,-0.3828942465405318,0.7245655753861298
8000,284,-0.573370432630841,-0.3879011009593396,0.6882151902316793
8000,285,-0.5955720436367766,-0.31518048484115246,0.6097719564705596
8000,286,-0.5895056437800623,-0.37068887002975176,0.6872661073173872
8000,287,-0.5491423216275743,-0.31517895502562493,0.6390436245066807
8000,288,-0.5867974486823452,-0.2905985432444726,0.6038076282335184
8000,289,-0.5718997776643424,-0.36643573093499343,0.6816341408509626
8000,290,-0.5906859997973593,-0.3272804216446915,0.6344289597945066
8000,291,-0.5490341278847434,-0.31875588094115337,0.6216118379247404
8000,292,-0.5754501467335063,-0.307675683455195,0.6155409602771993
8000,293,-0.6014147851022738,-0.27262564883324397,0.5636060611865702
8000,294,-0.5487174896552913,-0.3610363034947038,0.6598823339999953
8000,295,-0.5443584950068981,-0.36097691930122366,0.6536464366966189
8000,296,-0.535334088470611,-0.3594378651689703,0.6220359762837867
8000,297,-0.6104012955994305,-0.36648348214256316,0.6799764370881827
8000,298,-0.6244315273837366,-0.37499866649959523,0.7034289028497654
8000,299,-0.6309386516747074,-0.2669335919916251,0.5513150575373194
8000,300,-0.5495737627016618,-0.32388519583429987,0.6451013835392279
8000,301,-0.5880997178762908,-0.36868209531180496,0.6920642753906942
8000,302,-0.5969662094466105,-0.37854086706968904,0.7030761774132656
8000,303,-0.5765470509699127,-0.4186253138276423,0.7511229854089084
8000,304,-0.5827993901918048,-0.44283446897409723,0.7870231109575841
8000,305,-0.5745841351458685,-0.26235782290452164,0.5994459685140514
8000,306,-0.5557510796688602,-0.3821405546137389,0.6964073565118041
8000,307,-0.6201388878495633,-0.3207232720472469,0.6150250955451155
8000,308,-0.5919282574454464,-0.3357025587412704,0.6806710300475881
8000,309,-0.6006869750274771,-0.3197036923237165,0.6475429540923665
8000,310,-0.5663439231505631,-0.25469197743709776,0.5608523370690223
8000,311,-0.5513573095864318,-0.2955966139765938,0.5530225122008077
8000,312,-0.5909995903322343,-0.3726057171233053,0.6869915456055744
8000,313,-0.5817371227984798,-0.324559577191353,0.6065471625124939
8000,314,-0.5862388921439325,-0.3468684018604906,0.6612809074387362
8000,315,-0.5757688114833357,-0.29109619818015814,0.6031119001692756
8000,316,-0.5637921823358609,-0.35507347329107253,0.666425690618539
8000,317,-0.5904818698241594,-0.3291623169497731,0.6022430904078251
8000,318,-0.5726500006547899,-0.3310314658811082,0.6310924768775314
8000,319,-0.54904049301402,-0.3535308286572547,0.6562823292141471
8000,320,-0.5927526039450317,-0.35570778493986127,0.6728997891268317
8000,321,-0.5504176869352302,-0.3533862679518754,0.647565139590207
8000,322,-0.6161869171727057,-0.3056401598320464,0.6164627541013974
8000,323,-0.628951673338447,-0.3557082253522501,0.649769404952166
8000,324,-0.5590686038923725,-0.3587013961649056,0.6686300134661973
8000,325,-0.5767133408750702,-0.22690480179118053,0.5271033225146616
8000,326,-0.5926135367015583,-0.3579042847591155,0.6647933190734094
8000,327,-0.550613442960173,-0.3788736060627318,0.6546574147511238
8000,328,-0.5733733052237145,-0.3505565386030176,0.6868348239190255
8000,329,-0.5621308216531595,-0.32072380409467405,0.64087066614269
8000,330,-0.604603308355079,-0.338327029345264,0.6812508680186035
8000,331,-0.5572622304162911,-0.422956386601327,0.7506388297405122
8000,332,-0.5938786422857291,-0.334086237904873,0.6532213331846228
8000,333,-0.5777044040649626,-0.3400453450126681,0.651010388890576
8000,334,-0.6020694840365992,-0.37786742203430235,0.6744812942564191
8000,335,-0.5756143797369303,-0.26672032245787786,0.6033756749259567
8000,336,-0.551098854095535,-0.24322914828728723,0.5076753724912095
8000,337,-0.543956707968275,-0.3790775779711265,0.7301390014701119
8000,338,-0.6285430758550405,-0.34426573615764233,0.6280291786398946
8000,339,-0.5394070732034348,-0.40971858462320726,0.7580935575688206
8000,340,-0.5960892316836726,-0.37343192752228166,0.6705027651757576
8000,341,-0.5667696383960457,-0.3612786179211215,0.6696281921817235
8000,342,-0.5701453897358014,-0.2961396419091157,0.5754548788736836
8000,343,-0.5953084998357376,-0.28653309799896565,0.5610162586127815
8000,344,-0.5676370281384124,-0.26038378154802505,0.5256431222526909
8000,345,-0.6122418239521086,-0.2993809491390411,0.609407106694584
8000,346,-0.5743449385421457,-0.3609903531880879,0.6685428977860892
8000,347,-0.572683691028387,-0.3605305252592521,0.6634294924800415
8000,348,-0.5668408563658937,-0.3304751530242836,0.6211990572674929
8000,349,-0.5842933541206895,-0.3889834530170373,0.6946440459050537
8000,350,-0.57427179282626,-0.3964008779929223,0.7295018199769799
8000,351,-0.5518828168760014,-0.3150324630453531,0.6240411674657035
8000,352,-0.5670001641375527,-0.3634070723494861,0.68094613566914
8000,353,-0.6075890279713007,-0.2189353378506338,0.5090926630419131
8000,354,-0.5909174050744028,-0.4060455615935604,0.726652249390327
8000,355,-0.5751311068325502,-0.33702412025198464,0.6694703360550947
8000,356,-0.5938844616351451,-0.36363469991861397,0.655576348014873
8000,357,-0.591913472579763,-0.3083587529440222,0.616560342189708
8000,358,-0.5822289402118661,-0.3465977720462937,0.6553147102049558
8000,359,-0.5841283105064469,-0.33285736604269767,0.6554963534433091
8000,360,-0.5653216800299816,-0.3608149621417212,0.6929926076182393
8000,361,-0.6340623189181525,-0.33297059787360234,0.6596114666688119
8000,362,-0.5921613781598816,-0.33997043316570297,0.6789036514771175
8000,363,-0.5674480530450692,-0.3554028127772558,0.6488094394198199
8000,364,-0.5910007089654017,-0.3164479621486289,0.6182403309429132
8000,365,-0.5720786992036259,-0.20845232643986109,0.5314710344536313
8000,366,-0.5705069585626021,-0.36156506071929034,0.6577792462275495
8000,367,-0.5806354817508927,-0.3124964129228973,0.6206069050291794
8000,368,-0.6140988916560179,-0.34355412434759347,0.6638480417704893
8000,369,-0.5819538682140962,-0.3410192081261805,0.6262247017342315
8000,370,-0.5810858425250041,-0.32404433867716753,0.64188426363604
8000,371,-0.6270147349141284,-0.30096100813120324,0.6080229112467278
8000,372,-0.5917869859884489,-0.3897187780751699,0.7255154916337774
8000,373,-0.6070367787334257,-0.32392326286023687,0.6303134347667042
8000,374,-0.5526047897319296,-0.29396011026032837,0.5959317217397296
8000,375,-0.6009900485561188,-0.33518131715857497,0.6409677431301952
8000,376,-0.5756912990787759,-0.3438282929959056,0.6836485678742868
8000,377,-0.5953021931174849,-0.30066180947944193,0.5853468482518592
8000,378,-0.5932905983379418,-0.3971834592711236,0.7222507971868842
8000,379,-0.5577162911850394,-0.25790177963409516,0.5426452484417067
8000,380,-0.5609235398037997,-0.35479161824387684,0.6518905903288362
8000,381,-0.5987077904385496,-0.3186385808105646,0.6305203803299061
8000,382,-0.6014030310276322,-0.26636738272118077,0.5661008434641753
8000,383,-0.5783971160519977,-0.3160571660175804,0.6169474931363107
8000,384,-0.5881857951457132,-0.3301781160528146,0.6510163621028267
8000,385,-0.6043924062881298,-0.30306593004950005,0.6571221975397425
8000,386,-0.5555353300291848,-0.30249557290233353,0.6219214745974816
8000,387,-0.5477168722526584,-0.36416576971570475,0.6849168021686357
8000,388,-0.5453812356540717,-0.3757178385446988,0.6886955333796988
8000,389,-0.5912880956278207,-0.31136295013280973,0.6235165954522902
8000,390,-0.5837562169978235,-0.3032851660295668,0.6154300562467182
8000,391,-0.6025028389662591,-0.3429716417845271,0.6636053497626515
8000,392,-0.580184931121223,-0.32495689805639644,0.6440153797026191
8000,393,-0.5716353549960922,-0.35761161619823756,0.6723696834193894
8000,394,-0.581614451154284,-0.3437886024733578,0.6551486149259934
8000,395,-0.5817273630312559,-0.2617750087263363,0.578567197184109
8000,396,-0.5557495998475084,-0.3666130406154177,0.6555624302932961
8000,397,-0.578570192774167,-0.28646179731769467,0.6102505949262864
8000,398,-0.5884814415675008,-0.3218478891400535,0.6432729641243266
8000,399,-0.5798619827243309,-0.3074060932532891,0.6274740556624335
8000,400,-0.5667326970168456,-0.3529041960673896,0.6718385265703885
8000,401,-0.5807985465017134,-0.3165918112679312,0.6390095183576778
8000,402,-0.5960189063081058,-0.3657558026840856,0.7086709169879613
8000,403,-0.5797309812860683,-0.3817756394237745,0.7161098042249121
8000,404,-0.5848531017835988,-0.30161607527193995,0.6129106920757881
8000,405,-0.6152173881663527,-0.25787660805167856,0.5687038214107261
8000,406,-0.598741908096724,-0.3312858869919511,0.6575593175161901
8000,407,-0.5434605320032112,-0.3430222540461181,0.6622811077527375
8000,408,-0.5488018853131698,-0.377695929233431,0.6828588305510299
8000,409,-0.6150233561737808,-0.40591241568280295,0.7113288967424667
8000,410,-0.5846638258515517,-0.31756242403357715,0.6280900959504137
8000,411,-0.6068745943012327,-0.35275719415153506,0.6779574636802845
8000,412,-0.6123487719588115,-0.3602399429499073,0.6792579647627935
8000,413,-0.6141792406586939,-0.3152980636652072,0.6394051620283231
8000,414,-0.5768155257427106,-0.3709867656794434,0.6771020772348009
8000,415,-0.5428230469523372,-0.35551261936510026,0.6865231407813895
8000,416,-0.5734100540346873,-0.2914849195388675,0.5754886624648876
8000,417,-0.5812787138223692,-0.2742280031444358,0.5975807980142185
8000,418,-0.5463357541608216,-0.34509743646196966,0.6539846796178518
8000,419,-0.6021823412378344,-0.4019314276181205,0.711503034776605
8000,420,-0.5977036417828965,-0.3377247932084707,0.6806406993545794
8000,421,-0.6054121788595961,-0.3594567832641015,0.703754776177704
8000,422,-0.5683073582374162,-0.3085547030784573,0.6317895588588981
8000,423,-0.6013120262027407,-0.3005512312926297,0.6363065734089711
8000,424,-0.6364489595698686,-0.3496588539987996,0.6645923490532506
8000,425,-0.5993007454360739,-0.33289868983424575,0.6355283576151995
8000,426,-0.5648559263859861,-0.3879954948329322,0.6971143772880194
8000,427,-0.6240497426743348,-0.3482941039584014,0.6616191239079299
8000,428,-0.58547825257404,-0.379195993597735,0.6988915173346452
8000,429,-0.5943220889425235,-0.30785836083928586,0.633076785303029
8000,430,-0.6050938776952182,-0.3870939845438797,0.7479051336579756
8000,431,-0.5834308613655931,-0.318003562075167,0.6467499202397435
8000,432,-0.5832318547968754,-0.3778492203290655,0.6779083264744753
8000,433,-0.5673900203871063,-0.3591297826717298,0.6835734049473265
8000,434,-0.6194735375563933,-0.41057900497851935,0.7474019750264307
8000,435,-0.5918373155188041,-0.34522360316383377,0.641492382394626
8000,436,-0.5743877018002495,-0.3096828909420478,0.6139688517492651
8000,437,-0.5914153351984361,-0.4212304685481937,0.7404543728565234
8000,438,-0.5739583496013073,-0.30791648756679746,0.6184975123217314
8000,439,-0.5602687541724434,-0.3857859251799863,0.6960696932700516
8000,440,-0.5737801991964382,-0.35006919452357643,0.6527575885419417
8000,441,-0.5785465412922977,-0.35695341032399525,0.6978639868609661
8000,442,-0.6117670426384492,-0.42103581062124945,0.7498074789830035
8000,443,-0.5917358889364885,-0.3581701241343899,0.6845520520719067
8000,444,-0.549288269311585,-0.3332207222133683,0.6266813767757563
8000,445,-0.5753650548507594,-0.35522708698390315,0.6572817883039012
8000,446,-0.5309689184096078,-0.3648786518388212,0.6332987334743704
8000,447,-0.6243228758886905,-0.45618930176119477,0.7787436139869869
8000,448,-0.5722104588562023,-0.34493265000051576,0.6706904268652503
8000,449,-0.567646482181661,-0.290852374649805,0.5826999054981159
8000,450,-0.5865397721576016,-0.34888179243815687,0.6297096818512499
8000,451,-0.5614273394648869,-0.23975972056584793,0.5355215407440231
8000,452,-0.5859405829775655,-0.36171596801965034,0.6744030348667609
8000,453,-0.5807856352389622,-0.38821570149848744,0.7233209260649831
8000,454,-0.5596788105222161,-0.40941916905994935,0.7184801447309865
8000,455,-0.5604138156624547,-0.27930993716590596,0.6038902499063418
8000,456,-0.5923289270791499,-0.33429230922411024,0.6406682307152713
8000,457,-0.5638349229978432,-0.3098792262021135,0.5699767953266086
8000,458,-0.5632631723407231,-0.3037267982569531,0.6370832054423093
8000,459,-0.5903389048735024,-0.35724210831480896,0.6489822941454544
8000,460,-0.5683848685064607,-0.34361409524865205,0.6365314699501515
8000,461,-0.5683726913318263,-0.30543810722430076,0.5841388135451069
8000,462,-0.585872000168931,-0.34294797154019846,0.6644497079713576
8000,463,-0.6055884354684942,-0.34077049318440805,0.7015531705477992
8000,464,-0.6111706112731714,-0.33901393281681796,0.6472256493915456
8000,465,-0.5613566487566752,-0.3569827151946525,0.6801033801507277
8000,466,-0.5707342681880871,-0.33347384911075123,0.6379457671817382
8000,467,-0.5735917138795695,-0.38738697324168214,0.7175588371126459
8000,468,-0.6222124668756006,-0.3134879370512818,0.6177213437644541
8000,469,-0.553743625734457,-0.3204350879821024,0.6110252608562192
8000,470,-0.5701696093621932,-0.2846422605200616,0.5862515358038023
8000,471,-0.6280414551297544,-0.34384990735484183,0.6375687840471634
8000,472,-0.6359791024676211,-0.30219956895498795,0.5736677177621736
8000,473,-0.6160089519812233,-0.35725852354100845,0.7065934913523545
8000,474,-0.6068133036268765,-0.3315135806895911,0.6565156113675756
8000,475,-0.61339035215476,-0.3245140784880894,0.6487390541248045
8000,476,-0.5729538902227648,-0.28862252494079665,0.6035883318567556
8000,477,-0.5802186674597023,-0.37020025730706707,0.6667100904712147
8000,478,-0.5913203781518415,-0.3706274631466106,0.6611461918180974
8000,479,-0.5858646402225577,-0.35396652501219417,0.7041499307675129
8000,480,-0.5877757686454876,-0.32786343162759,0.6161261649194903
8000,481,-0.594371534807687,-0.3158413997961335,0.6210217032808134
8000,482,-0.5989563870397132,-0.3194160374650161,0.6157316951004354
8000,483,-0.5633749307942695,-0.3321900264288881,0.6364320426260384
8000,484,-0.5733150750985946,-0.3811587993266211,0.6844286051865954
8000,485,-0.5764784418848115,-0.40311544082097345,0.7380168394935347
8000,486,-0.5312087265068333,-0.3332593250880238,0.6532725346109165
8000,487,-0.5984989418566488,-0.40922007207071903,0.7273907960755753
8000,488,-0.5595458451983448,-0.3077717732696433,0.6276769332323944
8000,489,-0.6196679622048935,-0.3182873890235864,0.6512335774780809
8000,490,-0.5845608078272528,-0.3234799037680543,0.6642730820718036
8000,491,-0.5802421896179666,-0.3462909708341034,0.6292236797961765
8000,492,-0.6161202333139839,-0.3043968511593886,0.5980189259606818
8000,493,-0.6045554839734899,-0.3639895036093139,0.7055163823470568
8000,494,-0.6142858645735121,-0.3210647737131555,0.6236291101648168
8000,495,-0.5945438646261162,-0.3431048139518418,0.6682776731059666
8000,496,-0.6082968250155419,-0.35409310055504783,0.6819526812182672
8000,497,-0.6189362106208209,-0.35129154735730883,0.6549243276395164
8000,498,-0.6054528631965642,-0.31308121040369064,0.6259766593237351
8000,499,-0.5914035133077651,-0.343408703865982,0.6485394172637785
8000,500,-0.5442438209012788,-0.34784404834172306,0.6451796032089987
8000,501,-0.5930645521776168,-0.3260508305595372,0.6296670401593184
8000,502,-0.5691626728200545,-0.32172417019891913,0.6153771432373459
8000,503,-0.5571972134020147,-0.326069739889587,0.622700169945071
8000,504,-0.6061051218730715,-0.32127956395985857,0.6207242681183972
8000,505,-0.5711444004011443,-0.24277740397176403,0.5600754292640677
8000,506,-0.643159196316155,-0.277363753817004,0.5661958321613123
8000,507,-0.5531073071519335,-0.35041704774492377,0.6431409052879368
8000,508,-0.5703793388628825,-0.3078054052319481,0.5870072074500853
8000,509,-0.6203735715598366,-0.3367089169315511,0.6319936883521252
8000,510,-0.5608213608287287,-0.3885214677714566,0.725254960914446
8000,511,-0.605367066833755,-0.3775923678227944,0.6931446805593237
8000,512,-0.6055945583422504,-0.35004331767707486,0.6713608056781756
8000,513,-0.5831571213248944,-0.3455030516096021,0.6390636140510081
8000,514,-0.5537798504244587,-0.37776882352737523,0.6969363717604995
8000,515,-0.5799026049255698,-0.38689991973422433,0.6883162563732356
8000,516,-0.5918084789640865,-0.31390338424603487,0.6426755320886315
8000,517,-0.597223545931818,-0.36733072687485324,0.6768521123108955
8000,518,-0.6337520326722401,-0.3196828774032645,0.6491533682200731
8000,519,-0.5868487765757865,-0.31699754093565663,0.6164807873922502
8000,520,-0.5690088410371139,-0.2808467258807537,0.58120855288914
8000,521,-0.5924303238448924,-0.3332105324697001,0.6276533213678336
8000,522,-0.5787084070876081,-0.3123569476342821,0.6086857602710237
8000,523,-0.5868821111539342,-0.3531117230011906,0.6746875555024299
8000,524,-0.5861043915672666,-0.3588998725853009,0.6918055443351951
8000,525,-0.5931100146635475,-0.35467820349207174,0.6772343072344248
8000,526,-0.5436461634775616,-0.3363438985054886,0.6434018177413036
8000,527,-0.5504665740424812,-0.3683446455275602,0.693942263327259
8000,528,-0.6068455400320474,-0.3303086359660349,0.6608503004449632
8000,529,-0.5772591229246558,-0.28292821107047134,0.5703409749061186
8000,530,-0.5808906155015152,-0.33147928840462687,0.6133098970322886
8000,531,-0.6003746395686564,-0.30374944052372366,0.5860261900086516
8000,532,-0.5682867184939385,-0.31292999213482786,0.6068641975120089
8000,533,-0.6057996863030977,-0.35211318396501057,0.6958205013098273
8000,534,-0.5387588212612935,-0.4141056677703651,0.7336950672945517
8000,535,-0.6292205770281718,-0.3423945577294971,0.6551179159207309
8000,536,-0.5929928847339565,-0.40954717610851227,0.7059800339374427
8000,537,-0.5958627419174825,-0.4075458695882427,0.7397681926885605
8000,538,-0.5941402787848156,-0.2865297435381012,0.5941609053372731
8000,539,-0.5714474629039197,-0.3672911966994877,0.6730581180936143
8000,540,-0.5803168505912155,-0.41587302088840256,0.7326418299962972
8000,541,-0.5651490238372545,-0.40127619268356035,0.7442600269756022
8000,542,-0.5705056663320953,-0.29101907639735597,0.5857787406115058
8000,543,-0.5903980653368324,-0.3959119678409059,0.7085155599417381
8000,544,-0.5534779706120949,-0.3344303290766282,0.6438752825141808
8000,545,-0.6098821615987376,-0.3032093536192914,0.6300723756417937
8000,546,-0.5681888145733824,-0.3529417302000997,0.6873524519804639
8000,547,-0.5644878928009809,-0.3439026547527516,0.6530980362164804
8000,548,-0.5586011336378822,-0.31948768502520325,0.6580764139714105
8000,549,-0.5682101334925735,-0.3235474531563245,0.6214832683401423
8000,550,-0.5860598413390932,-0.25784345128325203,0.5560013230198881
8000,551,-0.5727618837119567,-0.3583605880426303,0.662791274559986
8000,552,-0.5653254128773785,-0.30673695089840536,0.6221561443149487
8000,553,-0.5973447606018079,-0.3543836112650203,0.637036818121199
8000,554,-0.5477322622977547,-0.29533044122142577,0.5989397049383329
8000,555,-0.5762585510725065,-0.33250765214062666,0.6410303281758233
8000,556,-0.5931317299161638,-0.351823510932766,0.6760200116812264
8000,557,-0.5843155980881716,-0.31071754583868616,0.5886056590105994
8000,558,-0.5884073882850005,-0.3316418637939662,0.635940892068258
8000,559,-0.613717115920114,-0.3704428469817538,0.6821591585512586
8000,560,-0.5916749345293602,-0.4144663695153712,0.733474755835221
8000,561,-0.5566617900219801,-0.3111684560431692,0.6232448188535552
8000,562,-0.5684898255364066,-0.35883377096014585,0.6755983855309912
8000,563,-0.6089314690569638,-0.30236784399281597,0.6024356968316046
8000,564,-0.6056106636649752,-0.3372127004528272,0.6419960339839336
8000,565,-0.5611039108672334,-0.3068781679011001,0.6090254963120095
8000,566,-0.5563193752444309,-0.44141680280263285,0.7544959662333263
8000,567,-0.5692655349595217,-0.3975306195232219,0.7383595474903443
8000,568,-0.5685158407667291,-0.264579540305748,0.520235626332848
8000,569,-0.579891568866582,-0.3048190347992843,0.6043228499899232
8000,570,-0.6238107612790142,-0.3196796212372411,0.6010106748595144
8000,571,-0.5926591282500644,-0.39509357534455686,0.709493079894068
8000,572,-0.6005379157196521,-0.28361018783189307,0.5408742821101611
8000,573,-0.5738361691553253,-0.3169754810491794,0.6107965939326551
8000,574,-0.5855435205200352,-0.3597768958212307,0.6749179321337004
8000,575,-0.583839374179328,-0.382355659186378,0.6908527411948927
8000,576,-0.591482366257436,-0.3132318305879522,0.6368717978269771
8000,577,-0.6047495700053453,-0.3328007176067349,0.660792963797398
8000,578,-0.5957397189581304,-0.40463709024792777,0.7197765084639798
8000,579,-0.5963647137862298,-0.2934599212158008,0.6001802769474598
8000,580,-0.5881750374483028,-0.35469358171296356,0.6477928672392463
8000,581,-0.6155396789637889,-0.3676082181603704,0.6995509840228431
8000,582,-0.5590755119555708,-0.34104301838409234,0.6647845978643439
8000,583,-0.5889707710640947,-0.26961978848365675,0.597035656257049
8000,584,-0.5912042987779766,-0.3159123664143848,0.6382356607454271
8000,585,-0.5410467097789234,-0.31537352885239384,0.5927849314326794
8000,586,-0.6083212360124217,-0.318402188969828,0.6260623240783251
8000,587,-0.5862171296030383,-0.3491790970174768,0.6758540424298942
8000,588,-0.5785693490188482,-0.3341455340908151,0.6197820049555322
8000,589,-0.5318137405125779,-0.3597687607725939,0.6703241283685702
8000,590,-0.6013281643893849,-0.3103655423604134,0.6149994337240564
8000,591,-0.5842034482337963,-0.33204009224790737,0.6372363010947861
8000,592,-0.5581117552057513,-0.38635440726952947,0.7099364340659344
8000,593,-0.57993396507026,-0.34841105459935445,0.6800179160016055
8000,594,-0.5751724933478571,-0.3461694819407648,0.6602663472306024
8000,595,-0.589539355153287,-0.3116363072658383,0.6102854233522714
8000,596,-0.6030220768892667,-0.3201862689665565,0.6432456931094443
8000,597,-0.6143791684545898,-0.3219004939211716,0.6511728844692691
8000,598,-0.5932142234596708,-0.38637323774060994,0.7368371009954328
8000,599,-0.6059186248454496,-0.2993471096513154,0.6138378579691767
8000,600,-0.5784047145314032,-0.3333128544121949,0.6627454369695145
8000,601,-0.5933361688288887,-0.3162642034515614,0.6366336225522875
8000,602,-0.5717280829311034,-0.3278682242523407,0.6424430899838677
8000,603,-0.6016312121348313,-0.31754411684273526,0.6396195269962945
8000,604,-0.5846725184621459,-0.340412940171804,0.6704774333403833
8000,605,-0.558879811966079,-0.37457137812689656,0.6641176210858811
8000,606,-0.6007857270811212,-0.2761823875314782,0.5653057760931712
8000,607,-0.5680005674628734,-0.3140135486255289,0.608209869363795
8000,608,-0.5641520493382295,-0.28303704599173335,0.6106128387962606
8000,609,-0.5587343139483871,-0.32095611740269697,0.618765029665789
8000,610,-0.6075282507773264,-0.38024857983593346,0.6892959003746129
8000,611,-0.5607621625313168,-0.2973956868133955,0.6168184802507143
8000,612,-0.5762883434386381,-0.28728461457911375,0.5855481135433032
8000,613,-0.5867987719981788,-0.360526171059807,0.6752546352268896
8000,614,-0.5815066184311736,-0.31313629692762296,0.6502201213857747
8000,615,-0.5301675483954675,-0.3689184629514826,0.6432782855454913
8000,616,-0.5719947874337976,-0.2453501845524279,0.5354565722192107
8000,617,-0.5945541550027937,-0.3912597865564662,0.6631029866281586
8000,618,-0.5944682997972294,-0.3361834325718953,0.6625429123925725
8000,619,-0.6072497264446989,-0.3828521326011306,0.7111937933891398
8000,620,-0.5951548589058171,-0.33911754897569374,0.6231176461286074
8000,621,-0.5779730401576922,-0.3447305291196304,0.6464555352508434
8000,622,-0.5793613005521734,-0.3816375089557867,0.6811390378658254
8000,623,-0.590212855393029,-0.3103891013835261,0.6220016116480014
8000,624,-0.5925433328378985,-0.30716743384503914,0.6181503823313828
8000,625,-0.5958237614489297,-0.3731083592005793,0.687297108191053
8000,626,-0.6059234210412272,-0.3101508269119951,0.6304648309418638
8000,627,-0.6068858513293143,-0.325794393445564,0.6342363169415725
8000,628,-0.5691290763123436,-0.3539280358070384,0.6523521241646124
8000,629,-0.5441040547380968,-0.3913753381253689,0.7268573888494314
8000,630,-0.5755033302994099,-0.39127235078866085,0.7206335002091032
8000,631,-0.626039991433086,-0.2901567218366417,0.5908795788424662
8000,632,-0.5620785695465155,-0.3905305030815762,0.6782844097904548
8000,633,-0.5685544808600773,-0.39333604464784633,0.7163739293408904
8000,634,-0.609102462488863,-0.2974904337200038,0.6175234795144664
8000,635,-0.5474281770471584,-0.40454009191009954,0.7430970613018675
8000,636,-0.5726073409419571,-0.3103223561288568,0.6338018737568285
8000,637,-0.5875742639017225,-0.3161955877019458,0.6129000047528241
8000,638,-0.5741936046760152,-0.32628268283749223,0.6441905421861789
8000,639,-0.5913001212330075,-0.3587551741770791,0.6705723760654725
8000,640,-0.5789094370482466,-0.31709754653201455,0.6135612024218122
8000,641,-0.5737680401677682,-0.20584576007367208,0.489118176355061
8000,642,-0.599220578858977,-0.310871556758665,0.6481647605660168
8000,643,-0.5920127284059243,-0.4085560519004638,0.7057136973958906
8000,644,-0.6043878349563692,-0.3472212181807071,0.6470939088861968
8000,645,-0.5647132626886135,-0.31595888184875087,0.6221509139182609
8000,646,-0.5710244207081185,-0.30374545280908966,0.6132315751887558
8000,647,-0.5769765245393146,-0.35284864279386235,0.6288501964386982
8000,648,-0.5722169667640025,-0.3816701861563679,0.701323452487191
8000,649,-0.570202431068345,-0.3779596589351283,0.6891159880273574
8000,650,-0.6085676589769669,-0.35694259751701785,0.673473202857834
8000,651,-0.564988221325575,-0.32907886403559056,0.6279473726288252
8000,652,-0.5592088259675146,-0.3205467528238535,0.6538162539337599
8000,653,-0.5544538268609467,-0.35862748012453893,0.6706565801952288
8000,654,-0.580060292596154,-0.305918601996805,0.591067455079898
8000,655,-0.6454754720755791,-0.33569951217888916,0.6367019221707567
8000,656,-0.5854141144623702,-0.34309858231110096,0.6739113329625483
8000,657,-0.5661244700248012,-0.31784575352063205,0.6281544433861459
8000,658,-0.5616291271999412,-0.39352325453100623,0.69836547289877
8000,659,-0.5816485160728964,-0.38311335014024933,0.7160531463017467
8000,660,-0.6240384381976294,-0.30059726221876537,0.5932618070679024
8000,661,-0.5958402197984032,-0.24684340780518724,0.5510038422870582
8000,662,-0.6318203604642287,-0.3696832293493535,0.7039648662585702
8000,663,-0.5617211275839294,-0.4377223387158801,0.7521770078313711
8000,664,-0.5684414321335551,-0.33881467811965804,0.6296656489140073
8000,665,-0.6014845410051927,-0.36173329953281425,0.6999164727177474
8000,666,-0.5632752732612344,-0.38438470798400476,0.724259839807764
8000,667,-0.5786508522118475,-0.2555764642218102,0.5407437901712824
8000,668,-0.6064784103572675,-0.36178912521551665,0.6846991222454514
8000,669,-0.5630468017228212,-0.30226358485935284,0.5923528718685039
8000,670,-0.5992159744976471,-0.3359640373263844,0.6598411711033297
8000,671,-0.554984192875692,-0.4445532099847216,0.7473311729179958
8000,672,-0.5529963500130044,-0.3192341322389237,0.6122405587584211
8000,673,-0.58507803146072,-0.3467601571889724,0.6643545566180624
8000,674,-0.5831807819258146,-0.33342672936668044,0.6365464231090957
8000,675,-0.592930734976954,-0.36668764052674263,0.6851725523302555
8000,676,-0.6112247153527874,-0.36958625185104793,0.725475673313228
8000,677,-0.5837206018190654,-0.2935575893350281,0.5968451201386299
8000,678,-0.56849273521783,-0.3829329478319904,0.6890107492588121
8000,679,-0.5900800974614356,-0.3131949763445488,0.6494399627189663
8000,680,-0.5749314306000313,-0.3725992496003658,0.6783877161549462
8000,681,-0.5961053996819694,-0.3238734891555723,0.6175755192264516
8000,682,-0.5851538665483265,-0.4582888001039141,0.7686026095087004
8000,683,-0.6015948348409192,-0.32612715888776944,0.6396676874696556
8000,684,-0.5700900615067632,-0.3590379809546973,0.7163878689188851
8000,685,-0.6004838888853865,-0.3168251466371105,0.6191726974423113
8000,686,-0.563083115073292,-0.2642445703431904,0.5579400816291717
8000,687,-0.5790254020596807,-0.33572092467857345,0.6734396921440942
8000,688,-0.6205370070664008,-0.2934045563689169,0.6014195093831428
8000,689,-0.5419297338560386,-0.2903672907913709,0.5789892435316849
8000,690,-0.5761792050411962,-0.303507569356184,0.5914214399319584
8000,691,-0.576942549379748,-0.37708043907883826,0.705909839635259
8000,692,-0.6252803001787834,-0.32162291497754125,0.6187076848423373
8000,693,-0.5524628954603754,-0.39629703445157277,0.7100429388686614
8000,694,-0.5763071335770823,-0.32762087643700655,0.611658372849083
8000,695,-0.5309551067806662,-0.31214234220755427,0.6191364255511703
8000,696,-0.6157124085212597,-0.34280266401371046,0.6671150223039819
8000,697,-0.593166999671603,-0.35348792389016087,0.680741668610811
8000,698,-0.5679573993226232,-0.26243009858237604,0.5695710940003691
8000,699,-0.5607104359119723,-0.30755877339355353,0.6217504676100534
8000,700,-0.537114381873709,-0.31033487926131,0.6027066513206909
8000,701,-0.5958407300643398,-0.34075926908490295,0.6531771429792841
8000,702,-0.5732143404350416,-0.30048403146441094,0.6124912435716504
8000,703,-0.5646319761579652,-0.29981640270725357,0.6023491335396576
8000,704,-0.6015154641946296,-0.32139887094528896,0.6321191695541816
8000,705,-0.6028384980908407,-0.3068703860642754,0.6410596109012671
8000,706,-0.580438423072559,-0.3972436546371637,0.7273023596555153
8000,707,-0.5842557796305679,-0.3396891285540986,0.6368262266863367
8000,708,-0.5618358205845828,-0.35665258756925433,0.6518939934738988
8000,709,-0.5992046623791514,-0.27558198006673307,0.5705129384716041
8000,710,-0.6007379801592143,-0.3581464741638775,0.680781983844249
8000,711,-0.5904359627120436,-0.2759346061839369,0.5870303221171803
8000,712,-0.6210703495281673,-0.32365500874468667,0.6330975539975731
8000,713,-0.5820990787923646,-0.33763715817942797,0.6651114823874251
8000,714,-0.6044293301563591,-0.2665238222262161,0.6011326689949271
8000,715,-0.6173580616729869,-0.36336353826915224,0.6353559325642791
8000,716,-0.5985651180171103,-0.3139960985318235,0.6504996359945772
8000,717,-0.5983558099700145,-0.372578274522951,0.6826535213911132
8000,718,-0.5943203271225812,-0.38109893823791113,0.7126264456211111
8000,719,-0.6105869044162673,-0.29463516364055153,0.613605648741157
8000,720,-0.552048855752864,-0.3332790569196259,0.6235873298425532
8000,721,-0.6347682786172993,-0.28167278656698197,0.609515717354756
8000,722,-0.6146184858816093,-0.31739684790685146,0.6475897427186867
8000,723,-0.5757916633890154,-0.35574912095217404,0.6735890563107595
8000,724,-0.5955062044351226,-0.309384709704357,0.6107764152244732
8000,725,-0.6034601017325355,-0.3206185683325234,0.5944670969239905
8000,726,-0.5818790084270549,-0.3518720446186202,0.6590427984765973
8000,727,-0.6189364334144067,-0.19569843340409834,0.4835789358870623
8000,728,-0.5932806718134453,-0.3616491311471077,0.6972871542897617
8000,729,-0.5895041667012797,-0.3340146840713874,0.6619547821972203
8000,730,-0.5902509578795276,-0.3175540847665512,0.6408929693794511
8000,731,-0.55118408222396,-0.2879693272426131,0.5876819078685819
8000,732,-0.5989050099753912,-0.2885211277837423,0.612883737196193
8000,733,-0.5836210433123101,-0.28519843840169495,0.5991073044622902
8000,734,-0.59468894720693,-0.3847260451956318,0.7115510695508108
8000,735,-0.6100747173047594,-0.31132326730056475,0.6208311864088012
8000,736,-0.5625672332671061,-0.39625946059918404,0.7102807791464392
8000,737,-0.5765086486521562,-0.34533684689193533,0.6752083414368618
8000,738,-0.6234727957672002,-0.3172992444376237,0.6407845440345017
8000,739,-0.5937485379634102,-0.3482699734796938,0.6639107058881754
8000,740,-0.5850997979252566,-0.41225566980037276,0.7406749304251348
8000,741,-0.5907395517816614,-0.35176124068886433,0.6315328876019526
8000,742,-0.5402228075978754,-0.3191753277117361,0.586133833192124
8000,743,-0.5439969353462798,-0.3826338310951176,0.7138496238777782
8000,744,-0.5722819874088066,-0.3553253487725289,0.6772546718003938
8000,745,-0.5877353243223122,-0.3334068359554611,0.6373321870187096
8000,746,-0.5785709274272729,-0.37058120134228206,0.6829170516300834
8000,747,-0.5625251074283422,-0.36152866224425684,0.689056625564399
8000,748,-0.5808704508936489,-0.3631851130688974,0.6899593618654588
8000,749,-0.5501681426828672,-0.28999028233083185,0.6008324099487736
8000,750,-0.5687693900871184,-0.2988922327596488,0.609147966022177
8000,751,-0.5707745333792671,-0.3722698638945878,0.7007323008037369
8000,752,-0.5800913862738996,-0.3349726424617635,0.6524246852717162
8000,753,-0.5948564027341411,-0.3266711983630336,0.6309474755720141
8000,754,-0.5797982253057014,-0.2697312202485606,0.5830683512711953
8000,755,-0.57539904384745,-0.33858589413703255,0.65415370217601
8000,756,-0.565298470422971,-0.40480742599937086,0.743356636486733
8000,757,-0.5562499326520389,-0.333279638901291,0.6390082469332432
8000,758,-0.56775844975399,-0.4072280624060862,0.7292714189402856
8000,759,-0.5452032107854276,-0.20615251211466246,0.49645525344068897
8000,760,-0.5773797984922607,-0.38373111839786733,0.6897654885006104
8000,761,-0.5970657540729652,-0.3634998210761481,0.7044964622683056
8000,762,-0.5680813075252963,-0.3107666108696551,0.60711504850096
8000,763,-0.5687298068567224,-0.33555177733540525,0.623689284837083
8000,764,-0.608381077565503,-0.3329167162761323,0.6485985523911221
8000,765,-0.5610861174018034,-0.3809300704280334,0.6976307306496494
8000,766,-0.5663760365945066,-0.342286199959351,0.6568661180041243
8000,767,-0.5802132018085756,-0.3318834866728093,0.668059196199
8000,768,-0.5742247083179657,-0.35252528982377823,0.6319092550071006
8000,769,-0.587215666919602,-0.3676353192013716,0.7032904912772461
8000,770,-0.5933676364820759,-0.29712882181516515,0.583636231561363
8000,771,-0.6031994666417493,-0.3048095045079247,0.6089518143868777
8000,772,-0.59962748809241,-0.34867102724062754,0.68134100966093
8000,773,-0.5548361028731719,-0.3016671206720742,0.581258892674341
8000,774,-0.5723092478801801,-0.37623507335821516,0.6905596781144464
8000,775,-0.5907083112712043,-0.3646045198915728,0.6725979936878369
8000,776,-0.5621888657517665,-0.3442609848304514,0.6896246212237166
8000,777,-0.5999030016681999,-0.31588078526952795,0.6148667994039755
8000,778,-0.5805531570977005,-0.34800754550169144,0.65720392023183
8000,779,-0.5881833732698827,-0.37420349141395826,0.711762058934885
8000,780,-0.6163817740292323,-0.41507080171419053,0.7691769153679966
8000,781,-0.575122372188398,-0.31638623064011434,0.6116524802140167
8000,782,-0.5882637897461119,-0.3263060378004486,0.6565022464459047
8000,783,-0.5916225720649253,-0.3670403556839919,0.7028035952170869
8000,784,-0.5895652508500405,-0.403273306896876,0.7224098670571448
8000,785,-0.5656350662992728,-0.35296292372136,0.6483966101701989
8000,786,-0.5807849597573008,-0.35318058058826274,0.663259235917552
8000,787,-0.5681190351165434,-0.3218696680019583,0.6318790838402369
8000,788,-0.5440401879318929,-0.32042190771405477,0.6368002297533034
8000,789,-0.5835876431355687,-0.26897062248620357,0.593241332195263
8000,790,-0.5852847990889123,-0.34950701687875596,0.6740760627472825
8000,791,-0.580873674079364,-0.3165022616136268,0.5925467431638868
8000,792,-0.5625760402817217,-0.3520952626981952,0.6371352265456739
8000,793,-0.5899385092205296,-0.28530507553533996,0.5738834818892473
8000,794,-0.5974878340787612,-0.31859429578441667,0.6065771110495302
8000,795,-0.582337947887495,-0.310495351776794,0.6213139394171053
8000,796,-0.5606849955834193,-0.3096130469775686,0.6290219658144696
8000,797,-0.5345739297866164,-0.3721302345239856,0.6643097116444191
8000,798,-0.5933342186088764,-0.3630930236648515,0.6562393728419463
8000,799,-0.6043716153204599,-0.30570118521851636,0.6106895943954954
8000,800,-0.5785812636154188,-0.4341975402241427,0.781097103957896
8000,801,-0.6149962360502321,-0.31039912174356515,0.6175247219719292
8000,802,-0.6162853635763482,-0.34114282113934147,0.6709838522066156
8000,803,-0.571270493411355,-0.3274780000429857,0.6227974173251225
8000,804,-0.6026299159286415,-0.38062078729192084,0.6624346745844829
8000,805,-0.603513114431409,-0.39833222155788395,0.6811618796529056
8000,806,-0.5858318364079083,-0.3934531281744361,0.7039503194087144
8000,807,-0.5883198896981383,-0.2993325245614396,0.5822617440775474
8000,808,-0.5758937677699412,-0.32327597584837886,0.6488969978749742
8000,809,-0.5902214134002126,-0.3466715187523488,0.6819879269563573
8000,810,-0.590618210160147,-0.35201656760870975,0.6925220619104668
8000,811,-0.5746136049476722,-0.331224084696886,0.6283438028515594
8000,812,-0.5594828777323428,-0.3993276749445123,0.7303190002261722
8000,813,-0.5657175842613078,-0.35385097773569935,0.6539019736287762
8000,814,-0.5691142697677504,-0.35861444647040863,0.6899278289500274
8000,815,-0.5668335170484977,-0.35176287216384405,0.6551153293152959
8000,816,-0.5672665806005618,-0.32055774757719263,0.620293451760982
8000,817,-0.6053136995751646,-0.3989428126799974,0.7103002707418827
8000,818,-0.5820821522882751,-0.3168082585074503,0.626866566219095
8000,819,-0.5862912911137078,-0.2750482672160412,0.6046981062710425
8000,820,-0.5760095935487715,-0.3124515726828483,0.6401409826745014
8000,821,-0.6161033414076661,-0.28363546572177684,0.6074343767026006
8000,822,-0.5592579135052334,-0.3070819992505795,0.6212632386063438
8000,823,-0.6313952141787649,-0.33195611326705915,0.6385458572233415
8000,824,-0.5929060234984282,-0.3886108744649765,0.664478515226537
8000,825,-0.5696949522064263,-0.4177683475900403,0.7043209428960645
8000,826,-0.5762268468195421,-0.38614695616436884,0.7404001325214589
8000,827,-0.5678025727771402,-0.3540622613378352,0.6681858113550239
8000,828,-0.57309470900592,-0.36978758341977963,0.6741059934146254
8000,829,-0.6099015479673319,-0.3918161545007972,0.7068225383528586
8000,830,-0.5780290434647075,-0.39934498573965393,0.7334454633122276
8000,831,-0.5744911450971273,-0.3555640587801271,0.6657923446926899
8000,832,-0.5851710248443635,-0.3595168221787178,0.7009783753730642
8000,833,-0.5903642091092247,-0.3331741669406381,0.6569634983412003
8000,834,-0.5673339486065474,-0.35639811936147725,0.6381511946609394
8000,835,-0.5833899043570178,-0.3101900346218436,0.5903523752333284
8000,836,-0.6039013649743654,-0.3426233004817141,0.6501211276018001
8000,837,-0.5960238654124963,-0.323489445788665,0.6257752400639003
8000,838,-0.5752237256550177,-0.37675165288108853,0.6753955381552629
8000,839,-0.6084554190404146,-0.34051807858419836,0.6519275437188237
8000,840,-0.5663269799981132,-0.35042287129746935,0.6490998013220199
8000,841,-0.5844555540978995,-0.3650511986185657,0.7032932600682392
8000,842,-0.6215023102680983,-0.3144309353384829,0.6058749979612006
8000,843,-0.5903208305245796,-0.29016313353650813,0.6246489797170413
8000,844,-0.5585313567209658,-0.3082689514457719,0.6042345467611129
8000,845,-0.5769702090205684,-0.4433588905436736,0.7803671926481862
8000,846,-0.6056734404945439,-0.34206404901232257,0.6704531276611783
8000,847,-0.6031824174137199,-0.2871805949988818,0.599710296352106
8000,848,-0.5651413284034239,-0.31644079704958067,0.6078652757919151
8000,849,-0.5636526688859756,-0.442088503016619,0.7586045830478373
8000,850,-0.6050248287182536,-0.381999037178753,0.6861895254510103
8000,851,-0.5932024071598219,-0.37034824712922515,0.6596280880520359
8000,852,-0.5747251950646811,-0.29876252746514126,0.6494174745070505
8000,853,-0.5665728755784007,-0.3588556973432382,0.6611729411467261
8000,854,-0.5951614548681272,-0.3820352808902996,0.6908968262808288
8000,855,-0.5819218982817542,-0.31592285623478505,0.6387288560166205
8000,856,-0.5883014874049624,-0.31097861561787676,0.6080615823558678
8000,857,-0.5773497271491312,-0.4202122360148259,0.7280971932988541
8000,858,-0.615510256573854,-0.34884987216467156,0.7049202752091552
8000,859,-0.5603921974255675,-0.3289724022677339,0.6539367956261174
8000,860,-0.5537606112465957,-0.3803409876452711,0.7138400515359717
8000,861,-0.5865173448664361,-0.32123133308841223,0.6600305939249687
8000,862,-0.6056794448503962,-0.3896676223868792,0.6997980569820637
8000,863,-0.5731722210961555,-0.3372154767031067,0.6434555050697436
8000,864,-0.6044342161381565,-0.33293222124060157,0.6302344959109334
8000,865,-0.6057707784591154,-0.3719009771194351,0.708759858826956
8000,866,-0.5952775505418187,-0.38865679478630966,0.7124592980589901
8000,867,-0.5931897144616716,-0.29618951169141733,0.636278816605246
8000,868,-0.6008874965266762,-0.2703513534963902,0.584984673986253
8000,869,-0.5860896633778861,-0.3238910749324308,0.6062418453020265
8000,870,-0.5854704071124739,-0.32273101077108324,0.6548071410760725
8000,871,-0.5989513710521609,-0.42322510376857525,0.7416904689946047
8000,872,-0.5411324350342049,-0.3523919450385162,0.6536044886915393
8000,873,-0.5816226548611398,-0.35385769594549715,0.6844116325173946
8000,874,-0.5374547575056386,-0.345703912495141,0.6560531933276246
8000,875,-0.6177736811516594,-0.42297242322190165,0.7582746085939632
8000,876,-0.5932414841582961,-0.29310533824677976,0.5840482145397871
8000,877,-0.6277558930119972,-0.3611839303852233,0.7063130232852967
8000,878,-0.5514588666935565,-0.35339950019693256,0.647696649016436
8000,879,-0.57574322778622,-0.31717909744313527,0.625284729006302
8000,880,-0.5954686811394172,-0.3285843628504293,0.6222393940638458
8000,881,-0.5716629986069273,-0.3286780256325992,0.6658628572386188
8000,882,-0.6154841747249106,-0.24595791173696877,0.5454329136970841
8000,883,-0.6218966813270536,-0.33337301261285246,0.6393687719408434
8000,884,-0.5596869506477904,-0.2800647969477919,0.5879768133801206
8000,885,-0.557107947585066,-0.325327970906296,0.6340710937958142
8000,886,-0.6086310016889082,-0.37713455821191616,0.6753378918342239
8000,887,-0.5707302561816389,-0.350626705911433,0.631807703632436
8000,888,-0.5749508533801251,-0.3324145556311954,0.6837378307895132
8000,889,-0.5799970786350452,-0.28352413753615746,0.6029693395007178
8000,890,-0.5685179819444823,-0.29173033420878525,0.6103427212386636
8000,891,-0.5974552271726694,-0.3597169433339449,0.6648401299776246
8000,892,-0.5531977159348097,-0.3686938082651336,0.686016090029083
8000,893,-0.6140625789685097,-0.35874394985631103,0.6738330097752201
8000,894,-0.6168515135292667,-0.33688320428079355,0.6420599558348696
8000,895,-0.5975450236039671,-0.2762655132320631,0.572740821062282
8000,896,-0.5752793169437905,-0.283374249160714,0.57333695164684
8000,897,-0.5624747126758836,-0.3225633741997094,0.643954440003596
8000,898,-0.5909695218509514,-0.3283887630748789,0.6380571127677482
8000,899,-0.5921417111165418,-0.31170685125532777,0.6281404955475767
8000,900,-0.571332167282209,-0.29418605049457897,0.5957405338651921
8000,901,-0.5513460858714871,-0.26921950152600743,0.582560138102821
8000,902,-0.5871756804081989,-0.37977987660212,0.6635159554991646
8000,903,-0.5797131670617381,-0.3630421861748456,0.6689552372564374
8000,904,-0.6057693429959474,-0.3024291435935077,0.6184727687277736
8000,905,-0.5762284235257037,-0.4137276287606857,0.7225323320890851
8000,906,-0.5636397417807786,-0.3452405832424865,0.6681727996628262
8000,907,-0.5726589145207457,-0.3545696060306829,0.690222431877364
8000,908,-0.5650626630895668,-0.3376149907002369,0.6585660308169475
8000,909,-0.6480974963138346,-0.29978317792722936,0.6080984051110534
8000,910,-0.6060474493555283,-0.2891534652290017,0.5848677489697299
8000,911,-0.5743318932864258,-0.30591494871254404,0.6290141725021854
8000,912,-0.604372769495008,-0.3172892085667745,0.6549895686227404
8000,913,-0.5329915308367422,-0.32834864097341593,0.6009186541041576
8000,914,-0.5938980833900607,-0.3661242728148119,0.6895807967365736
8000,915,-0.5899185959614461,-0.3606170494074593,0.6883084373633492
8000,916,-0.5803985209088293,-0.383680466950795,0.7120003345574496
8000,917,-0.5766864372214453,-0.37421503871529016,0.6795996327755416
8000,918,-0.6037211181420663,-0.3189600815281555,0.6040196225433063
8000,919,-0.606951625761643,-0.3492077932503071,0.6492195593386083
8000,920,-0.6342022593686142,-0.4005078457191828,0.7307821043546308
8000,921,-0.5901985146573105,-0.3204328610613769,0.6388640855819621
8000,922,-0.5861652138914741,-0.4409128987208573,0.7750100971966731
8000,923,-0.6133483623710687,-0.3638375381886159,0.6992734593878551
8000,924,-0.6127985121147063,-0.36332312146664797,0.6490847408312495
8000,925,-0.6201331914040776,-0.3741242010895915,0.6885949455116144
8000,926,-0.6005541276683968,-0.31780896042176054,0.6291506863884705
8000,927,-0.5757854617570644,-0.3984645028700498,0.7302430958811296
8000,928,-0.5696024813999534,-0.30303218773212753,0.6184882379905559
8000,929,-0.5662902280392482,-0.3345122641309615,0.6126540191165977
8000,930,-0.5888120379543429,-0.3643117409267304,0.689384609099248
8000,931,-0.5581432566237143,-0.3306660303965815,0.6420181760687632
8000,932,-0.5771577276820208,-0.27640601020279415,0.5562802166947757
8000,933,-0.5970022035478204,-0.409676995993684,0.7182587554513694
8000,934,-0.611163351235414,-0.38643258820445614,0.6869954948269218
8000,935,-0.6066601085230656,-0.3036787765512533,0.6140786183151936
8000,936,-0.5878491205445927,-0.3803074406425218,0.7096778103835274
8000,937,-0.5677968782716988,-0.3157153879803889,0.6488037228196738
8000,938,-0.5613328307584948,-0.310231623930125,0.5902801961672406
8000,939,-0.5895121274301234,-0.3145581277724715,0.6228449536999741
8000,940,-0.5801251143304262,-0.3006267208275321,0.6244931943571785
8000,941,-0.5948569795538617,-0.1888782221489265,0.47765445275710555
8000,942,-0.5978551077714259,-0.3539795045852541,0.700591233075757
8000,943,-0.5751947036245436,-0.3252481871800853,0.6317036068311747
8000,944,-0.5758902627551208,-0.3552682804618069,0.6952342095749732
8000,945,-0.5495300262082725,-0.3233512773401939,0.6207443982491777
8000,946,-0.6054905410103737,-0.37247436534372175,0.6714481787166133
8000,947,-0.5557668092340475,-0.4443195820540649,0.764632742041169
8000,948,-0.5724613941872121,-0.3664555959336991,0.6733490144864163
8000,949,-0.5681161858708117,-0.31270267256349654,0.6309380258922139
8000,950,-0.5771739275224448,-0.3755153053376907,0.6742093988146921
8000,951,-0.5578501018326989,-0.3222187716340809,0.5920650919761693
8000,952,-0.5982882381827141,-0.3153066120144138,0.6207532608058678
8000,953,-0.5844238081821129,-0.3574729048284887,0.669410328206482
8000,954,-0.6026903078098675,-0.34232505140578406,0.6893966337533973
8000,955,-0.5789992098955795,-0.3305706586535444,0.6198762420517665
8000,956,-0.588462320910593,-0.3658987235465702,0.66700740544949
8000,957,-0.5632718343241269,-0.39913899328737124,0.7437560548969121
8000,958,-0.5660291851078995,-0.3701057501535295,0.671731200822721
8000,959,-0.6004595964831995,-0.3327828363287998,0.6633986674057415
8000,960,-0.6162536917676772,-0.2609921402858853,0.5730501095491759
8000,961,-0.5890728612247249,-0.3285162227615592,0.6449267734987731
8000,962,-0.6217143488134236,-0.40995907175479174,0.7017101276185511
8000,963,-0.6074988955745338,-0.39007658259968736,0.7149473280388339
8000,964,-0.547074111855107,-0.35318127936108734,0.6625642636679746
8000,965,-0.6024320128679449,-0.3372843897687706,0.6493249984323715
8000,966,-0.5895120160021972,-0.3621611318500195,0.6682013067058669
8000,967,-0.6143811254478101,-0.3667224528005527,0.7005026147912606
8000,968,-0.5417907803200935,-0.31520553778268046,0.6472289469675004
8000,969,-0.5717286804061279,-0.3095497357077773,0.6048825861206266
8000,970,-0.6217549579359674,-0.3485348656515445,0.6647778410223791
8000,971,-0.5584601022795281,-0.4030372617590641,0.7105765370104322
8000,972,-0.5754623666989327,-0.3420872955577814,0.6439355097483134
8000,973,-0.5833027514894619,-0.34697788498790966,0.6593448564199919
8000,974,-0.6170776110127095,-0.3945728509274976,0.7024346013023739
8000,975,-0.6040233238994566,-0.31229572033528863,0.5879029225781138
8000,976,-0.5863327270419159,-0.3850295437474022,0.7217698433216794
8000,977,-0.5966326301874043,-0.3470135205191324,0.6787620764344702
8000,978,-0.5841884536652253,-0.41743695535526315,0.7477532215941239
8000,979,-0.559087872784782,-0.3892012852730557,0.6928591325594486
8000,980,-0.5712534375114768,-0.37688349410717126,0.687066769637282
8000,981,-0.5975714723974217,-0.2819922483403066,0.5979136706640811
8000,982,-0.5917321753149286,-0.313434139458483,0.6216792621119479
8000,983,-0.5804641470799933,-0.3288807669631463,0.6593789469643495
8000,984,-0.5663527901783936,-0.30731769256109154,0.5987102058146896
8000,985,-0.5513388838651162,-0.33080578224034995,0.6480748476701311
8000,986,-0.5939828076888114,-0.3240153744775229,0.6206752248146672
8000,987,-0.5881439875956724,-0.3749695494777756,0.7070424293895586
8000,988,-0.545833592789946,-0.3468452986377002,0.6812777457507452
8000,989,-0.6014442669422995,-0.32033451351916076,0.63012734208099
8000,990,-0.5592211447280255,-0.28883382843789257,0.5828277150605917
8000,991,-0.5731670888904368,-0.3236441342255585,0.6189826578676179
8000,992,-0.5772280402801936,-0.28849691218053913,0.5867348835186199
8000,993,-0.5771100177179516,-0.3044981211893403,0.6118665042123287
8000,994,-0.5954149884853888,-0.34972962120718964,0.6434478255621178
8000,995,-0.6020070413568317,-0.3610862275493123,0.6946957064299544
8000,996,-0.5766321171355206,-0.3938035667914333,0.7247499810468402
8000,997,-0.5777870079306462,-0.31861352588220276,0.6198876607036802
8000,998,-0.5681543292853419,-0.3371762683539598,0.644117290940113
8000,999,-0.5962357713362035,-0.37050173142208503,0.6846704699067977
16000,0,-0.6588106070619644,-0.35702075921611715,0.7033506024882974
16000,1,-0.6632363991544296,-0.3459796035434748,0.7160751764541903
16000,2,-0.6482644024207569,-0.4160603698315421,0.7910910842365709
16000,3,-0.6890114010247785,-0.34112829110369663,0.7019740693590003
16000,4,-0.6603996586794552,-0.41277550733355817,0.7784198650489523
16000,5,-0.6467223575245638,-0.39488559334430684,0.736484863061625
16000,6,-0.629539796129081,-0.36498345607903104,0.7361267972939685
16000,7,-0.6370743395209522,-0.43115962991988505,0.7946110471481335
16000,8,-0.6309790872929841,-0.4293532447590484,0.8006836606413352
16000,9,-0.6611734760046004,-0.3953859560291567,0.7248161210175404
16000,10,-0.6356707193140234,-0.4074606201229547,0.7593543424958885
16000,11,-0.6356573333787658,-0.3597205067942744,0.6897367570906778
16000,12,-0.6198542142090872,-0.4188823469375571,0.7513888030298411
16000,13,-0.645751005205903,-0.40977797886780926,0.7620060905420176
16000,14,-0.6108303001623308,-0.4130115231925679,0.7573338811643585
16000,15,-0.6219583881777242,-0.35758718913207255,0.7221285791355034
16000,16,-0.6495921383724998,-0.363272766922222,0.6994897123013991
16000,17,-0.6563708582610311,-0.3776317297657561,0.7246236863296917
16000,18,-0.6539594014961642,-0.3852517782976177,0.7420364968500912
16000,19,-0.6791982705468633,-0.40288771589184086,0.754435943274473
16000,20,-0.6462546182921369,-0.4717225259527181,0.8131499564005499
16000,21,-0.6326637590989718,-0.4603874890801364,0.8392130940844651
16000,22,-0.652702699681434,-0.3837316786412602,0.7467629104577427
16000,23,-0.62913423493916,-0.37452154363605233,0.713297462695363
16000,24,-0.6345277138731233,-0.4402571038640275,0.7879776055198033
16000,25,-0.6765417241615751,-0.3651101566328998,0.7285055598165192
16000,26,-0.62270349515872,-0.4144049221244106,0.7634654872979036
16000,27,-0.6311968267512169,-0.33326839946381853,0.666864358098197
16000,28,-0.6599860199663831,-0.4191896624258112,0.7994289934948812
16000,29,-0.6659819258609807,-0.41162184049076056,0.7624144721214612
16000,30,-0.6111261531282695,-0.4129042736608958,0.7371919019033923
16000,31,-0.6471579223316823,-0.43200055368905227,0.8009863559301028
16000,32,-0.6472328596073961,-0.32498370239294944,0.6611209208444789
16000,33,-0.6565630081434637,-0.45170575428843884,0.8327328954886618
16000,34,-0.6443831789888843,-0.3735118115938826,0.7448576362842081
16000,35,-0.6294576972421848,-0.4156128575348585,0.7627795635451926
16000,36,-0.6792208349250763,-0.3280651797269472,0.6911989186994114
16000,37,-0.6883605015736514,-0.3959533920130602,0.7724731541310355
16000,38,-0.6524710296630873,-0.36341937936037394,0.7024175139835691
16000,39,-0.6423460686343436,-0.4038842598138674,0.7476226311848697
16000,40,-0.6598684248022414,-0.36908953912812753,0.7003033926115
16000,41,-0.6304958084093949,-0.4603829976113669,0.8490072059710352
16000,42,-0.6330212630548842,-0.3741792664520897,0.7383596993952323
16000,43,-0.6295991069548871,-0.30981416264236533,0.6460468613767485
16000,44,-0.6322214318163386,-0.333525337268493,0.6917310880758826
16000,45,-0.637050494002077,-0.46638662006700893,0.8139426043390804
16000,46,-0.6052944668555331,-0.40112129346614983,0.7328841147096943
16000,47,-0.6463913715756295,-0.5062820059318263,0.8497641463971612
16000,48,-0.6387773202574178,-0.3951190383416934,0.757430316657862
16000,49,-0.6479867006423365,-0.32684532423179763,0.7159174584654263
16000,50,-0.6467512513491107,-0.48195591468991394,0.8446993248035635
16000,51,-0.65188833148435,-0.38970995590490753,0.747144392274076
16000,52,-0.6726207508727466,-0.42171528661036006,0.7454410928373343
16000,53,-0.6439438374384296,-0.40250942091137476,0.7466346969124243
16000,54,-0.6356521232187571,-0.37798469406705404,0.7219450440177103
16000,55,-0.6726862285988805,-0.39890209520066106,0.7414491623063608
16000,56,-0.6583370762490586,-0.4027300967854531,0.7331618497020549
16000,57,-0.667207801526104,-0.4013828670713528,0.7648559998661859
16000,58,-0.6200751673244349,-0.3560912891573937,0.7161460508808931
16000,59,-0.655455020334981,-0.3851982012797281,0.7571124450334532
16000,60,-0.6586223249276728,-0.3206662081245953,0.623605359419695
16000,61,-0.6280788828320838,-0.40819443194926486,0.7763977232576986
16000,62,-0.6684166775649544,-0.5077516286822376,0.9100735188792631
16000,63,-0.6508611388015239,-0.3343180956535203,0.7039549555974253
16000,64,-0.6500067518361006,-0.322174226270638,0.6719016306308497
16000,65,-0.6869769726015356,-0.4056128702565664,0.7790274356305606
16000,66,-0.6619031551328651,-0.4261831873802481,0.7532789435128333
16000,67,-0.6226260460081146,-0.4310698541389363,0.7836079994079375
16000,68,-0.6430634712178178,-0.4138952355216926,0.7769101069912376
16000,69,-0.6245340671148643,-0.3335177094094971,0.6920135163798375
16000,70,-0.6464749280376111,-0.4367156490379134,0.7924824753195142
16000,71,-0.6295719699142412,-0.46107888517348466,0.8273723041815209
16000,72,-0.6618809619833927,-0.36826279282173385,0.7333450720280899
16000,73,-0.6681383843938387,-0.3903124261433453,0.7369370718520339
16000,74,-0.626252082766353,-0.39192386399775864,0.7258974312914799
16000,75,-0.6698964893909425,-0.330705446214872,0.6865756836667705
16000,76,-0.6262885369054181,-0.3725176992164787,0.6962781282322178
16000,77,-0.6518937153211913,-0.3475089602487655,0.6969400701702766
16000,78,-0.6341105087584249,-0.3791689367243454,0.6946379686536112
16000,79,-0.6404015375216472,-0.3728676431204898,0.6942024973669756
16000,80,-0.6838936292268332,-0.3708913515097662,0.7469490259396241
16000,81,-0.6269449360639799,-0.3670655093329662,0.700209544489273
16000,82,-0.6532687727362946,-0.33731156400868545,0.6619247580275124
16000,83,-0.6825379785766673,-0.4002105148988151,0.7740946379348523
16000,84,-0.6468041088420269,-0.4878801256562123,0.885920376742686
16000,85,-0.6728249051610601,-0.41441045356403206,0.7894428362674618
16000,86,-0.6388733978575059,-0.4066029876157125,0.7803133710864038
16000,87,-0.6784313860358067,-0.45237182633444656,0.7909041454955923
16000,88,-0.6895142423872885,-0.45376325794628697,0.8322325589666337
16000,89,-0.6333164188592533,-0.4144799247167649,0.7678880583689515
16000,90,-0.6546805700061353,-0.3353013373244186,0.6821270614999484
16000,91,-0.6840581319211068,-0.3684113419511777,0.7198931879001047
16000,92,-0.617188157440707,-0.4497396246439725,0.7984496449460361
16000,93,-0.6704887243457297,-0.39293352076774635,0.7171221706669499
16000,94,-0.6556147098603435,-0.44529762715108545,0.8218311833251898
16000,95,-0.6390564938438701,-0.4135003302882333,0.7535915515909659
16000,96,-0.6184314174207279,-0.500709909480515,0.8595426682200237
16000,97,-0.6612957491856852,-0.4453323236350613,0.8077959887117011
16000,98,-0.6309098305533563,-0.3528181348005478,0.6828904325119071
16000,99,-0.6355724021405066,-0.31311663341858587,0.6482053571365269
16000,100,-0.63837614369341,-0.3991417956815372,0.7631602092809
16000,101,-0.6339783033605171,-0.47274938628483043,0.8679595133920177
16000,102,-0.6487584865216717,-0.3519062116993492,0.6671429496560072
16000,103,-0.6602059310131569,-0.4224469535590309,0.8107942274503019
16000,104,-0.6695988294278017,-0.36682483257244675,0.7363704644961497
16000,105,-0.599646695438301,-0.45299214354839784,0.8310621385804565
16000,106,-0.647349270043162,-0.33629290855365834,0.676662519455171
16000,107,-0.6390152898351211,-0.40435788601441064,0.7639831673802888
16000,108,-0.6357471818113192,-0.41139034417683307,0.7980892287136871
16000,109,-0.6116290503678279,-0.40857033084805555,0.7793907676435317
16000,110,-0.6466915858400246,-0.408792196105494,0.7762314712878479
16000,111,-0.648895340185998,-0.37291414183392246,0.7341129056640242
16000,112,-0.6982745243885977,-0.40886209910324073,0.7337947653296355
16000,113,-0.6333320009522683,-0.4239059046707473,0.7986826820100627
16000,114,-0.6726720926971788,-0.4589581181403884,0.8445871580163415
16000,115,-0.6297498525332081,-0.3743171858014595,0.7180274997691894
16000,116,-0.668548084532506,-0.4174749797021974,0.8046251165952997
16000,117,-0.6315139725683528,-0.45399945151534205,0.7827984306443562
16000,118,-0.6465422968264067,-0.41152387058441403,0.7740870954869172
16000,119,-0.6726415496705636,-0.3837916095663063,0.7241014672560588
16000,120,-0.6397272664295012,-0.40714742346852995,0.762857272471144
16000,121,-0.6956093029827288,-0.32782773789356223,0.6779775961898341
16000,122,-0.64845085528542,-0.3242641982832582,0.6874049246291891
16000,123,-0.6454463043315235,-0.43420826400299856,0.7900120627801336
16000,124,-0.6401630491769529,-0.3768495368862655,0.699938047528582
16000,125,-0.6046090787885161,-0.3858253125624653,0.7631448953967487
16000,126,-0.6692739388608078,-0.3581813258031059,0.6871567526030969
16000,127,-0.6103340251110746,-0.31850427380028834,0.6695611153227031
16000,128,-0.6086220428334694,-0.4254357171895216,0.7745541187061112
16000,129,-0.6632535294392576,-0.3695267087250331,0.7182404030722944
16000,130,-0.6778580603126945,-0.37533167742929985,0.7648281680865907
16000,131,-0.6976893312361536,-0.4409571758181795,0.8085842827330852
16000,132,-0.6159449345904566,-0.390153604090947,0.7151723116413929
16000,133,-0.6509599571751629,-0.314724179976574,0.6309445702279247
16000,134,-0.6546152404655379,-0.44931020179320796,0.8209417555414117
16000,135,-0.6417459915588166,-0.4110218724238287,0.7438409030323704
16000,136,-0.6550438106028953,-0.34928182478938585,0.6868291452948819
16000,137,-0.6629412323592878,-0.3004860024185861,0.6350440117297519
16000,138,-0.6254304534426897,-0.4475810830517266,0.809899833377619
16000,139,-0.6435811574996199,-0.47166871764294177,0.8480692367477096
16000,140,-0.6940935838652015,-0.3288028338491379,0.6841028955270809
16000,141,-0.651594655158396,-0.40113768338121464,0.7469264023106152
16000,142,-0.6168683891668322,-0.3616544192459823,0.7257262730811114
16000,143,-0.6141132468361985,-0.5063973038821274,0.8760037282672957
16000,144,-0.6322750124825001,-0.40794994780032307,0.7520346466567167
16000,145,-0.6442973594653362,-0.46200494869213715,0.8117395730827996
16000,146,-0.6365931992566267,-0.3761419185168672,0.7257738526170459
16000,147,-0.6619293217108084,-0.40284061427368495,0.7370058281871269
16000,148,-0.6684443772356679,-0.3578761502776821,0.7072222465005288
16000,149,-0.6637315279470719,-0.36615379534757087,0.6861817959862192
16000,150,-0.747077987616373,-0.3986280430150088,0.7626228377663294
16000,151,-0.6424111998450593,-0.433836549286852,0.804441651679917
16000,152,-0.6315556674148393,-0.4274246320280647,0.8006504617892909
16000,153,-0.6282424995295598,-0.3905023436682966,0.7734289509544588
16000,154,-0.6597477411684661,-0.3532140484891836,0.718274467953954
16000,155,-0.6380779500040951,-0.44793148591307386,0.836630373054023
16000,156,-0.6424562019089854,-0.4248972127590886,0.8062758870515163
16000,157,-0.66435626808446,-0.39734175833532553,0.7573823631559315
16000,158,-0.6494903575329112,-0.45870374875894476,0.8312938525094996
16000,159,-0.6575648204482859,-0.3315956091620931,0.676501927414116
16000,160,-0.6832820592957337,-0.4046622064600574,0.7564789504272068
16000,161,-0.6482349531556943,-0.34079400255032205,0.6945274523812552
16000,162,-0.6681411964902599,-0.4232822260839804,0.7885679900047258
16000,163,-0.6308755847338794,-0.46378336616135774,0.8693454538551878
16000,164,-0.6483318184668188,-0.434714641955643,0.7524293670166283
16000,165,-0.6157301940488874,-0.4460471890619352,0.7971814990190109
16000,166,-0.6784740437548997,-0.42932245653443696,0.8019442119332589
16000,167,-0.63438697069732,-0.417623673101537,0.7891863672408161
16000,168,-0.6331766931511721,-0.4064093555869291,0.7727727493855007
16000,169,-0.6302053547814307,-0.34149538048760575,0.6784413674794914
16000,170,-0.6109607609891949,-0.4098425647989564,0.7691865129908013
16000,171,-0.6564141147594653,-0.3860737900087458,0.7529856717753873
16000,172,-0.6508302541165429,-0.4460753722038732,0.8181743489178606
16000,173,-0.6688657809339154,-0.37860987298781146,0.7128837178975175
16000,174,-0.6695603812914743,-0.4790455968888732,0.8143218401297818
16000,175,-0.6463906007622451,-0.35179442637143854,0.7135309238579594
16000,176,-0.6299502286820489,-0.37312939473549855,0.6860009555919487
16000,177,-0.6665820404562014,-0.4072853795269138,0.7545822573417389
16000,178,-0.6493032144816798,-0.4380316778896166,0.7751077489149236
16000,179,-0.6491378246565941,-0.39403437769126526,0.7664287644416368
16000,180,-0.6223020949702358,-0.3665687800568156,0.717898141782827
16000,181,-0.6618753441612708,-0.4172858747366791,0.764299195490028
16000,182,-0.6765487533341709,-0.4043378124763712,0.7858437396190112
16000,183,-0.6293352099878997,-0.3678262612746039,0.7155820053582311
16000,184,-0.6499596345415228,-0.37141703137908627,0.7368179041168909
16000,185,-0.6635558204149113,-0.45695749495195165,0.8186085413907749
16000,186,-0.6637049753084779,-0.38890665870012914,0.7741283504451556
16000,187,-0.6596991200933966,-0.44047892658055504,0.7870597057722581
16000,188,-0.6411902460501862,-0.4529447935735941,0.8245683166206884
16000,189,-0.6760457652136822,-0.3588818386731969,0.6900632702232654
16000,190,-0.6365961348733065,-0.34883810321052483,0.6933726838479002
16000,191,-0.693201767514579,-0.3661069305459285,0.7026321699645869
16000,192,-0.6273814955628294,-0.35231437546524097,0.7133395289321831
16000,193,-0.6894483239144085,-0.38394331283851757,0.7456905941384163
16000,194,-0.6392405952534845,-0.4450257989625266,0.826541489651323
16000,195,-0.6247072446890699,-0.4360585761497174,0.7989198286420492
16000,196,-0.6512127116263935,-0.4487137095897713,0.816892170377254
16000,197,-0.6647368897466246,-0.39757862510397207,0.7417382860234656
16000,198,-0.6515939633924381,-0.375973639513105,0.7358400761990255
16000,199,-0.6169763889341284,-0.4605168534804641,0.8395082667062218
16000,200,-0.6765595648715794,-0.4616669425851255,0.8412380016304234
16000,201,-0.6731404887786243,-0.39028769198554963,0.7579222611375073
16000,202,-0.6667632090671446,-0.37401263377686617,0.7453899176389689
16000,203,-0.6353072725982037,-0.45785188743879973,0.8141786937295901
16000,204,-0.6832773158374106,-0.4075506514441634,0.755462274097263
16000,205,-0.6521005549569748,-0.30974184317440623,0.6421266657791977
16000,206,-0.6406499101645988,-0.40221580185626554,0.7409123794625535
16000,207,-0.6563702392671125,-0.46506219592078063,0.8217799323249102
16000,208,-0.6710544667903837,-0.434043833663022,0.7661485442697621
16000,209,-0.6459846903649653,-0.38748512061639984,0.7124327372449412
16000,210,-0.6302756686238361,-0.43627956748491137,0.8236115792468056
16000,211,-0.6518889467989232,-0.44561976162945927,0.8228770639115804
16000,212,-0.6339473340051978,-0.4160917649435973,0.7840375860550314
16000,213,-0.6863257847960369,-0.2730469941917493,0.6092219735210195
16000,214,-0.6353597555040769,-0.42482172045816835,0.7735950761981584
16000,215,-0.6939027406387088,-0.35646134513371236,0.7316614858769274
16000,216,-0.6560311277678426,-0.405785041768106,0.7860892237858512
16000,217,-0.6353945248550747,-0.39079290149081825,0.7659410206321362
16000,218,-0.6485864442460125,-0.3756615427469611,0.7197537245849456
16000,219,-0.6278907323859642,-0.30699309944209163,0.63561475913936
16000,220,-0.6875078219209394,-0.42624599673863406,0.7817044029872446
16000,221,-0.6490723270902228,-0.43287663316396646,0.7782050319209448
16000,222,-0.6675224246272586,-0.4158709212562732,0.7564804570858458
16000,223,-0.6466134056631636,-0.40248685782753946,0.7531261834398999
16000,224,-0.6496245397065874,-0.36732668243460814,0.7101508082157132
16000,225,-0.6662587130188191,-0.3672365233078383,0.7204662085771283
16000,226,-0.6732553209801679,-0.38624997310667447,0.7275511210627363
16000,227,-0.6492654856687357,-0.39557640797753174,0.7252496414976576
16000,228,-0.6878056523596374,-0.32204808515304145,0.6718739701408776
16000,229,-0.6495974846112392,-0.33530336648905673,0.684011865095553
16000,230,-0.683239707588603,-0.31017793147632705,0.6478852724796706
16000,231,-0.6423477705532108,-0.44249521805133046,0.7821546412615079
16000,232,-0.7072426721363974,-0.4269467592305329,0.7728376541249111
16000,233,-0.68862602452126,-0.314375758312237,0.6295996368656129
16000,234,-0.6568853033687438,-0.33388022268235595,0.6646176192974457
16000,235,-0.6348798575162642,-0.48267929426985395,0.8325170984270787
16000,236,-0.6675360812742817,-0.34294396456682325,0.7235169311140369
16000,237,-0.6586200956671449,-0.43851667777225944,0.8097569015617817
16000,238,-0.6853513886075386,-0.41212475313520897,0.761447352630743
16000,239,-0.6550987236957528,-0.40759065527379257,0.7535585515650158
16000,240,-0.5960264363022987,-0.41152774710161905,0.7544673453824685
16000,241,-0.6811520188942644,-0.37382066971187816,0.75388844687239
16000,242,-0.6730323794822798,-0.3945794013946924,0.7246194167887887
16000,243,-0.6706922826387798,-0.4080382923126687,0.788381838952359
16000,244,-0.6711478979573091,-0.28945164121561073,0.613216593131954
16000,245,-0.6738989603446988,-0.3360781795821176,0.6788009307044378
16000,246,-0.626237106912616,-0.43181046225378455,0.749415940149456
16000,247,-0.6764170245838947,-0.39938412290318054,0.781966080375501
16000,248,-0.6494845386316979,-0.33873025939227164,0.7372576764449634
16000,249,-0.6686750519452864,-0.37512702344582877,0.7293475779993606
16000,250,-0.6570338279947128,-0.45079108566228177,0.8186254494512655
16000,251,-0.6476522925245702,-0.38516773233856927,0.7202974230973876
16000,252,-0.647511329371761,-0.36861563928747065,0.6934107504500037
16000,253,-0.6183288109357373,-0.4129838365289543,0.7739697690055743
16000,254,-0.6598945481775378,-0.39759952976797996,0.7422886885195592
16000,255,-0.6456005823289892,-0.42252112835921846,0.7983239984770987
16000,256,-0.6546945166513476,-0.4001711334475973,0.7623684369956611
16000,257,-0.6407664295141928,-0.379150515447932,0.7194002189931692
16000,258,-0.6493442392183255,-0.4515659408514264,0.8220141907675801
16000,259,-0.6469455454581345,-0.44793891828545035,0.8291033508202384
16000,260,-0.6322297387287696,-0.32792552076435316,0.6521379277521645
16000,261,-0.6257420827921374,-0.3605056285687379,0.7125657620702023
16000,262,-0.6426743118539824,-0.4100221659245393,0.7549766103429797
16000,263,-0.6755405560556302,-0.3729614083890695,0.740855144929686
16000,264,-0.638609847699482,-0.41491747098014176,0.7556149894036961
16000,265,-0.6464857076480626,-0.3770476169815893,0.723610576819922
16000,266,-0.6302991697185576,-0.36176874062241826,0.7149666559716054
16000,267,-0.6596920736108514,-0.4151210002946852,0.7324391994395163
16000,268,-0.6597732388190551,-0.4064979852132354,0.7839307289414488
16000,269,-0.6279291156295783,-0.3797486263781634,0.7456112524271991
16000,270,-0.628559232642107,-0.37893640631453,0.7280427418381397
16000,271,-0.6676065184351614,-0.4505761287917378,0.8332157452950499
16000,272,-0.6513324985327054,-0.3536821078261728,0.7009272092554653
16000,273,-0.6443232377673258,-0.4174587825965448,0.7415175530694623
16000,274,-0.6379344572475526,-0.3943797707839114,0.7842462675754547
16000,275,-0.6750671675628009,-0.37425247376406245,0.7283788276212969
16000,276,-0.6670638290889119,-0.4143277153297691,0.7609607365750954
16000,277,-0.6573507037643177,-0.38386818362798564,0.7397974921683362
16000,278,-0.61617340893918,-0.4428045723098257,0.8025062723132661
16000,279,-0.6570831591004869,-0.3701992322073365,0.7528317681427149
16000,280,-0.6677218646842422,-0.3593225530643352,0.7080599387699368
16000,281,-0.6868998577451956,-0.4861162055280996,0.8523564468651218
16000,282,-0.6280655071463908,-0.39796340414349607,0.7299899515261614
16000,283,-0.6636571282932804,-0.41423268737282737,0.7527191849064311
16000,284,-0.6512304111536289,-0.4090732475098661,0.7568659831853308
16000,285,-0.6613035488913679,-0.34083673950415233,0.6582732068583728
16000,286,-0.6216723454144246,-0.46026236354637623,0.8134344436290807
16000,287,-0.6237348959555707,-0.3958083635407549,0.7332311748816093
16000,288,-0.6261727831755716,-0.4580801606828057,0.7970236785344527
16000,289,-0.6554828352950263,-0.36722805181339474,0.7416279532302135
16000,290,-0.6357137250669571,-0.45873204694194625,0.7904644920387939
16000,291,-0.6451077280717232,-0.36824027712627283,0.7226792262902921
16000,292,-0.6252947922778647,-0.46628887750241926,0.8416861281073521
16000,293,-0.6601305267471476,-0.481731620317646,0.8594136070931098
16000,294,-0.6561551115176889,-0.4984488222287834,0.8874676739304339
16000,295,-0.6449616692588828,-0.41228727323940506,0.7335300782236602
16000,296,-0.6721463780751161,-0.4388329161960537,0.8140715197608722
16000,297,-0.6302989140644149,-0.44747948448265645,0.8506081186925635
16000,298,-0.6884669222573477,-0.4654980076468725,0.8086126685804611
16000,299,-0.6508813712962833,-0.3679636263006545,0.6956704326034635
16000,300,-0.6568347162487314,-0.4263746310507118,0.8192114829787833
16000,301,-0.6296603923647497,-0.39041724840347836,0.706006633791473
16000,302,-0.6543113820845536,-0.3922861655613639,0.7693664848727487
16000,303,-0.6589904910641478,-0.4052591662043237,0.7894290828427376
16000,304,-0.6427052881586068,-0.4216559466618649,0.8126204285627231
16000,305,-0.6453654916593776,-0.354358982981453,0.6965468181489369
16000,306,-0.6315745185847369,-0.3038316493394179,0.6494536166089067
16000,307,-0.6644534805932717,-0.3018821058495992,0.6638945295440609
16000,308,-0.6153392341143309,-0.466584096135504,0.8209295671662702
16000,309,-0.6500319218140234,-0.4142806644716933,0.7882791450011594
16000,310,-0.665406534145445,-0.3323483492480307,0.646924191464938
16000,311,-0.6481356556551646,-0.4279491950558716,0.7494230983306197
16000,312,-0.6366853792077503,-0.37997849636222136,0.7057460176464208
16000,313,-0.6229513216592864,-0.3613252652863954,0.6864579373138701
16000,314,-0.6464570817998287,-0.3632424029397164,0.6854180603916957
16000,315,-0.6444646629906423,-0.38262323695596,0.7300701805859304
16000,316,-0.648003355438627,-0.42302680376282936,0.7834500489390158
16000,317,-0.6914889389484986,-0.35935467820597655,0.7014720836872032
16000,318,-0.6341584838725065,-0.3605191843728174,0.7116113235351988
16000,319,-0.6441130086268232,-0.3545466632255617,0.6782118555440417
16000,320,-0.6495979115944337,-0.36070084796946833,0.7261491455595078
16000,321,-0.6571379866749785,-0.43573932452040753,0.8020640943253368
16000,322,-0.6492183072711848,-0.39623760797678353,0.7681963766070155
16000,323,-0.6208282140582457,-0.4025372855575133,0.7643972795930968
16000,324,-0.6336527177396838,-0.4478666227702802,0.819853686101415
16000,325,-0.6697680497022919,-0.29613265085678825,0.6269799460142202
16000,326,-0.6522410045089839,-0.39268787943580297,0.739733811316657
16000,327,-0.6554276154328911,-0.4442637511368018,0.7977889295596142
16000,328,-0.6491128171660331,-0.3191270098466716,0.6636358660892472
16000,329,-0.6637960664027154,-0.38301850757893835,0.7206832862412137
16000,330,-0.6523645125113364,-0.4142472780309429,0.751017346971143
16000,331,-0.6537160032893049,-0.3921920291451929,0.7378535820586015
16000,332,-0.6742952201664574,-0.4506304204392328,0.8259747721436916
16000,333,-0.6534946108856181,-0.4200794667079936,0.757439175682334
16000,334,-0.6049546893860139,-0.2931484606249422,0.6020830471217224
16000,335,-0.6296216468398032,-0.4228000239868663,0.7963526088462726
16000,336,-0.6257611992213628,-0.31476116270929116,0.6187546625360937
16000,337,-0.6445918007449005,-0.3558715872158516,0.7011389465410063
16000,338,-0.6626853967837885,-0.40691337953631473,0.7238529403613104
16000,339,-0.6446982578548712,-0.43483544539142466,0.799175303844962
16000,340,-0.6496817007219727,-0.3770497372672807,0.6933817644935376
16000,341,-0.6457196507649992,-0.3545540082614383,0.7029576962961334
16000,342,-0.6699551521591969,-0.3622885525056979,0.7304929989732017
16000,343,-0.6754575155127842,-0.48067775235769516,0.8390967894880675
16000,344,-0.6664390216693248,-0.34181316747361523,0.73821529071077
16000,345,-0.6415009272135912,-0.36962825904246316,0.7006800244073801
16000,346,-0.6296674395060687,-0.4112801841713138,0.806516138680621
16000,347,-0.6716116523447286,-0.35630170522482174,0.682584619060517
16000,348,-0.6412021879312539,-0.40747403842419133,0.7507044569065938
16000,349,-0.6813222053405339,-0.3602121911462461,0.7272460892300316
16000,350,-0.6269124794392453,-0.4157569747372349,0.7541271540773519
16000,351,-0.6262423113640925,-0.44748982223897643,0.8055151587914757
16000,352,-0.651820836087365,-0.4700825885611405,0.8322099782396408
16000,353,-0.6502540683519257,-0.4349198184516213,0.7965675677997841
16000,354,-0.623701543474894,-0.3572019128093575,0.7013694630297068
16000,355,-0.6431178343072179,-0.34777049127742454,0.6936100881136595
16000,356,-0.6539661972802009,-0.4507929054553288,0.8014224172840947
16000,357,-0.6762017590275999,-0.33582441919607103,0.6725574725606118
16000,358,-0.639017480862428,-0.4359549797562316,0.8483135067518868
16000,359,-0.6657064059399611,-0.28150944788057863,0.635417761605113
16000,360,-0.6597112051294669,-0.3792723989175464,0.7548740335690821
16000,361,-0.661718433523468,-0.4602864035734393,0.884755508704862
16000,362,-0.6747778503663162,-0.37979181977183135,0.7499947716521378
16000,363,-0.6600579327420458,-0.42487737518169055,0.7915366952176138
16000,364,-0.6626535128738612,-0.3685544525189094,0.7305818692945661
16000,365,-0.6435504782831198,-0.48924126253618644,0.9008832801022848
16000,366,-0.6450177337683749,-0.3455753566752944,0.7074289789043648
16000,367,-0.6411370395984227,-0.34397310049220825,0.6871427608390415
16000,368,-0.5862653017976858,-0.3386295194656043,0.6732460922741543
16000,369,-0.6653775618813782,-0.4162716880574473,0.7448061667241533
16000,370,-0.639870434909525,-0.38617555147094274,0.7318182455186659
16000,371,-0.6500121327755022,-0.2616833543973848,0.5647984281459077
16000,372,-0.6139612009480114,-0.43295665301884634,0.7651944381533767
16000,373,-0.6607740717055351,-0.3452608363535183,0.7181110934220772
16000,374,-0.6316673045910712,-0.4357203611459076,0.7843771137470089
16000,375,-0.6615193335775689,-0.4745919296401161,0.8536394809833148
16000,376,-0.6390039585145355,-0.3159547018781089,0.6545485520084285
16000,377,-0.6490973848125676,-0.4205592122465844,0.7747607605858986
16000,378,-0.6425295041922479,-0.3432823905279747,0.6997333036599518
16000,379,-0.6532625540874837,-0.44610450302374877,0.8242134242682173
16000,380,-0.680144443199932,-0.3202095119345815,0.6815776714972704
16000,381,-0.6422634071863123,-0.3783286160743043,0.7531314481078276
16000,382,-0.6419429442483773,-0.42017509652256085,0.7630725752306468
16000,383,-0.6112928434398959,-0.38894073509882665,0.714004525925505
16000,384,-0.6289328453293717,-0.3921729197226045,0.740997402049405
16000,385,-0.6909566423065706,-0.4404829012504421,0.8380096177951941
16000,386,-0.6547421883580222,-0.37793856616557536,0.75597274859964
16000,387,-0.6617087279359182,-0.392053303636698,0.7177148356497517
16000,388,-0.6656101620344035,-0.4106039212104262,0.7646622092206463
16000,389,-0.688243861471842,-0.37984461357673976,0.7474120351362807
16000,390,-0.7229234123521762,-0.4341683757330344,0.8119171014920518
16000,391,-0.6548708347890642,-0.393428445205286,0.7407238246010901
16000,392,-0.6390581044459767,-0.35935823197758665,0.7058466048352373
16000,393,-0.6752352541543722,-0.4490271030710241,0.8155252830133974
16000,394,-0.6893296086531776,-0.44696771731698604,0.8161190133413376
16000,395,-0.6676795682920635,-0.2772326415303834,0.6529871449225826
16000,396,-0.6290314326641945,-0.38897091672487055,0.7248717380082939
16000,397,-0.7017004673924037,-0.3980986810730791,0.7432896288571262
16000,398,-0.6816423904310496,-0.47917028381586,0.8451244562913284
16000,399,-0.668515107029611,-0.4551416782565708,0.7995494566931367
16000,400,-0.649334058251583,-0.3985979587461783,0.7446601790621602
16000,401,-0.6709159861114764,-0.3783015226747751,0.7429269845547957
16000,402,-0.6814953634234813,-0.33887136134251755,0.7207612493303397
16000,403,-0.6910748404817896,-0.419917006441272,0.7814806321475762
16000,404,-0.6343225477733073,-0.40105718726814843,0.7706447296900746
16000,405,-0.6576949933865357,-0.34212662717212566,0.6896402268830815
16000,406,-0.6565772679823617,-0.469108365274999,0.8821347728125167
16000,407,-0.6627648427244481,-0.3527410567810258,0.6752253039447477
16000,408,-0.6538244874697807,-0.3502350813725122,0.6624923371792861
16000,409,-0.6465513631322504,-0.40120287041953406,0.7531354556213369
16000,410,-0.6718533486606922,-0.3869787802109225,0.7678842785867442
16000,411,-0.6485017411471439,-0.39442242424315666,0.7293109859602488
16000,412,-0.627086615784755,-0.4115897368225376,0.7391978748140332
16000,413,-0.6652950658578687,-0.44893385259024476,0.7994333414550162
16000,414,-0.6507730701627326,-0.3662976436766296,0.7264923050323153
16000,415,-0.668749635907566,-0.4315067376924752,0.8118788860448257
16000,416,-0.6492867422295023,-0.4003449158458643,0.7397043286214489
16000,417,-0.6381444251749961,-0.40678236697245296,0.7623103723185926
16000,418,-0.6407717157114035,-0.38511775562483735,0.7279757360610521
16000,419,-0.6599148444668685,-0.429161484918008,0.8109154147883704
16000,420,-0.6181709318177626,-0.3936736950012661,0.7373073273638258
16000,421,-0.6156901012272809,-0.392550254664756,0.7510735016853349
16000,422,-0.6477950852513636,-0.3869102620750367,0.7518427479351207
16000,423,-0.6658153200611678,-0.39735341244376543,0.764241252915787
16000,424,-0.6725471052957188,-0.4622956876624506,0.816543122892149
16000,425,-0.6759536924795619,-0.424971644610139,0.7972909318867722
16000,426,-0.6674724166461674,-0.374168854159654,0.7479726916160432
16000,427,-0.6200142057654605,-0.5233781024680764,0.8506518564072756
16000,428,-0.6152889241437908,-0.47563439868216095,0.81547458763381
16000,429,-0.6372904506489625,-0.325256258672403,0.6451866984835998
16000,430,-0.6718653244502855,-0.38939808666776254,0.7086433680258748
16000,431,-0.6430125047505048,-0.35104754586526987,0.6969305671189834
16000,432,-0.6638274750010087,-0.3638901987012501,0.6717234014931829
16000,433,-0.6526588995222434,-0.38167147078706615,0.7617037632203385
16000,434,-0.6397073162061708,-0.3776061917333601,0.7059825757658066
16000,435,-0.6416295377578067,-0.37174658420593876,0.7165237458400835
16000,436,-0.6659126275660651,-0.4331003560903597,0.7890992091234091
16000,437,-0.6234097109634253,-0.3792475759617156,0.7056126828654238
16000,438,-0.6485009495775025,-0.33190447020943437,0.6601149322267
16000,439,-0.6214092413086689,-0.37255157688722973,0.7276030948654085
16000,440,-0.6485737290507056,-0.38582630447003086,0.7093052663196875
16000,441,-0.6635721386023246,-0.42115873084898536,0.7644304414754981
16000,442,-0.6459088466356273,-0.45250134474712866,0.8225366400608033
16000,443,-0.6774305611488716,-0.3632589600954199,0.6785755916911883
16000,444,-0.6302336507162167,-0.39277831392206525,0.7639158134085349
16000,445,-0.6320599228004753,-0.4062216500770875,0.75907375131683
16000,446,-0.626734133608517,-0.40954619754478794,0.7339118012113502
16000,447,-0.5919388628431886,-0.4741770783254798,0.8325993474438238
16000,448,-0.6722615347047585,-0.3470735015488655,0.6941875574254308
16000,449,-0.6817614303001369,-0.4740359413250001,0.816208192907136
16000,450,-0.6687860470725114,-0.45316735432922284,0.7692580778153307
16000,451,-0.618553574036538,-0.4208102671566662,0.7767445375693063
16000,452,-0.648337746358949,-0.33914224636675666,0.6783100421199564
16000,453,-0.6524489316571851,-0.42614391432114035,0.7746581508909904
16000,454,-0.6562649396479449,-0.4382130013903501,0.8171100060939352
16000,455,-0.6723100402703208,-0.35120277786656,0.6847690546778219
16000,456,-0.6677770593492421,-0.4462247736258275,0.8228926646233851
16000,457,-0.64971849799384,-0.3662873064806746,0.6908797315443127
16000,458,-0.6513779873861131,-0.4019703810940615,0.7332999990517407
16000,459,-0.640625337063481,-0.4201820035408777,0.8021541282954571
16000,460,-0.6884122509214736,-0.4447950560560279,0.8325235048186915
16000,461,-0.6930378798602732,-0.371978299641311,0.7033495634879267
16000,462,-0.655337615077394,-0.37724481299179063,0.7290254736419687
16000,463,-0.6730744808764271,-0.3104332840910988,0.6801883351100607
16000,464,-0.6627089506868389,-0.40074758160621915,0.746166165956373
16000,465,-0.6596516926458351,-0.4465548611359937,0.8029720610224569
16000,466,-0.6452839542766037,-0.3630591454222593,0.6959452404815579
16000,467,-0.6845848282079463,-0.3642467786873921,0.7390423525126992
16000,468,-0.6279193844065798,-0.4834027401139187,0.8704655256073823
16000,469,-0.6417043007407615,-0.28629465342280935,0.6289542425472333
16000,470,-0.6571488968833852,-0.37877321063205294,0.7341240712122817
16000,471,-0.6602616732407833,-0.39918680259389605,0.7349121757054926
16000,472,-0.6325307834322256,-0.4331811400351218,0.7781035503336454
16000,473,-0.6832364527914714,-0.34187734839440526,0.6797085008924287
16000,474,-0.6430382472231961,-0.34241739559079076,0.6833457270954012
16000,475,-0.6134343133455282,-0.370800856063461,0.6942065714497109
16000,476,-0.6497553788604209,-0.40081719072876265,0.7863560985158174
16000,477,-0.6609342352571823,-0.4985656142015158,0.8808898615908016
16000,478,-0.6484693849654868,-0.38304319357044014,0.7370827964369853
16000,479,-0.660102198680266,-0.41901759864565075,0.7881653642289547
16000,480,-0.7124587339958462,-0.36141120266763876,0.7513860798551636
16000,481,-0.6198393469763783,-0.43119842563183675,0.7860938268602438
16000,482,-0.6276093946233099,-0.3590978541240082,0.6859278031499062
16000,483,-0.6329099297945098,-0.41228600855110403,0.7618425136951656
16000,484,-0.6521625717078217,-0.4915389307185319,0.8479299165805475
16000,485,-0.6257919584141234,-0.4318882135704354,0.7923128931900556
16000,486,-0.6281246124517347,-0.4168870799353387,0.7773768827402425
16000,487,-0.6416163260404237,-0.45842162895159444,0.7940298072984145
16000,488,-0.6512819269422747,-0.35527908408604186,0.7341852975060835
16000,489,-0.6447435925491144,-0.39819858940689556,0.7514646865485006
16000,490,-0.6774330617141842,-0.45807875020237365,0.8260243769574586
16000,491,-0.6390706032156941,-0.3451805378012283,0.6951524050611648
16000,492,-0.6561586321041555,-0.3920096316327931,0.7193689468437956
16000,493,-0.6154600573729666,-0.3683437034338281,0.7053422250296597
16000,494,-0.6381893040636952,-0.3199785651930408,0.6350597534480042
16000,495,-0.662003308176573,-0.46743264701670545,0.8541594678742668
16000,496,-0.6477095557526601,-0.34737776360133366,0.6900880155478589
16000,497,-0.6359152381813036,-0.4100753584133901,0.7752188786709927
16000,498,-0.6092266435506197,-0.37888566651232675,0.7271282788716754
16000,499,-0.6473111374388463,-0.3752580217485186,0.7362028245209492
16000,500,-0.6752768268725773,-0.43679252961374004,0.7815079527352955
16000,501,-0.6605703221714999,-0.3885214411614688,0.7557381056016823
16000,502,-0.6438428345221112,-0.42455397946128504,0.742102547641349
16000,503,-0.6481737242633869,-0.28415855786943817,0.6382217533308104
16000,504,-0.62086209632087,-0.4241130029128139,0.7763096043576712
16000,505,-0.6679909726362092,-0.32778642434443167,0.656861980912884
16000,506,-0.6531830446664619,-0.44919580600571235,0.8077925650634343
16000,507,-0.6391867224248504,-0.39460977631032534,0.7072791471293931
16000,508,-0.6597690524672523,-0.41608275859722316,0.7717402622270424
16000,509,-0.6431845962630458,-0.43640243623114805,0.8132814274913263
16000,510,-0.6324455187338218,-0.4334151995634739,0.8137045918727486
16000,511,-0.6317797393039657,-0.3880389618059152,0.7220493194276022
16000,512,-0.6403368248851184,-0.3925629664228783,0.7444634615225421
16000,513,-0.6474892353515771,-0.35362537917011616,0.6944268926966273
16000,514,-0.6510384423392843,-0.3791132424092575,0.7231595621174209
16000,515,-0.6684597698484885,-0.363834684985942,0.6877041141374134
16000,516,-0.6157393682137228,-0.38820135090942837,0.7379841017063392
16000,517,-0.6335081296552414,-0.41482554670944577,0.7759518014716008
16000,518,-0.6707014435424971,-0.3461606566682579,0.7097511751631054
16000,519,-0.6586143032123246,-0.43217541707498236,0.7587754532721571
16000,520,-0.6445973989512851,-0.4859577108689437,0.8619430696330237
16000,521,-0.6295675800746725,-0.4204519014547492,0.7803119776431116
16000,522,-0.6469824360523551,-0.38055651092234444,0.7408340696398745
16000,523,-0.648598315238733,-0.4375855235804529,0.8034331581067279
16000,524,-0.6541739833317743,-0.4338986107272557,0.8074110323879116
16000,525,-0.6504288359139951,-0.41121007097392376,0.7701043594024015
16000,526,-0.6512692214791076,-0.3062368342316755,0.6437896704612871
16000,527,-0.6372518531768407,-0.37481258720898236,0.7330645021221306
16000,528,-0.6277189963491654,-0.3549259160719372,0.6614146056786177
16000,529,-0.6599195427909608,-0.47367204992644213,0.8331932340811282
16000,530,-0.6634075682940085,-0.38900063175913235,0.707292724360612
16000,531,-0.6788890446372384,-0.412731820251459,0.7764411677413484
16000,532,-0.623027282904022,-0.4357379493481692,0.7963057840627206
16000,533,-0.6235860772081006,-0.37044752300568473,0.7320029210248642
16000,534,-0.63740165270408,-0.36672252299016145,0.7028457042685163
16000,535,-0.6544534262518241,-0.45930820538277706,0.8539116336536458
16000,536,-0.6272671738302749,-0.3379389753142934,0.6903475128894957
16000,537,-0.6225714328136288,-0.41665562096183273,0.7728299671517052
16000,538,-0.6618975958577801,-0.3170867078183465,0.6492778514170631
16000,539,-0.6726678290440834,-0.365154238719437,0.7327536613240164
16000,540,-0.6322488098577048,-0.4290195405351223,0.8114823733786638
16000,541,-0.6529578093689058,-0.44800660834895917,0.7995290928006789
16000,542,-0.6409929876459167,-0.35892174257629855,0.6833834449510263
16000,543,-0.594070474155665,-0.38065320018312887,0.7109901862472702
16000,544,-0.6665051857259982,-0.4112465382950643,0.7791546499240102
16000,545,-0.6633135432587483,-0.41324774870252357,0.7833885789166435
16000,546,-0.678769471411402,-0.4087733273490841,0.7752533281989694
16000,547,-0.6909407195088921,-0.4492761619891676,0.8036936794034437
16000,548,-0.6467923625117535,-0.44918347037771855,0.8062578434043182
16000,549,-0.6588281344451513,-0.47071165116572566,0.8586789437872243
16000,550,-0.6633222765864244,-0.4034385657896609,0.7794877010386467
16000,551,-0.6485228107263351,-0.4824786214122621,0.849455869713888
16000,552,-0.6822990956114247,-0.3670288606630793,0.7265528880327307
16000,553,-0.662865697022573,-0.4431662536465146,0.8049002622509065
16000,554,-0.6354643840924892,-0.4427512336897619,0.833516870753866
16000,555,-0.6236747842071215,-0.44914732237445193,0.8276639816277246
16000,556,-0.6623919621724226,-0.3916157753273509,0.7074405227629392
16000,557,-0.6482243082521066,-0.40474519652968943,0.7765297848185918
16000,558,-0.6215752214008895,-0.43454705988856335,0.8039886108652858
16000,559,-0.6628483850739759,-0.38539064855864397,0.7515200693230314
16000,560,-0.6471568408463447,-0.3597772298894885,0.7547753717624104
16000,561,-0.6683918636146049,-0.3815702493917454,0.7332553812264099
16000,562,-0.6784948837026327,-0.41818126309146775,0.7505522315122166
16000,563,-0.7199591186200938,-0.3145101418171326,0.6809866273143326
16000,564,-0.6638887932779676,-0.3400466618726009,0.6515847531787423
16000,565,-0.6501291419314907,-0.31415938984924235,0.6655049984152305
16000,566,-0.6486449579867667,-0.376669186157631,0.7031241614512064
16000,567,-0.6552477512283932,-0.36597335918963164,0.6871060047519909
16000,568,-0.6235301987620492,-0.45911677281256214,0.8294981965325442
16000,569,-0.675621920667358,-0.3780374849964455,0.7262232139424056
16000,570,-0.6373488647395831,-0.3405300047005586,0.6926741518497965
16000,571,-0.6750059395230055,-0.4249039262349161,0.776927331945842
16000,572,-0.6277412111372951,-0.44143650863435907,0.7932786562498576
16000,573,-0.6206029147245857,-0.3780870421484412,0.6678717929085518
16000,574,-0.6501180928240289,-0.3982751796891947,0.7599642406037685
16000,575,-0.7159827009639532,-0.398542763863475,0.7642167504246713
16000,576,-0.6367988960388022,-0.3779221447091725,0.7365608754534397
16000,577,-0.6174868956053587,-0.3313245436384021,0.6625675740254678
16000,578,-0.6302044171928699,-0.3778598283543156,0.7242204671903304
16000,579,-0.6331126806281362,-0.3768331643129188,0.6948581973071413
16000,580,-0.6735128470146001,-0.33715421572715676,0.6437771849581048
16000,581,-0.6438501811098265,-0.373592946926514,0.7293467268672928
16000,582,-0.6707370425893602,-0.43875909034100796,0.7890070237867683
16000,583,-0.659548306992444,-0.5215426163819187,0.9193794270684396
16000,584,-0.6661799447590538,-0.47796118404190974,0.8167386186825973
16000,585,-0.6421574303667099,-0.3163286043436479,0.6743568049467372
16000,586,-0.6325266520376908,-0.4611796220845032,0.8386050615986484
16000,587,-0.6332679167257104,-0.44829097632891274,0.8041559143232435
16000,588,-0.6674834581225609,-0.357914991249472,0.6700997993823257
16000,589,-0.6675719537538463,-0.39264620938944644,0.7198846831540409
16000,590,-0.6559585777043458,-0.4306216273696422,0.8003262058282206
16000,591,-0.6612956268225014,-0.3949567709602338,0.7640410056769104
16000,592,-0.6571566021713231,-0.3843049100307135,0.7492449494106026
16000,593,-0.6623973251240621,-0.45811528881324504,0.8193575200724112
16000,594,-0.6569594429108253,-0.3221501042549488,0.6472674333192422
16000,595,-0.6530557935652064,-0.45881282547408136,0.8322975906263933
16000,596,-0.6341372045798653,-0.4000402317039363,0.7377584509140661
16000,597,-0.6461853650758771,-0.3565953188848694,0.7212697997079492
16000,598,-0.6582134224273375,-0.41034868390176954,0.7729180627437482
16000,599,-0.6322914225874864,-0.42473977749062164,0.8117262011953077
16000,600,-0.6678363531436002,-0.35455523466595557,0.6509392081608751
16000,601,-0.6492830168874488,-0.4891588161119251,0.877126708220333
16000,602,-0.6563363722552232,-0.37961333980428696,0.7477711536367121
16000,603,-0.6990562701304776,-0.4290069848004653,0.8075771918197818
16000,604,-0.6518472789040117,-0.42420820170202206,0.8009952963910357
16000,605,-0.6379976223943573,-0.3867493042476791,0.7423329007002636
16000,606,-0.6794569453874626,-0.3403149001739514,0.6960520109695169
16000,607,-0.6513876579965069,-0.42703148786476886,0.773436728149042
16000,608,-0.6947430021573973,-0.36461770689408596,0.7119279244450426
16000,609,-0.6499220842370267,-0.3697020821053816,0.6946731315893336
16000,610,-0.632867792090132,-0.3584324841037209,0.6977319169828526
16000,611,-0.6605487849261924,-0.3848824126374927,0.7285261841963078
16000,612,-0.6277388052918871,-0.3981985342332492,0.801591240254993
16000,613,-0.6586051628654787,-0.4214997860384674,0.7927688338913196
16000,614,-0.6064460621625644,-0.4429683121886917,0.7928980737564699
16000,615,-0.6475207542803049,-0.35056354305976334,0.70175899585565
16000,616,-0.6731977810234131,-0.39659349314930525,0.7580051202138791
16000,617,-0.6277685840709482,-0.3772508906424036,0.7128271207393263
16000,618,-0.6525553096921265,-0.4566625768811918,0.8476457349314039
16000,619,-0.6614683957885441,-0.451912923856226,0.8309877097167295
16000,620,-0.6627266680561472,-0.28331213499440283,0.6010712400333184
16000,621,-0.6478007885648778,-0.4167914432582034,0.7913690926074294
16000,622,-0.6266126731705665,-0.3702750179500726,0.708437696864762
16000,623,-0.634737615527726,-0.4266694571557392,0.756877615014634
16000,624,-0.6397391827301684,-0.3477365698330246,0.6737995199451886
16000,625,-0.6284183872487149,-0.40928490830744424,0.7808246470107452
16000,626,-0.6584325177899375,-0.5208931281126911,0.9052639422055272
16000,627,-0.6408077958043366,-0.3100757151120568,0.6434088610895269
16000,628,-0.6467719397504404,-0.38253702254994115,0.750920294589078
16000,629,-0.6624414989637408,-0.44291123945043864,0.7743821356047424
16000,630,-0.6796088305354628,-0.4613214784691941,0.8686000444369282
16000,631,-0.6807434248775742,-0.4026489992832765,0.7954145753593757
16000,632,-0.6625163091190454,-0.39862531132692075,0.7474640562222313
16000,633,-0.6572111770098291,-0.38131038902113756,0.7528235613166137
16000,634,-0.662412342810084,-0.4951925552426864,0.8613826135548099
16000,635,-0.6457984238382222,-0.41032872117361413,0.7414420557963942
16000,636,-0.677928466597504,-0.4560940721962413,0.8232032573290914
16000,637,-0.6842148948465563,-0.3943423950494432,0.7795902980197892
16000,638,-0.6692259372844959,-0.3602182921829602,0.7176339552252137
16000,639,-0.6691088775665721,-0.3892615131993899,0.7130834369858319
16000,640,-0.6255306612645184,-0.4197581569055861,0.781143547200612
16000,641,-0.6061476371898171,-0.42796921623548434,0.7889403692026908
16000,642,-0.6156408056895128,-0.3559764964107314,0.6659028768265349
16000,643,-0.6321941716006176,-0.3970491518590607,0.7822692026071492
16000,644,-0.6449611819355827,-0.38188008861260936,0.7469922625875305
16000,645,-0.6719034035399797,-0.37273434431856156,0.7217265839597347
16000,646,-0.6899571014529675,-0.4534701451806913,0.8252069649995603
16000,647,-0.6675162930450466,-0.47477371312278194,0.8533110470817892
16000,648,-0.6254584505436165,-0.3442558484750756,0.7066655271359465
16000,649,-0.6425530856842039,-0.3784902210131749,0.7137341159015189
16000,650,-0.6710538566925692,-0.3272071272665537,0.6926190957725957
16000,651,-0.6647974202822748,-0.3704311222128214,0.7002768276932176
16000,652,-0.661797003213244,-0.3764704280032899,0.7591358630426444
16000,653,-0.6629992260557959,-0.3748734308432381,0.7288183967701933
16000,654,-0.6278786599280628,-0.40562203299524296,0.757759874761283
16000,655,-0.6753629678435649,-0.4428258312437519,0.8045434023367491
16000,656,-0.6916082805924197,-0.3055935715711692,0.6295103923732009
16000,657,-0.6346986433013602,-0.42038025164912046,0.7720336121318392
16000,658,-0.6509662073864118,-0.39332903838799327,0.7652543521842925
16000,659,-0.6231432113614781,-0.31907797603078264,0.6884469900531671
16000,660,-0.6526341144685712,-0.3802696075570474,0.7573335298521513
16000,661,-0.6537753166992741,-0.37677115103963355,0.7600259786604879
16000,662,-0.6238479019691248,-0.3503303991684148,0.6998964198966849
16000,663,-0.6637212809547679,-0.27742119677256455,0.6377061366487545
16000,664,-0.6594741050183809,-0.3342549140406948,0.7004749057735773
16000,665,-0.6363132673371349,-0.46507596871492435,0.8255701800874214
16000,666,-0.6687142998483355,-0.38573339682851726,0.7507894335174814
16000,667,-0.658041211914228,-0.3680217144560632,0.6976104783478205
16000,668,-0.6151852889685809,-0.4122985195652446,0.7371185221525324
16000,669,-0.6165315527495459,-0.38365914862201994,0.737761602798682
16000,670,-0.6313171284996838,-0.4339168386252879,0.8026189768263435
16000,671,-0.6606495047019216,-0.3923882263770991,0.7126386713501591
16000,672,-0.6592453230061311,-0.39844497539544116,0.7282400718686745
16000,673,-0.6727347827008081,-0.37286364422831647,0.7086096005532098
16000,674,-0.7051183605045996,-0.4220028185144423,0.8255355719964647
16000,675,-0.659059781754702,-0.3961464923843544,0.7294977112431424
16000,676,-0.6515634650082264,-0.33633696941113633,0.6632573300289004
16000,677,-0.6406566614883487,-0.456680778163382,0.8180110254277841
16000,678,-0.6309104926295519,-0.3590283872838137,0.7476410571851566
16000,679,-0.6416965913664288,-0.43460350367807205,0.8164473490764762
16000,680,-0.6251808693296563,-0.41800980738708526,0.7690561554387845
16000,681,-0.6307988800882304,-0.36019938440248844,0.7251197567707086
16000,682,-0.6684965212132166,-0.4102767017447328,0.7991501435612852
16000,683,-0.6363515635728942,-0.382032806221442,0.7149124110032498
16000,684,-0.6319144212688919,-0.43211407233084287,0.7762356694534734
16000,685,-0.6274006968642858,-0.3796407081610104,0.7092791908093867
16000,686,-0.6672953418806319,-0.40325746464582257,0.7693762475703027
16000,687,-0.600361666823614,-0.3764539575496592,0.7213079576580268
16000,688,-0.6724250473663853,-0.46557275943323206,0.856620466697579
16000,689,-0.6284788224697473,-0.34714272541249586,0.7022406245055479
16000,690,-0.6510735598624868,-0.4762460241716594,0.8500398528999404
16000,691,-0.6584997908877944,-0.45187883698503606,0.8430904001169665
16000,692,-0.686889581304151,-0.41870433314422423,0.8182042140450649
16000,693,-0.66616259901217,-0.4315946918792078,0.810324850006972
16000,694,-0.6561187734931315,-0.4234696098400465,0.7766846958466725
16000,695,-0.6571037922312626,-0.34006873347436267,0.6769923735991507
16000,696,-0.6904307559141026,-0.369979493973012,0.7314384184482575
16000,697,-0.6669973187919827,-0.3577427297114639,0.705052460991442
16000,698,-0.6679329683615145,-0.4845907204210255,0.8842274992178261
16000,699,-0.6154094495444613,-0.4765322708364734,0.8337286747362423
16000,700,-0.6294763163799593,-0.3728831842003745,0.6922824381244485
16000,701,-0.6682968908052039,-0.3319171685442994,0.687956011909313
16000,702,-0.6430982711829041,-0.33083590052316614,0.6810974945611024
16000,703,-0.6613534857851405,-0.38423773406608125,0.75556707063336
16000,704,-0.6586968849041601,-0.33140372335774343,0.6897892765663269
16000,705,-0.6548181493474998,-0.3333330183896115,0.6756483805411807
16000,706,-0.625061015608784,-0.41455682812491595,0.8277955399142936
16000,707,-0.6477071987803469,-0.41104250819917626,0.7690810897241815
16000,708,-0.6217633644097749,-0.3886148528013879,0.7171995380432498
16000,709,-0.6721831867781021,-0.35889063642174784,0.7286745054350094
16000,710,-0.6237356204199473,-0.40297356129577333,0.7576854990710977
16000,711,-0.6684525702202919,-0.42039398658777555,0.7855554918833458
16000,712,-0.6464803219845063,-0.4011455212373398,0.7774172639620223
16000,713,-0.6499039360828989,-0.47164025825295913,0.8554320069024093
16000,714,-0.6364599638807524,-0.4125932833317393,0.7797647135517981
16000,715,-0.6355455150076894,-0.40165719625209667,0.7624448521501198
16000,716,-0.650378897535945,-0.48639662135901074,0.8578704812192752
16000,717,-0.6330352203385499,-0.37625101832011476,0.7400298760793315
16000,718,-0.6921591547851892,-0.32743542376033047,0.692158502846452
16000,719,-0.6431787284229162,-0.4215291895438845,0.7608426402578481
16000,720,-0.6506636734301317,-0.3981807697813685,0.7427480721683741
16000,721,-0.6630735270790402,-0.40277972054966804,0.777161638821626
16000,722,-0.6096097048715012,-0.40442243184986626,0.7498666431116313
16000,723,-0.655695476265468,-0.36196363789022684,0.7166370995238854
16000,724,-0.6556864685953321,-0.4841108365610906,0.8486756798734718
16000,725,-0.6561236015281242,-0.4370874901086579,0.7891889744353836
16000,726,-0.6479342733395699,-0.4321314136902945,0.7865045195928605
16000,727,-0.6505144860754081,-0.3941266350593762,0.7364555560771847
16000,728,-0.6666317228647072,-0.34865715976904793,0.6695793599269825
16000,729,-0.660600167169967,-0.3216041410058713,0.6673387953784106
16000,730,-0.6922685884019256,-0.42333284036413116,0.7743499935201874
16000,731,-0.6840708682547358,-0.36253628564886,0.7335456612287954
16000,732,-0.6107438233488048,-0.3631183435534658,0.6924111703047588
16000,733,-0.714736265920491,-0.36506644838054947,0.7566384658183641
16000,734,-0.6750424517930991,-0.3218804683144891,0.6494900340352733
16000,735,-0.6371356898608944,-0.4617962003369085,0.8148717578597856
16000,736,-0.6204075744686759,-0.41982557132064696,0.7773808204096188
16000,737,-0.618523056172671,-0.38007497688457614,0.7399866604973993
16000,738,-0.6507717478267041,-0.32886641593549465,0.6845753892691059
16000,739,-0.6356954935074955,-0.4003865485475859,0.7720309136957416
16000,740,-0.6681567231774601,-0.43765045839733796,0.8058236038932395
16000,741,-0.6763105858300048,-0.31260816039108313,0.6868068149544772
16000,742,-0.6666459439064223,-0.40388905839939593,0.7631961138076119
16000,743,-0.6232638639887713,-0.4024798316728514,0.7322354382830785
16000,744,-0.6729963110888848,-0.4373429885574331,0.760384859083027
16000,745,-0.6034447648958372,-0.43710775787616973,0.7537852783056674
16000,746,-0.6237073355877643,-0.3819187449093909,0.7412716309836741
16000,747,-0.6617166280947606,-0.3741734518833017,0.7182129256097975
16000,748,-0.6580274255041543,-0.48713373244179825,0.8451852921328646
16000,749,-0.6669143723568434,-0.43681986046339366,0.7626486334909112
16000,750,-0.6873617013594082,-0.32188961269802796,0.6903006619775364
16000,751,-0.6535921253317644,-0.42677529722605007,0.7599862250088212
16000,752,-0.7050224655180988,-0.33720380399362604,0.6952440811384829
16000,753,-0.6813832356004745,-0.34216451156172517,0.6944274034775875
16000,754,-0.6551398732681266,-0.4104471526601493,0.7660859016810035
16000,755,-0.611028991097424,-0.4156456730138937,0.7555461036823371
16000,756,-0.6597544431223055,-0.3503341389947927,0.7015391783952335
16000,757,-0.6152475782876359,-0.4270856815026805,0.7730227535751423
16000,758,-0.6540968279705371,-0.37737550353787425,0.7265470418463758
16000,759,-0.6445773277150069,-0.45493464276810386,0.8544185057796289
16000,760,-0.6686452195183532,-0.4234038485575998,0.7748284336295305
16000,761,-0.6838879981617687,-0.31398214010513176,0.6747685348341491
16000,762,-0.648434915720087,-0.3722302241832469,0.7168116270693682
16000,763,-0.6559235280597746,-0.27734241181630354,0.6405668228067275
16000,764,-0.6294613387152429,-0.4434810861805634,0.7926074538096245
16000,765,-0.6567741710218695,-0.42342291611807753,0.8032668458182219
16000,766,-0.6314943044283328,-0.3751161815837594,0.711645243649765
16000,767,-0.673698894458645,-0.4518106676485053,0.795629175354172
16000,768,-0.7005735942992435,-0.5145735774757371,0.9518257159722994
16000,769,-0.6138738695237214,-0.42780180756079456,0.7659899871729113
16000,770,-0.6656678258534925,-0.4897024669374792,0.9121280806730879
16000,771,-0.6365161566441622,-0.3927853559967581,0.7616589156667557
16000,772,-0.6292040392369616,-0.44164150553888015,0.7753548338667617
16000,773,-0.6226690979074474,-0.40371593987285426,0.7548873031220273
16000,774,-0.6440899703833488,-0.3913255693658386,0.7052800716386924
16000,775,-0.6765697950278745,-0.37182898764144456,0.7245395441915369
16000,776,-0.6112196578836575,-0.36616132984027805,0.7288261679808911
16000,777,-0.6683163474046865,-0.47587588391701,0.8773497953242367
16000,778,-0.7193692978991592,-0.3716717875668038,0.6985374834767402
16000,779,-0.6613554304074807,-0.34242700581186974,0.7138475211640004
16000,780,-0.6639099333412106,-0.41258619684512504,0.7761715000638412
16000,781,-0.6585474115329875,-0.4912567456185664,0.8839862943863123
16000,782,-0.6780325526014079,-0.49470550329369595,0.8905959149150586
16000,783,-0.6643544271788657,-0.3817939130579728,0.7581964200992666
16000,784,-0.644339727304815,-0.40086720737435794,0.7537818364405272
16000,785,-0.6170273996045064,-0.35088619753765804,0.6731940387027712
16000,786,-0.6811631897250159,-0.380568058383532,0.7395405561572557
16000,787,-0.6821048918840704,-0.4176255175948133,0.7644896292256989
16000,788,-0.6752392122017649,-0.4439824903631234,0.7887430539417389
16000,789,-0.6367140079631949,-0.4912172505783377,0.8698782469121549
16000,790,-0.6226072679624268,-0.3721874181931639,0.7265333042009626
16000,791,-0.6356884955281008,-0.4398441119398514,0.797481855991093
16000,792,-0.6495874509702821,-0.4584573264725781,0.8329756823037816
16000,793,-0.6516974141171401,-0.4567733265215079,0.8070239541247979
16000,794,-0.6622259349548056,-0.3634112662532774,0.7349257783130281
16000,795,-0.6656454911869683,-0.36897875257789403,0.7328782412842162
16000,796,-0.6847488967270028,-0.4346715247580114,0.816763124631079
16000,797,-0.6427543742942129,-0.41290411977899855,0.7816845501357771
16000,798,-0.6404213950281062,-0.33336428320715644,0.6781681211232805
16000,799,-0.6181877148995946,-0.4925766057297761,0.8247268500789035
16000,800,-0.6444087984414123,-0.3710613237009502,0.7382677384189329
16000,801,-0.6578577711698368,-0.39458538623321493,0.7653585891902801
16000,802,-0.6593245671308321,-0.40658133064337554,0.7335472606905361
16000,803,-0.633136575501864,-0.3301338686646609,0.6359746823226056
16000,804,-0.6511277505531134,-0.4780841060420569,0.819995220307578
16000,805,-0.6506765471266182,-0.3773508522260349,0.7256569844275514
16000,806,-0.6683656902505798,-0.45936645814914223,0.826112464051509
16000,807,-0.6551785917204456,-0.425144472116101,0.7777424327709059
16000,808,-0.6654641091828568,-0.32464415259481716,0.678795959542429
16000,809,-0.6177621252987564,-0.4880498632581255,0.8535025966128382
16000,810,-0.6045483664364428,-0.39018311063149363,0.7556045253932491
16000,811,-0.6593310671430104,-0.43097661268836285,0.8218147031188895
16000,812,-0.6757366315359232,-0.41161220760375045,0.7490688956967864
16000,813,-0.6750432013309076,-0.3371437541021646,0.7010454386570203
16000,814,-0.6892994207968575,-0.36915880472942425,0.7178323797919702
16000,815,-0.6303428432919549,-0.3732263968317282,0.7252319663490294
16000,816,-0.6424845103977224,-0.4630587472118381,0.7968003977484163
16000,817,-0.6610077743389888,-0.45723547538548237,0.8505888239762261
16000,818,-0.6751213452230778,-0.4419910764570848,0.8235668872345961
16000,819,-0.6490602356408861,-0.4753622292839635,0.8474662716391935
16000,820,-0.6308722965959099,-0.42224938486569413,0.7790587908745975
16000,821,-0.6524720746766813,-0.37118455148639773,0.684697817659144
16000,822,-0.6842435421357276,-0.44940735492192657,0.8330347716705367
16000,823,-0.6826157572515288,-0.37850090706432,0.7369258241908997
16000,824,-0.6512694935157755,-0.461631402937854,0.8455035146938432
16000,825,-0.6387992410949628,-0.36876479354438874,0.7289972254693516
16000,826,-0.6701662881135655,-0.39693505090532494,0.7549624636183101
16000,827,-0.6275741591336472,-0.40266728699402254,0.761578082496263
16000,828,-0.6383298782094571,-0.3677643006666199,0.6826497015030963
16000,829,-0.6800706486575996,-0.43285548146568587,0.8266048612369201
16000,830,-0.6681902988606845,-0.3624318753995653,0.6895492168243034
16000,831,-0.6687867167220238,-0.4086898621267197,0.7706872885760542
16000,832,-0.6516953636632606,-0.35854465320157636,0.7005372679723124
16000,833,-0.6725445444491998,-0.3374323240604863,0.6581552992913854
16000,834,-0.6940933988647658,-0.33637203089047024,0.6695550566269516
16000,835,-0.6474692348242012,-0.3578565987981152,0.7009814765375042
16000,836,-0.6485968501796308,-0.43283468546959974,0.8113032477466862
16000,837,-0.6359516688836451,-0.3655529358775499,0.7332335933869211
16000,838,-0.6378335111350748,-0.38737111251719647,0.7491232963995138
16000,839,-0.6508781568064683,-0.45335936780782543,0.8370659205463915
16000,840,-0.6779962294573642,-0.39217222805024954,0.7263174739331965
16000,841,-0.6405220530006238,-0.45870475064359445,0.8065320793094205
16000,842,-0.6847582559342857,-0.42589587047483585,0.7900137712543622
16000,843,-0.6640742322649679,-0.35062535554367363,0.7027242255356159
16000,844,-0.6574304314200918,-0.39210817654756197,0.732172914749863
16000,845,-0.6401339823445591,-0.40487959842632526,0.7512402825171859
16000,846,-0.6715625979999544,-0.4753480693338967,0.841070651954735
16000,847,-0.6558620495403535,-0.4197964837156013,0.8133458511449808
16000,848,-0.6668751187480206,-0.2845692821750627,0.6583161276532001
16000,849,-0.6508403351390859,-0.45267295684536346,0.7981508878703873
16000,850,-0.6517786578338066,-0.4152411074831262,0.8039418472238159
16000,851,-0.7023407666069128,-0.4018580446887524,0.800001933263079
16000,852,-0.6372618908149015,-0.35625605880242733,0.7244232179338767
16000,853,-0.6570847861652389,-0.4743449311095665,0.8208903851919077
16000,854,-0.6632902849721698,-0.36169024936637445,0.7155694533687663
16000,855,-0.6556957027879042,-0.40354989203702385,0.7749997070417306
16000,856,-0.6231541071853366,-0.3794829196476389,0.7308235334251652
16000,857,-0.6953236201347681,-0.3815751202689868,0.7442492358626419
16000,858,-0.6585765660075272,-0.4401951542455019,0.7882850050215252
16000,859,-0.6498714084769625,-0.45013857362734205,0.8045188066477461
16000,860,-0.6301153541147771,-0.37738488274669035,0.7502890586117216
16000,861,-0.6698558116402689,-0.31201611629258796,0.6823604095875068
16000,862,-0.6380893689713469,-0.41339724409109135,0.7422323384998023
16000,863,-0.6587566985310133,-0.4168866807192557,0.7894331928010679
16000,864,-0.6584683667964639,-0.4156725327547494,0.790727058584504
16000,865,-0.617784826251282,-0.48023944510706107,0.8420234167637987
16000,866,-0.698116721670641,-0.3725048056869971,0.7437707791076249
16000,867,-0.6756900106483306,-0.42999884862792254,0.8073974628264212
16000,868,-0.6754800541932855,-0.44738207411558834,0.8138035232690227
16000,869,-0.669407208891407,-0.3151451437638642,0.6438824788994607
16000,870,-0.6505798628529555,-0.4267747825278914,0.727412986940441
16000,871,-0.6389385133560439,-0.395173393283894,0.7371249898816113
16000,872,-0.6681845243392457,-0.4253775786076405,0.7633148404895759
16000,873,-0.6375041112427462,-0.2770704379918043,0.6296720433717882
16000,874,-0.6709561734363234,-0.358413530504515,0.6722558656243938
16000,875,-0.6515614817500266,-0.39794805514169246,0.7420744612647103
16000,876,-0.6690602377421211,-0.38860594950115884,0.7282355767461123
16000,877,-0.6478002804197096,-0.4029067273454418,0.7431505311164007
16000,878,-0.622157982529866,-0.42214073592326284,0.8032637232168442
16000,879,-0.6732407696251219,-0.4203875504267707,0.8247923333368289
16000,880,-0.7123346566241635,-0.38560999530186574,0.7565765363153557
16000,881,-0.63584302277398,-0.468691397179892,0.8391678118628986
16000,882,-0.6678271645664391,-0.45453251610195816,0.8391153127886264
16000,883,-0.6446694295970128,-0.4802070680928274,0.8101917725098032
16000,884,-0.6821338356725962,-0.3917500541681949,0.7661264055502057
16000,885,-0.6249444558379311,-0.41135658731397723,0.816426841249628
16000,886,-0.6492106336072857,-0.35557702300419236,0.7178334291791616
16000,887,-0.6523586253372304,-0.4525074100114901,0.8175840919543766
16000,888,-0.6702683467518276,-0.3453747323020916,0.6726246849920924
16000,889,-0.6203740703212575,-0.4079280336845496,0.7654044583963852
16000,890,-0.6535841412049843,-0.4118878924692883,0.8020899230980268
16000,891,-0.6277980534812883,-0.3488841371800566,0.6824696376199032
16000,892,-0.6715696922623582,-0.43769617684571166,0.8277586634383418
16000,893,-0.6554704065813006,-0.40653578930762385,0.7414436662355971
16000,894,-0.6422171111476143,-0.38036105785819746,0.7546926037764706
16000,895,-0.6253357155389817,-0.25934682645575463,0.5993733906675599
16000,896,-0.6471848034659179,-0.4488372121958741,0.7859011483692288
16000,897,-0.650573624919067,-0.4449735813084158,0.827005681940962
16000,898,-0.6308886886450686,-0.36281508987735145,0.7073571593596474
16000,899,-0.6461395095061866,-0.4335545066321743,0.7714037641745959
16000,900,-0.6338205524336138,-0.37231492962950946,0.6947974458902574
16000,901,-0.6167349822546992,-0.5164692498070708,0.8779582680292661
16000,902,-0.6945917613723152,-0.4613677404797297,0.8098786218655024
16000,903,-0.6843624606728682,-0.4400055555218799,0.7868014440027873
16000,904,-0.6309465810225516,-0.404952952328835,0.7601596181663012
16000,905,-0.6187670611023417,-0.40522808050035825,0.7311037062285565
16000,906,-0.681816679543375,-0.39974767747091294,0.7699784696951988
16000,907,-0.6471523068229451,-0.4375457363997664,0.7817024884462168
16000,908,-0.6615743079483015,-0.42106213235914425,0.7896930680185201
16000,909,-0.6392107634286197,-0.3760155102846584,0.7467128244544191
16000,910,-0.6400088571984064,-0.40590031059524195,0.747739985664304
16000,911,-0.6859515041073682,-0.3904975993426139,0.7308181457312204
16000,912,-0.6896486905048167,-0.409641893456074,0.7801101035899037
16000,913,-0.687638943553753,-0.3109230084056671,0.6030915958552456
16000,914,-0.687354903170355,-0.38223386681917376,0.746253249808648
16000,915,-0.6350764051704674,-0.35741185388197966,0.6906166597980227
16000,916,-0.6389463802067099,-0.4988883788687897,0.8882003852632138
16000,917,-0.6609118865528775,-0.4212090374665665,0.7636312267660375
16000,918,-0.6383909718971734,-0.4032210804218646,0.7705518146411099
16000,919,-0.6116976735508599,-0.41195686233216605,0.7595499653423056
16000,920,-0.6902030638838179,-0.3704282621537502,0.7181445179239199
16000,921,-0.6325284270072296,-0.41150415822193154,0.7350786361048361
16000,922,-0.6486717667441843,-0.39737948695951264,0.7499110351458991
16000,923,-0.6633195300193386,-0.43235981199805856,0.7799590370645415
16000,924,-0.6803740516233645,-0.38924202487205983,0.7367574964537954
16000,925,-0.6499452963532187,-0.3953935173147582,0.742306146931149
16000,926,-0.6488751997197826,-0.46963931323432867,0.845604176133122
16000,927,-0.6696736569097874,-0.48162020465913513,0.8729468008282795
16000,928,-0.6691354253842423,-0.3983637628971342,0.7615091332372675
16000,929,-0.6713832835400433,-0.4582431193701501,0.8471834694818432
16000,930,-0.6823566100436048,-0.4237956071518352,0.8107624364201196
16000,931,-0.6653412758449853,-0.43868534533815534,0.8100836371231698
16000,932,-0.6425899760169337,-0.43329015801859067,0.8013008795768856
16000,933,-0.6519607498450477,-0.4400025456808655,0.807136802368545
16000,934,-0.6389208201361967,-0.4737128222697742,0.853309321108526
16000,935,-0.6287649537584719,-0.44102371898414233,0.794377863679606
16000,936,-0.667255912045117,-0.3914882901319745,0.7620860234517606
16000,937,-0.650099480269005,-0.36376661181648895,0.7377462526886474
16000,938,-0.623653708960381,-0.351450216654607,0.6722571912889558
16000,939,-0.6588286209943646,-0.3800351408554555,0.7608819251314121
16000,940,-0.6270771542938365,-0.3994294778236682,0.7705346502704253
16000,941,-0.6583807775938592,-0.32993882290744475,0.7039812583103326
16000,942,-0.6398843114443971,-0.5014361445535839,0.8664028143275305
16000,943,-0.6499843399587023,-0.4251048916300199,0.8114036186980985
16000,944,-0.6501963492958702,-0.45968710096572435,0.8282423482582956
16000,945,-0.6552988564353895,-0.3779202754754812,0.7268874218632928
16000,946,-0.6367258411828214,-0.4056938257005081,0.7478919997204643
16000,947,-0.6695699483730019,-0.32051089661678944,0.6581429647958352
16000,948,-0.6901549431679608,-0.4088898270457227,0.7525928716135578
16000,949,-0.6509417827995554,-0.3760017678064908,0.7452606990040692
16000,950,-0.6412838543223407,-0.4530142536232801,0.8320356561046027
16000,951,-0.6530103705016124,-0.3365809800220274,0.6834773919682926
16000,952,-0.6608257303252669,-0.36779101559277183,0.7114996442020647
16000,953,-0.6283608288173259,-0.3952471592828118,0.7238728269180216
16000,954,-0.6367957445285469,-0.45770952878340976,0.8378043665834981
16000,955,-0.6564778237062378,-0.3950616675203288,0.7677281367986081
16000,956,-0.6499577693720893,-0.4764732289484247,0.8687219656422492
16000,957,-0.6542996551512361,-0.4377884187281485,0.8062848906933177
16000,958,-0.6534249572813859,-0.4072293316922252,0.807982623169146
16000,959,-0.6700000738015905,-0.3693912698796893,0.7286814212349783
16000,960,-0.6698865206562272,-0.3913736248466398,0.7957517512978518
16000,961,-0.688708343877932,-0.3271431486553055,0.7065448179341427
16000,962,-0.6281757276107844,-0.37953907874135967,0.7275289550058942
16000,963,-0.6525070626701786,-0.40796462061768135,0.7583035394101658
16000,964,-0.6591697562605427,-0.3942485106500523,0.7432020474885904
16000,965,-0.6217668113277885,-0.36428559494382773,0.6895062584992458
16000,966,-0.6397438637548671,-0.4738918972637996,0.8558291132181046
16000,967,-0.6311555231451402,-0.4482431789414968,0.8089302221480996
16000,968,-0.6177004037211864,-0.348712999934304,0.6901601937927638
16000,969,-0.6224299762363328,-0.47382078098853053,0.8130556932450017
16000,970,-0.6501746958390036,-0.3534020618410798,0.692758699620532
16000,971,-0.659735665682697,-0.36115223863624446,0.7061304874596007
16000,972,-0.6480815019739952,-0.39134866838541194,0.781161104702701
16000,973,-0.6597741911039641,-0.4192712088226738,0.7644484945107748
16000,974,-0.6553635759468684,-0.40718270903579296,0.759175579358928
16000,975,-0.6704505835484379,-0.33238422148286806,0.6553092502249515
16000,976,-0.6307576171378785,-0.43688811232252517,0.805142726665227
16000,977,-0.6614416181582948,-0.3398213039157767,0.6824030170848787
16000,978,-0.653022590784581,-0.38053107878004466,0.7554680021993683
16000,979,-0.6390618672444404,-0.4475781782520205,0.8128100878893588
16000,980,-0.651382289957597,-0.3920226504661177,0.7097169892173464
16000,981,-0.6416897892224784,-0.31035474264268303,0.6400088427443432
16000,982,-0.6314308140149008,-0.39669504697234176,0.7552853207731849
16000,983,-0.6648054301918396,-0.3778046686671456,0.7475308406603586
16000,984,-0.6440551688425009,-0.4277264150598009,0.7882669783121415
16000,985,-0.6571207359735246,-0.317891876117031,0.6790297213235893
16000,986,-0.672944933572355,-0.40039503609724625,0.760045955535313
16000,987,-0.6148145193415253,-0.381715683890736,0.7175268272329967
16000,988,-0.6418775347362444,-0.33732627243322616,0.6911798082550616
16000,989,-0.6272033600064592,-0.42110599158661755,0.7989637278543353
16000,990,-0.663941614072458,-0.37070304509544,0.6909158987565737
16000,991,-0.6400387988433429,-0.398991382509655,0.7422017578768035
16000,992,-0.65249610058732,-0.3564726169153059,0.690559590999989
16000,993,-0.6876885769839514,-0.3613965948205499,0.7136379875077263
16000,994,-0.5996956552919925,-0.3431444830854422,0.7129222302684624
16000,995,-0.6106414384545595,-0.42791217513920793,0.738789599189554
16000,996,-0.6172188856709722,-0.37452689506929093,0.6960962500075466
16000,997,-0.6857420742960038,-0.37631201196908487,0.7286515560708426
16000,998,-0.6422047398206235,-0.4225120154530009,0.7889891344723866
16000,999,-0.6449415824682602,-0.36917602083699036,0.6957300187935016
32000,0,-0.6630326691143331,-0.29065561888289976,0.6655251109158222
32000,1,-0.6726112554078183,-0.2729853109580301,0.6327343664190545
32000,2,-0.6562697265102394,-0.37025901228655494,0.7445738015944918
32000,3,-0.6811524829875027,-0.34878526541995225,0.7440430971726812
32000,4,-0.6868419394932399,-0.3381746604916762,0.7171286698631767
32000,5,-0.6455284920370095,-0.40155619159152117,0.7673713369627218
32000,6,-0.7011699407880754,-0.28413874645767634,0.5979615943100786
32000,7,-0.7133590426193035,-0.42961750743302585,0.8124060792611596
32000,8,-0.7096169493664541,-0.3331980362722758,0.7134906854991822
32000,9,-0.7107112849538559,-0.3050306699193177,0.6888008259575539
32000,10,-0.6704050739691341,-0.28861740009293857,0.70723264198304
32000,11,-0.7005061694282044,-0.38118825083958097,0.8061948739354131
32000,12,-0.6797625530969889,-0.3624790579162962,0.7411200330841028
32000,13,-0.6580914754145348,-0.3558407021971275,0.7150234956737995
32000,14,-0.7210475880079328,-0.2608496356389295,0.5907488152902712
32000,15,-0.6950647931692036,-0.38022266398756593,0.7225034694319912
32000,16,-0.6416444114885751,-0.3411627362727633,0.6982274100197127
32000,17,-0.6579326851187972,-0.4239329925798996,0.7834778401555524
32000,18,-0.6777816105851027,-0.3145137231639759,0.6824531807176375
32000,19,-0.660641934149194,-0.1811259590316163,0.5372108958916373
32000,20,-0.7213723764176292,-0.3531979614196092,0.7401806494403529
32000,21,-0.6400813309310408,-0.26560137075597595,0.5834928338399441
32000,22,-0.6467066424494521,-0.2713004252941981,0.6393646135727148
32000,23,-0.6923242945560885,-0.31101915966874094,0.6749805208167519
32000,24,-0.6630026427500264,-0.3112883937769334,0.6951418038131727
32000,25,-0.6889540278730522,-0.29944163892049475,0.6590566511792946
32000,26,-0.6959912739922918,-0.27795064928315744,0.6332729889681707
32000,27,-0.6869382026813464,-0.34887515841840777,0.6958316838426838
32000,28,-0.6361808911459415,-0.3204356400539177,0.7026142754628248
32000,29,-0.6516828207070584,-0.3319939759891282,0.6756049223784422
32000,30,-0.6555854337749146,-0.31157190761687503,0.6694663358803162
32000,31,-0.6698328886911811,-0.3232295355721908,0.7040770580435857
32000,32,-0.6626818566323511,-0.2933820085617259,0.6642058344621257
32000,33,-0.6471640747144195,-0.2451712174563527,0.5785663390967458
32000,34,-0.6412764587471939,-0.19849149286160467,0.4835748757712781
32000,35,-0.6574323926136306,-0.3277777461590789,0.7140194533905009
32000,36,-0.6896310749437561,-0.3433297331146037,0.737544278400493
32000,37,-0.6895317770899466,-0.19333150725081502,0.4990931397795892
32000,38,-0.6847948733371181,-0.30069691331254483,0.671729257239988
32000,39,-0.6554521084127293,-0.2197540311659408,0.5328070428914179
32000,40,-0.6774712953550653,-0.2912724342028712,0.6647227243518767
32000,41,-0.6751489804383547,-0.31251583106980696,0.6744561777270283
32000,42,-0.6588340545012705,-0.27338049566916817,0.6725940851436446
32000,43,-0.6829751528954163,-0.3764041752011593,0.7583885339404878
32000,44,-0.6778864175717069,-0.2815688621538116,0.6361193894918478
32000,45,-0.665858419671018,-0.2407024222115059,0.5915570066644306
32000,46,-0.683425437626781,-0.2649094302959647,0.6369010770253662
32000,47,-0.6235910352143932,-0.2886592056722223,0.6405035282232756
32000,48,-0.6346124627493361,-0.33066833474949103,0.7141850803793347
32000,49,-0.7178514554225611,-0.2641148058490626,0.6713589250007383
32000,50,-0.7060604910391606,-0.3130673496959694,0.6647002418569171
32000,51,-0.6893833440238193,-0.33832795774906055,0.7313091493964354
32000,52,-0.6680183036074443,-0.23755401565906695,0.5315159951176505
32000,53,-0.6133697664490239,-0.23332220776902277,0.5360473028234488
32000,54,-0.6661804379137681,-0.36299194349782726,0.7289278121296938
32000,55,-0.690280020745088,-0.2838079724706522,0.6286743931504609
32000,56,-0.6483243702458095,-0.31945764514774944,0.6859199130731009
32000,57,-0.6405542096913923,-0.28086109209385324,0.6506915852526594
32000,58,-0.6504734648686443,-0.2880630230763046,0.6505237432375687
32000,59,-0.6049729270364337,-0.43822974251806124,0.808117875610971
32000,60,-0.6712727834393174,-0.34851595737185814,0.7210406880061214
32000,61,-0.6826765317034309,-0.4009370687685125,0.7582291456908508
32000,62,-0.6761524559981685,-0.3090457073666524,0.6204446619638372
32000,63,-0.6587996905747957,-0.24598506711800686,0.6263860095153497
32000,64,-0.7024369664557601,-0.2697769968886069,0.6084903657507622
32000,65,-0.6185365988685878,-0.3109639147671579,0.6681570540672154
32000,66,-0.6529520964992708,-0.22827497088236764,0.5458256550518668
32000,67,-0.6879967144887265,-0.2728728373145345,0.6385611267152546
32000,68,-0.6732640990557079,-0.2636070320770339,0.6084122735273176
32000,69,-0.6939320838822183,-0.26302883037199726,0.6231121180058182
32000,70,-0.6653502223785,-0.29448012621699327,0.6757046654792668
32000,71,-0.6942202846222247,-0.4044098407169357,0.8155045149254818
32000,72,-0.7280514461381311,-0.2484400409091576,0.5993813888143336
32000,73,-0.713780101370084,-0.2856590525300377,0.6220792307203614
32000,74,-0.6601480547681231,-0.2708213770533766,0.5693453095963182
32000,75,-0.7070423948355452,-0.3651241907874834,0.7431656547218339
32000,76,-0.6895393092373079,-0.23035559855079782,0.5840226861351967
32000,77,-0.6494831100859089,-0.3482132112992311,0.7446077906003815
32000,78,-0.6882482502003027,-0.3021125234992715,0.6939951322330321
32000,79,-0.731226471470196,-0.22217670119961835,0.5752822136195169
32000,80,-0.709071091316982,-0.2761736521311744,0.6603115538855484
32000,81,-0.6579205405748544,-0.265466655989915,0.6150085851071627
32000,82,-0.6495881849051468,-0.3423091518148751,0.7148186832050163
32000,83,-0.7174572673372666,-0.30531415109641147,0.6949456848609608
32000,84,-0.6514100266396905,-0.26157283842678447,0.6132898858354501
32000,85,-0.6785851144604378,-0.2385442417839002,0.6116980146635977
32000,86,-0.6807411699052099,-0.37221957464482414,0.8182660142653885
32000,87,-0.6309380541009487,-0.2909616034729606,0.6599572548031155
32000,88,-0.6850987523564589,-0.3428591342678484,0.7183633357282244
32000,89,-0.6730390753409837,-0.3360109297606202,0.7331227513413783
32000,90,-0.6866735044256477,-0.23868292729174162,0.6182349719052658
32000,91,-0.681715361835245,-0.32008047637776316,0.6919008692069928
32000,92,-0.6518537084230855,-0.3598350898344187,0.7096348377551799
32000,93,-0.6880188561789204,-0.289708061448456,0.6170153413938951
32000,94,-0.6972104828388235,-0.3021676903803715,0.6712590128289172
32000,95,-0.6440544826079165,-0.28514642377650223,0.6491394713842
32000,96,-0.7108161486135739,-0.34169685882664025,0.7492367498581899
32000,97,-0.6917990638779341,-0.3052383256446098,0.6471500711009041
32000,98,-0.7173437369312123,-0.3253417259373926,0.6946505031281631
32000,99,-0.6954746213144226,-0.3299849528605795,0.7224006855223383
32000,100,-0.6891318346308278,-0.2787200003718144,0.6282488452224063
32000,101,-0.6861444356287721,-0.3730568959619197,0.7251794109048747
32000,102,-0.6377375622604271,-0.36055735814981393,0.684938320619997
32000,103,-0.6351011408458628,-0.26862200806948194,0.6217633623985211
32000,104,-0.6322280545485027,-0.2869538787284585,0.6683156333198349
32000,105,-0.6534221169855801,-0.3208975161985917,0.692130971617743
32000,106,-0.6934863529462014,-0.29078484320282344,0.6548383760010218
32000,107,-0.6300436295742513,-0.31055345353286923,0.6090782744923604
32000,108,-0.6629081613558282,-0.27030300727172085,0.67857017307677
32000,109,-0.6859734115087202,-0.29064824694976726,0.6481858550929503
32000,110,-0.6945615166540416,-0.26654065946121314,0.6102310911082146
32000,111,-0.7143644566982625,-0.28091952963385197,0.6735320255424021
32000,112,-0.6334623161107868,-0.3603360317412066,0.7015798491132215
32000,113,-0.7141141194859486,-0.3629105861953277,0.7591319546482946
32000,114,-0.7100985343865376,-0.33708910631241995,0.7165358205579081
32000,115,-0.6908405240974282,-0.3822519573100671,0.746662128982395
32000,116,-0.7014317177558236,-0.3370359967930406,0.6974105353063624
32000,117,-0.6830896139435028,-0.3808468514424457,0.7558904801494211
32000,118,-0.6907865429441229,-0.3543192530009112,0.7577507278346866
32000,119,-0.6607454757974716,-0.33934486128656055,0.6962645763954265
32000,120,-0.6841223095919956,-0.29157160172287994,0.6401310180112316
32000,121,-0.6673570709030112,-0.281010180758913,0.6170037375582612
32000,122,-0.6766080203405445,-0.3318781698480974,0.7125064383282864
32000,123,-0.6869919884977662,-0.2248114685288726,0.5991117761915853
32000,124,-0.6398955293253241,-0.3200260165014834,0.6436060435460017
32000,125,-0.6337624000742849,-0.373141265166666,0.7763923937943338
32000,126,-0.6226892290536823,-0.39282632223600905,0.7748140188605588
32000,127,-0.6582462482095238,-0.3372823036516152,0.7020287158759384
32000,128,-0.6804067158984046,-0.2949679446423487,0.6369848883516063
32000,129,-0.6766221787956668,-0.2833744360880171,0.6213682594181029
32000,130,-0.6837832302834512,-0.26612931481882773,0.6430931184333141
32000,131,-0.7154784657042438,-0.21013086642921974,0.6004245202699345
32000,132,-0.695944789729452,-0.21969581422248505,0.5740528098318612
32000,133,-0.6549419385809048,-0.26970505843990783,0.5992146033754144
32000,134,-0.7020769313151017,-0.2777800287987085,0.6967672719270288
32000,135,-0.6833829942104319,-0.28358672114967903,0.64226082453938
32000,136,-0.6917519489257937,-0.22110669933500607,0.5837234264194802
32000,137,-0.6544544693920878,-0.27416368378030104,0.6160539294812526
32000,138,-0.6698979432123624,-0.3044503992331685,0.7135733010507173
32000,139,-0.675742599834154,-0.281470706812725,0.669753674036001
32000,140,-0.679394995941719,-0.3515836389109561,0.7642998164657462
32000,141,-0.6701574585448468,-0.2968260881249702,0.6921946183685247
32000,142,-0.7038063358054814,-0.3312143558206473,0.6931789971670282
32000,143,-0.6996311163120207,-0.18514160429908216,0.4889367400069896
32000,144,-0.6805495524155726,-0.291698814100544,0.6849773942175301
32000,145,-0.7032673335480926,-0.26121996383923646,0.6589138788347351
32000,146,-0.6560592924221752,-0.20706853695045113,0.5452395700524671
32000,147,-0.7006324605070093,-0.27202960733476084,0.6134506622226554
32000,148,-0.6585920987393905,-0.3303756956114062,0.7030550413989847
32000,149,-0.6709982172347072,-0.37312698225782964,0.7515055660444013
32000,150,-0.6537001499179904,-0.36426404167049725,0.7473652562654571
32000,151,-0.7142850876414275,-0.4051322961533258,0.7910313193767001
32000,152,-0.7286556878474517,-0.37813000513384903,0.7851233816127912
32000,153,-0.6537116068077389,-0.3616771532383169,0.7257749407690315
32000,154,-0.6195424147370898,-0.322278233344057,0.6621597546864902
32000,155,-0.7012688637759552,-0.36656089912622924,0.7504090721353676
32000,156,-0.6845153468610128,-0.30641037925931547,0.6544488683374055
32000,157,-0.688995653338435,-0.3479720228959502,0.725975549761033
32000,158,-0.6878586402368168,-0.2931449113551861,0.6389858277577576
32000,159,-0.6239329899801915,-0.33195973630437053,0.6951139768822711
32000,160,-0.7126439928259376,-0.28601318279111976,0.6513253556302956
32000,161,-0.6343098174641666,-0.27642351375787827,0.6129332781102389
32000,162,-0.7056232985287216,-0.39375752942236525,0.7426739542189794
32000,163,-0.670223120675251,-0.25227909270194,0.6200439610118618
32000,164,-0.7162539235670861,-0.2704896708145203,0.5980782277022418
32000,165,-0.6475391560671232,-0.3059660203022459,0.6989756977509425
32000,166,-0.7171245490370578,-0.39586320688236587,0.7761965376989277
32000,167,-0.6842692573995741,-0.36563220097318605,0.7631136846092236
32000,168,-0.6940937203302782,-0.2870584559469884,0.6657958244820301
32000,169,-0.665361405767942,-0.4116177108709672,0.7712122718354577
32000,170,-0.7520528052833824,-0.2602100095338696,0.6532714735903126
32000,171,-0.6577269253447537,-0.26044263002466383,0.5955528189384148
32000,172,-0.6562569315083092,-0.16489322906302278,0.5319537763492306
32000,173,-0.6957083937088119,-0.2514645320636313,0.5463443495758683
32000,174,-0.6776926137253684,-0.2660908405526763,0.6004697167172602
32000,175,-0.6474342764061054,-0.38047284781383534,0.7382479009430062
32000,176,-0.7585350274358067,-0.33910992553978264,0.7057667157186012
32000,177,-0.6829227736632486,-0.35869475388551053,0.7447346973119464
32000,178,-0.6929569477257151,-0.4087450802911443,0.7849579338814305
32000,179,-0.659272344648391,-0.2864881310967175,0.6590459379866359
32000,180,-0.629790297938426,-0.34468160710345563,0.6986855878294147
32000,181,-0.6332014392718837,-0.3126372315654937,0.6586059805338635
32000,182,-0.7295380121203645,-0.3136896022085689,0.5851565154183903
32000,183,-0.6989031707332025,-0.31589231802867995,0.6660824809261408
32000,184,-0.708754206998703,-0.2550289151739938,0.621855486112922
32000,185,-0.6671959865127974,-0.2083847807062419,0.5674846101962513
32000,186,-0.5972395376600957,-0.35490755817515907,0.7432744797380835
32000,187,-0.6862749330424918,-0.20895613959707235,0.5759391053004478
32000,188,-0.7142696562742633,-0.40172484319592777,0.7995316052484845
32000,189,-0.646656402647539,-0.342265038099015,0.7164297195356032
32000,190,-0.6414233380672947,-0.3657525891778652,0.7308884998290194
32000,191,-0.6602580424630338,-0.2667699949762981,0.6605689834412374
32000,192,-0.6224715367880285,-0.37056613794734483,0.7072977655916678
32000,193,-0.6696948650985531,-0.38146440018576955,0.8281291132313157
32000,194,-0.6967153741462772,-0.18649876155294456,0.559510058722764
32000,195,-0.6862439587112678,-0.28349981195798607,0.6657276992768374
32000,196,-0.6770897569299846,-0.28688809332309256,0.6192654540421574
32000,197,-0.6981910215189326,-0.3452883272740544,0.7370487967456975
32000,198,-0.683144498833098,-0.21833254371111965,0.5339283649900352
32000,199,-0.6622209357983421,-0.2183259013263513,0.5564669995963444
32000,200,-0.673830310032093,-0.2532321268196715,0.5850404288091922
32000,201,-0.646064619240148,-0.3154162074761476,0.6660401274367475
32000,202,-0.6647236547435265,-0.2844995671640632,0.6461050264213216
32000,203,-0.6622297326333075,-0.30771750186815167,0.6774149828162844
32000,204,-0.658948979220652,-0.35851481557087794,0.720860953991076
32000,205,-0.6696468557430237,-0.3288013118217301,0.6752374207019824
32000,206,-0.6486525600697941,-0.3784519425822535,0.7458481640452949
32000,207,-0.6779823097106424,-0.32981336327170935,0.7334329839175955
32000,208,-0.7016781611790288,-0.3034205998190697,0.6750170459010798
32000,209,-0.6679092974430721,-0.18652977108880614,0.5665719127369168
32000,210,-0.7058083644584032,-0.3267532233479373,0.7200144083000289
32000,211,-0.6288263304345509,-0.2850239053180797,0.6183926226078481
32000,212,-0.6989952836533917,-0.2891800735836237,0.6716448665659583
32000,213,-0.6574779175990924,-0.2027807288788262,0.5715770330676374
32000,214,-0.6354131383770539,-0.26041986033986897,0.5995896233483337
32000,215,-0.6030730145040879,-0.24470711609820758,0.5900929180404496
32000,216,-0.6810431145215721,-0.2875375755088057,0.6519308378827644
32000,217,-0.664110720347024,-0.41412180627702555,0.7403906904442324
32000,218,-0.6495985610398194,-0.2829184756564286,0.622899722620943
32000,219,-0.6986355669672584,-0.32628581229370984,0.6976590537123273
32000,220,-0.6915926641894573,-0.2564146481154731,0.6206983250971737
32000,221,-0.6213498679295202,-0.2687049470766935,0.6049238576017852
32000,222,-0.646292925194409,-0.28327007035519625,0.6714954717023435
32000,223,-0.7069404099971344,-0.3122451142685388,0.713447665246767
32000,224,-0.627760990235392,-0.20820594862414027,0.559855221702671
32000,225,-0.6801254177092482,-0.2688333129756102,0.5750977320384437
32000,226,-0.6625071871400304,-0.3255120317008345,0.6712067250394844
32000,227,-0.675396640125767,-0.3280946379025619,0.6614334188882993
32000,228,-0.6755431064019423,-0.3642787999805023,0.7679710694594406
32000,229,-0.7032942557964248,-0.32264789525079507,0.7291062333732792
32000,230,-0.6546308668083374,-0.27240395718488836,0.6157451067887202
32000,231,-0.6466873206309878,-0.30078778046561155,0.6552394308823261
32000,232,-0.6519327732763509,-0.4012697388101569,0.7918593232028655
32000,233,-0.6643726483632633,-0.3373346218245626,0.678113395773221
32000,234,-0.7018955005820522,-0.344820401171422,0.7452762737316436
32000,235,-0.6885999031466719,-0.23672146793588913,0.5894839929331339
32000,236,-0.703025459172044,-0.28004680084392,0.661626505845079
32000,237,-0.6791338041544409,-0.23745186430524387,0.5913176991455079
32000,238,-0.7531973504893743,-0.3131944072455761,0.6448523387349785
32000,239,-0.6929659702972519,-0.3085251216439403,0.6771390167749478
32000,240,-0.6708855641986587,-0.21827496289134163,0.5668773169051151
32000,241,-0.7126222465588512,-0.23241605229621345,0.6308956937156028
32000,242,-0.6857699644677233,-0.3822366104808593,0.7883556133716684
32000,243,-0.6938395087400101,-0.29127948123318387,0.6662068320720307
32000,244,-0.6353916144283211,-0.3421266543513528,0.6999706269755009
32000,245,-0.6877040102652776,-0.30320899496819326,0.639263058566208
32000,246,-0.6385245524221012,-0.2668126891328208,0.6132847306130349
32000,247,-0.666662523173924,-0.376266524928609,0.7609623831261464
32000,248,-0.6398415398646936,-0.31546358919116396,0.6865387594116149
32000,249,-0.6901307843398466,-0.3371721681503087,0.6869460181784848
32000,250,-0.7085504194672506,-0.282857636105998,0.6528651343715086
32000,251,-0.7117255098664897,-0.23617493961823144,0.5743085026313188
32000,252,-0.6854655729896779,-0.2760077401845796,0.6502515651979429
32000,253,-0.7011351562355236,-0.2138280712773115,0.5941202697260995
32000,254,-0.6911048389884233,-0.2795818477461124,0.6224480544621875
32000,255,-0.673762638633485,-0.3893290730951067,0.7959156849530881
32000,256,-0.6543370269403734,-0.3051675284413095,0.6435508131034088
32000,257,-0.697532804719094,-0.2997099408344631,0.6095076191895379
32000,258,-0.6936944439724166,-0.23819524893141858,0.5787356223141753
32000,259,-0.6189997663133667,-0.40182262150038167,0.7799956121852415
32000,260,-0.6780219194417244,-0.2741963074676263,0.6295144123855739
32000,261,-0.7419776423378679,-0.20248472574957993,0.5307819913296892
32000,262,-0.6927012454775526,-0.16562124782298707,0.5067465544361685
32000,263,-0.6816937299959738,-0.32510931169043367,0.7286941601375763
32000,264,-0.6647719683090073,-0.30285487315707826,0.6559137030338141
32000,265,-0.690681955081403,-0.2426387158036949,0.5766976993734
32000,266,-0.6852577525546096,-0.2553002932907401,0.6139403120874357
32000,267,-0.6569254227914099,-0.3479367767062553,0.718769039877646
32000,268,-0.6738408424587331,-0.2696593475120533,0.6709537303126205
32000,269,-0.6716784865627061,-0.4008632007140767,0.8590897964170767
32000,270,-0.6341200745684499,-0.2286857056324952,0.583108380550147
32000,271,-0.6809963093818916,-0.25269594198055173,0.6410107786385627
32000,272,-0.6931813524057785,-0.31269536530471254,0.679940695310879
32000,273,-0.666635074104083,-0.3531366098865754,0.7473362003170607
32000,274,-0.6477926630741537,-0.2478874610628136,0.5738294042764683
32000,275,-0.6798777344478109,-0.3049242708798344,0.6942937889655492
32000,276,-0.6395522532777651,-0.28909809275624343,0.6589406130678164
32000,277,-0.6661076943593309,-0.2686214630607414,0.606227819367063
32000,278,-0.6580767546777875,-0.34848128282931584,0.6770792268322917
32000,279,-0.6841904030882029,-0.313843024366859,0.6770312210809156
32000,280,-0.6593191959827062,-0.2028310917229248,0.5515712370328478
32000,281,-0.6750823758108779,-0.2755308421182357,0.6280058932115912
32000,282,-0.6603517608222841,-0.33434832071782966,0.7201754027025353
32000,283,-0.6517027701904873,-0.2861408806927959,0.666039831923108
32000,284,-0.6304679498545226,-0.3749099079715347,0.7101847737649238
32000,285,-0.6437763829160391,-0.235683940547947,0.5638595438866632
32000,286,-0.6596816738610563,-0.45627449940100584,0.8815418298387308
32000,287,-0.6957271053737736,-0.3890484703981525,0.7420010900894243
32000,288,-0.6602046187693731,-0.34880677666485466,0.7548212020222743
32000,289,-0.6734077347759884,-0.253351624562765,0.6007109653580263
32000,290,-0.662967046815381,-0.2020880372688867,0.5592966710664864
32000,291,-0.6971120823733791,-0.2665861357657996,0.6465390603852651
32000,292,-0.6681492282933112,-0.3213700680625125,0.6988041137944758
32000,293,-0.6434708746330878,-0.20481411124630328,0.5200951977680578
32000,294,-0.6304787626871244,-0.38244564997835456,0.7430496334219866
32000,295,-0.6992119653847522,-0.2777825677887542,0.636926611232487
32000,296,-0.6637858580997786,-0.3274056326850677,0.6756950319011786
32000,297,-0.6660896602322635,-0.388288791421779,0.7888737171169713
32000,298,-0.6240431944064533,-0.3095897942076314,0.6564301475678561
32000,299,-0.7062319536901678,-0.4075184635158143,0.7894226712821427
32000,300,-0.6699193300680324,-0.3400053818061471,0.7455468368387237
32000,301,-0.7038924984754975,-0.318517929586171,0.683426911630055
32000,302,-0.7236338659848363,-0.24879871764359096,0.6107547382020085
32000,303,-0.7110554768253767,-0.16680701060880276,0.48515101273370564
32000,304,-0.6923866147749042,-0.35267086878377196,0.7110513055590785
32000,305,-0.6564551026326338,-0.3333922973089999,0.6675280354644096
32000,306,-0.6882198327774729,-0.33872769335376174,0.6889850908892663
32000,307,-0.711907319389796,-0.4431662296157464,0.870847813331898
32000,308,-0.6894374834980128,-0.28689777602679817,0.6155790991148742
32000,309,-0.6759970978621972,-0.38212556162857814,0.7547884430711173
32000,310,-0.7128637366588781,-0.3993986616449609,0.7988394750909927
32000,311,-0.669563230439946,-0.2957708524829333,0.6855746805227907
32000,312,-0.6728792696052753,-0.2450601556660221,0.5968195437890933
32000,313,-0.6748892162008775,-0.26794861507939427,0.6292645369287144
32000,314,-0.6935416392192887,-0.20920717943699102,0.5203222314796137
32000,315,-0.6829781844105309,-0.3403345157927503,0.7150796661248866
32000,316,-0.666867597513909,-0.2784556207195613,0.6732288317246741
32000,317,-0.6719723401077831,-0.2997251243020162,0.672540175124894
32000,318,-0.6526330247394334,-0.225580439555136,0.5547208938111293
32000,319,-0.6780104606112873,-0.3588659617279628,0.6539531590737288
32000,320,-0.6733222288565397,-0.3109736089423529,0.6868290012585402
32000,321,-0.6482481251475894,-0.2788158922116145,0.6251901488634578
32000,322,-0.663302129964108,-0.4167834768703766,0.816155011381894
32000,323,-0.694115046609632,-0.24135340486356432,0.5959464682623504
32000,324,-0.6509769210503602,-0.2916415966849421,0.6434854420923799
32000,325,-0.6383663000729434,-0.31689901576225216,0.6946185885554499
32000,326,-0.703857109302917,-0.30101620772603394,0.697717408896868
32000,327,-0.678447049486123,-0.34236123124409973,0.7180789567638627
32000,328,-0.62515559069943,-0.22735753741224196,0.5301400221475997
32000,329,-0.6728739157045907,-0.3450169826074866,0.6975900100823473
32000,330,-0.6684100589312448,-0.3439544702958189,0.7346916195247151
32000,331,-0.6493322876620163,-0.33389143723943865,0.6483058310162447
32000,332,-0.6753235526260515,-0.32212344159623546,0.6706857940960045
32000,333,-0.6872558406056656,-0.3613785220485923,0.7685714473652814
32000,334,-0.6714312199377123,-0.24121937209594374,0.5868217113943067
32000,335,-0.6824849297995165,-0.3381245966973429,0.7422142020516376
32000,336,-0.6682537426538135,-0.3700990347660573,0.7442981982342297
32000,337,-0.6729484921054203,-0.2870851056356097,0.6065588443052219
32000,338,-0.6353391534432731,-0.29226714082402,0.6551269361148743
32000,339,-0.6511542986174843,-0.33927517114541017,0.7159880460546393
32000,340,-0.6287173499812273,-0.35740644302507796,0.713098336868989
32000,341,-0.7093476770477836,-0.41073524372720976,0.7940699729688433
32000,342,-0.6546792167667141,-0.2757826601987327,0.6142906523162665
32000,343,-0.6756599938498848,-0.31019820846696716,0.6619244120151538
32000,344,-0.6669322634870024,-0.24989607956324247,0.6364708551613169
32000,345,-0.655227508912556,-0.2948803723996811,0.627095476345424
32000,346,-0.6443005736033123,-0.3810435649440082,0.7503153195009241
32000,347,-0.6254358928872217,-0.42984017350343745,0.848197477137371
32000,348,-0.6784032133894371,-0.30947170574116384,0.7042692677043546
32000,349,-0.6775987323352366,-0.09780754322880741,0.4339731290008967
32000,350,-0.7468079883068273,-0.35650104829447954,0.7044331913139217
32000,351,-0.6816827155091625,-0.36972224962764283,0.727771247328133
32000,352,-0.644015484319947,-0.26551910593883926,0.6257577515750179
32000,353,-0.6802738663043308,-0.24116887295175476,0.6165419294625248
32000,354,-0.6980827632052342,-0.3068196407459421,0.6862882937398533
32000,355,-0.6758982810874775,-0.35954878388186007,0.7268199725460254
32000,356,-0.6759090577524924,-0.17991599110293027,0.5209346270664428
32000,357,-0.69938080879718,-0.21091870367439644,0.5634344905437024
32000,358,-0.645007573075498,-0.3092496515341265,0.6625422663707509
32000,359,-0.6939460698892858,-0.27466814085516833,0.6356189011059005
32000,360,-0.6330095166178517,-0.2833240625575004,0.6423536134951011
32000,361,-0.6649129677988699,-0.2880346138652713,0.6594227882148342
32000,362,-0.6554465356269645,-0.3096346546249067,0.6846763829850967
32000,363,-0.6996199978130496,-0.26798460916406425,0.6495747900904328
32000,364,-0.6667290004300734,-0.3602960038342597,0.7273149336592587
32000,365,-0.6676529071698193,-0.3022111708354549,0.6652458384031749
32000,366,-0.6610043112801216,-0.3588098609248619,0.7106439019105237
32000,367,-0.7342732215226916,-0.23037235976367,0.5812758529939868
32000,368,-0.6741300929613272,-0.3694799829516117,0.7581953726481414
32000,369,-0.658486581119446,-0.30770036565393294,0.6611602245926422
32000,370,-0.6693792881953282,-0.3259037467726206,0.6526891339668065
32000,371,-0.6675102814574727,-0.36409655691717224,0.7357088606572282
32000,372,-0.6665616783342454,-0.3616204257905157,0.7278858269704073
32000,373,-0.6926543652748182,-0.2546772963154019,0.5938346432532086
32000,374,-0.6537375890519235,-0.2744570006354022,0.6529306401920879
32000,375,-0.6584960191689251,-0.3273582515248625,0.7185421106159151
32000,376,-0.6926784605784938,-0.22030613593318263,0.608829044426556
32000,377,-0.7350773554676924,-0.3240406454170104,0.6850749402355115
32000,378,-0.7343746445893999,-0.31533943483876414,0.6507044193231645
32000,379,-0.6556940817193142,-0.26719387990121685,0.6650241819319945
32000,380,-0.6202560481138167,-0.3569020941668931,0.7299252298377431
32000,381,-0.6848283357281594,-0.29920271980340896,0.7624926363405786
32000,382,-0.6239578234457771,-0.4009043118493852,0.7731332596680747
32000,383,-0.6564604059667372,-0.27930497484943034,0.6112027898894187
32000,384,-0.6840117305004781,-0.27582100231597106,0.6373204775515822
32000,385,-0.6636405751649379,-0.3542959972925104,0.7166204499851466
32000,386,-0.6669187775193487,-0.27145199508580964,0.6403438054710352
32000,387,-0.6903351148053619,-0.247346829269098,0.5925093648920857
32000,388,-0.6717184229882871,-0.27451186474259404,0.6548973659650811
32000,389,-0.740128456847291,-0.25490109265921407,0.61910973711929
32000,390,-0.6544636626932715,-0.29106770922790653,0.6362827430920316
32000,391,-0.6694240473622809,-0.4327712790465147,0.8161735228176342
32000,392,-0.668792010791987,-0.3296229318518029,0.7368287464036983
32000,393,-0.6668631859946776,-0.304211778202448,0.6447149792465187
32000,394,-0.6792244869019883,-0.28797137667850414,0.679606962259397
32000,395,-0.6223865199395557,-0.24438880970126942,0.5773110695530808
32000,396,-0.68557085222369,-0.22759857210377693,0.6214381747447281
32000,397,-0.6677356557543628,-0.3539905502118833,0.6871677670778524
32000,398,-0.7109005985676851,-0.3374828972358766,0.6927292283860956
32000,399,-0.6696305110308336,-0.23946320897103082,0.6248456545680946
32000,400,-0.6694675894063948,-0.3364184395973584,0.6830604177207729
32000,401,-0.6815236137626327,-0.3408214330068963,0.6670325038800776
32000,402,-0.6572264128829889,-0.2680089392488559,0.6585393290954716
32000,403,-0.6842012980733817,-0.2983178793941635,0.7112132239804934
32000,404,-0.6239838652805597,-0.2892825892040638,0.6024784104908679
32000,405,-0.6687130656845424,-0.28479432162614543,0.6535038440205683
32000,406,-0.6471519470794461,-0.3283601075763652,0.6972259715378035
32000,407,-0.6637621531062727,-0.3513643945906265,0.6818947932047348
32000,408,-0.6636574974044156,-0.3662874968346287,0.7813938707567611
32000,409,-0.7218739032827192,-0.2953752797588716,0.6795127226707138
32000,410,-0.6561912457896413,-0.3066386822823409,0.6510656933386602
32000,411,-0.7205481999565339,-0.2636974050778643,0.6261956388987424
32000,412,-0.6408154306715138,-0.384874603690953,0.7732575167971765
32000,413,-0.6976190591821487,-0.2576763164861562,0.6241061609185439
32000,414,-0.7016629735759294,-0.37002436807726863,0.7564153850010992
32000,415,-0.6345981191607776,-0.2740199570389617,0.6209242237216457
32000,416,-0.6612886100040383,-0.29907816243885904,0.6563995581903027
32000,417,-0.6810541192882115,-0.31476772329409597,0.725753142858658
32000,418,-0.7294095207666599,-0.3190800189745489,0.7437486432125923
32000,419,-0.7193843867137402,-0.3911501431664754,0.8137503149894645
32000,420,-0.6800041374843492,-0.3493407026545249,0.7207621666784335
32000,421,-0.6432831955312682,-0.36096910521776415,0.7614689437179183
32000,422,-0.6743839033049486,-0.2868537259777978,0.6358270114091782
32000,423,-0.6513318655532903,-0.255886824982542,0.6133139548897765
32000,424,-0.7253418905268253,-0.2591721557299491,0.6204278256083031
32000,425,-0.6321170563769123,-0.31981267838166183,0.646087210401846
32000,426,-0.6711021144455156,-0.3348036188839787,0.7314173444589608
32000,427,-0.6927596513801006,-0.3346515009581729,0.7024057723480451
32000,428,-0.6650742794669593,-0.2264314302363049,0.59106729193312
32000,429,-0.6646953455003197,-0.3524513988538157,0.7079961112962818
32000,430,-0.7097258526260763,-0.3713105062745662,0.7292323786127944
32000,431,-0.6835234427458334,-0.30337456652533557,0.6796910009745254
32000,432,-0.6783703018809119,-0.25835290111288506,0.5948350594469387
32000,433,-0.6206534422609337,-0.2615920802744444,0.6051348001673252
32000,434,-0.6725124313771009,-0.27589036847749254,0.580556304853911
32000,435,-0.6680803781047254,-0.28245360894359994,0.6472240400608252
32000,436,-0.668067777926151,-0.42736266942029594,0.8173883967264725
32000,437,-0.641646655770759,-0.36781732007154966,0.7171255142469075
32000,438,-0.6664556451240703,-0.31205360527872483,0.6731020639314481
32000,439,-0.6668844402026863,-0.3073045756481733,0.6997008979049323
32000,440,-0.6415197147624118,-0.3351626951970089,0.7157021016162287
32000,441,-0.6768877826341664,-0.3271670143754296,0.6960640776219429
32000,442,-0.6889472510655406,-0.32431076542121434,0.7208471800910636
32000,443,-0.6468538893821152,-0.3777095550211589,0.7858883909145417
32000,444,-0.6839367596632304,-0.3030469362167684,0.663892423414077
32000,445,-0.6787462709180274,-0.33013175306978093,0.7448078903340475
32000,446,-0.69550797828433,-0.2625613679032214,0.5755144553396422
32000,447,-0.6856155847790933,-0.3537147408220959,0.7621370956799483
32000,448,-0.6663432659328081,-0.3281853743826509,0.6702078035193202
32000,449,-0.7015320333190678,-0.23954700025728404,0.6372391411480809
32000,450,-0.7233092679293892,-0.30759772189669354,0.7109399772562472
32000,451,-0.6409148223741694,-0.1698607738175774,0.46774932859193397
32000,452,-0.6712584629455404,-0.2648967149376813,0.6104864731052024
32000,453,-0.6476156953480153,-0.31424048846856184,0.6615739474748197
32000,454,-0.6769919679648762,-0.29310040171992024,0.6622691558823124
32000,455,-0.6767052215882161,-0.3128054641773975,0.6792085294399886
32000,456,-0.7256983824569552,-0.3549455885079415,0.7055722533689499
32000,457,-0.6979570930979224,-0.2933943262632154,0.6638191907429111
32000,458,-0.6844518730106824,-0.2451253624859805,0.6097491828019048
32000,459,-0.7102018011203199,-0.3528281347175248,0.7202850568129667
32000,460,-0.6565583937490578,-0.2410928583510558,0.5854271827951665
32000,461,-0.660657198340269,-0.37254736097486774,0.7421226137747265
32000,462,-0.71618943570498,-0.3018323377117215,0.7071373201953953
32000,463,-0.6664605818890712,-0.2490182657956303,0.6353492993465558
32000,464,-0.7034094060332194,-0.3266362983461895,0.7271539593052324
32000,465,-0.6786441348217149,-0.30402433256731953,0.6997639157531497
32000,466,-0.6674441480610857,-0.25630726689502437,0.6147666641748222
32000,467,-0.7312963448345802,-0.2249162886891551,0.5513918983458393
32000,468,-0.7451448247805453,-0.25378093307536237,0.5993597692672592
32000,469,-0.7063448483347146,-0.27853666676649236,0.5895774982246937
32000,470,-0.6611143624112017,-0.29085511329109803,0.6474546299835536
32000,471,-0.6451686698410453,-0.3378956496448495,0.7614518682700173
32000,472,-0.6310354434163391,-0.29712668610661425,0.6775689211198495
32000,473,-0.6561184441712936,-0.3999228829208302,0.7948049205592348
32000,474,-0.7021542034352594,-0.23773866639577726,0.583098641495476
32000,475,-0.6767388146309815,-0.37307808177136176,0.7089456712033589
32000,476,-0.7074841703766954,-0.23199207410126074,0.5823475195715797
32000,477,-0.6767328190671871,-0.2857337644803565,0.6277118799608216
32000,478,-0.665936998227828,-0.2685570293298259,0.6014164872971365
32000,479,-0.6611197647023982,-0.3015219170731303,0.6260999835925802
32000,480,-0.6372311589134277,-0.2822006857184335,0.632202139759245
32000,481,-0.7060647024169844,-0.38398613706550877,0.7882732098135196
32000,482,-0.6571421103632692,-0.32970328299084034,0.7272084838685434
32000,483,-0.6586088323283308,-0.39649388030489374,0.7516479370530773
32000,484,-0.6924136814213872,-0.2509187946587436,0.6104812949469303
32000,485,-0.6559592466596451,-0.37501765607029613,0.7785315904007031
32000,486,-0.6933949186741754,-0.3342764051943064,0.7028372685451191
32000,487,-0.744702125674988,-0.24565030591158343,0.6269869851804248
32000,488,-0.6882803527398875,-0.31151555691862215,0.6687928255012737
32000,489,-0.6939873730804621,-0.2113923260679899,0.5983517179865139
32000,490,-0.6786056034820459,-0.288899265184169,0.6668465693926212
32000,491,-0.6704586452058262,-0.4482563020134651,0.8550393461416074
32000,492,-0.6669552798258673,-0.2782552488013782,0.6217978919724402
32000,493,-0.6961461038225603,-0.3767312570258128,0.7633247321681156
32000,494,-0.6193718823547247,-0.37855133506023186,0.7690340375578144
32000,495,-0.6797425756826263,-0.34780465824659024,0.7435284473878242
32000,496,-0.6657290381894201,-0.3079437804059361,0.6730760796362893
32000,497,-0.638297517700045,-0.2597668792442702,0.594761826537878
32000,498,-0.6795257173329324,-0.25538416312015705,0.5848835142763247
32000,499,-0.7047826545022942,-0.25177201048948444,0.6276586409103623
32000,500,-0.6428016277381776,-0.16236506518092372,0.5101795934281906
32000,501,-0.6784193456206599,-0.2368553819742536,0.6033717994367134
32000,502,-0.6316096364068307,-0.32104754426276044,0.6780712273969954
32000,503,-0.648977827444021,-0.31247419225208123,0.6493412739790086
32000,504,-0.6475097007889348,-0.3311703725705298,0.7268946766202842
32000,505,-0.7090802450092427,-0.28975840419550464,0.7178968526638588
32000,506,-0.6904820731131126,-0.26671583581260305,0.6369337983232943
32000,507,-0.672008444371951,-0.37215941791311985,0.7342482371006718
32000,508,-0.6293766843174378,-0.2725025070054032,0.6349091624979296
32000,509,-0.6559782592235879,-0.3914173031959443,0.7668662091449655
32000,510,-0.6685304920271342,-0.3334608960724904,0.6688431900827244
32000,511,-0.6638606912107483,-0.32452625713753724,0.7115068897935478
32000,512,-0.6886881689113792,-0.2792026316659812,0.6469171231839639
32000,513,-0.6349466484840821,-0.36450172187816093,0.712767911490204
32000,514,-0.6560417273458713,-0.27541450090181185,0.6392500724387649
32000,515,-0.6374384891729059,-0.2881770195906734,0.6764782195718498
32000,516,-0.6728185623200057,-0.2946356511303874,0.636202158475768
32000,517,-0.6467781558575284,-0.23592601354407225,0.5959033831763149
32000,518,-0.6237367336539009,-0.32964603311194735,0.6911558275401053
32000,519,-0.6434036530892735,-0.35041496357981444,0.7105214818101695
32000,520,-0.635900521184494,-0.291718357923937,0.6835290094228291
32000,521,-0.6171082485211759,-0.2923503798459082,0.6163228094680094
32000,522,-0.6589483161964942,-0.30409701194644906,0.6387375716255425
32000,523,-0.6940780885282125,-0.3518653453431538,0.6915041345822502
32000,524,-0.7303751579996638,-0.32974893085184864,0.7206581414129215
32000,525,-0.6946993217671821,-0.32431882800087247,0.7096615730010779
32000,526,-0.6871151658040944,-0.3053602504485118,0.6619921539891198
32000,527,-0.6800119557839965,-0.15632651362788755,0.4594004216721808
32000,528,-0.6237097765233266,-0.33369440789427857,0.6988690384196419
32000,529,-0.6771907104212717,-0.2697524884383005,0.6420224941112483
32000,530,-0.6598541708228352,-0.27848791566677306,0.6332222442121634
32000,531,-0.6946681235137646,-0.3047450148160644,0.676452486872327
32000,532,-0.6863970968757076,-0.2817027295442815,0.6268791423578252
32000,533,-0.6647165919644946,-0.25334124829370147,0.6127456117040113
32000,534,-0.6943323677861629,-0.254924875705249,0.5877782041662895
32000,535,-0.6835544370245705,-0.3145531218017852,0.6964168765631822
32000,536,-0.7450550217477181,-0.31210892180126076,0.6708373716581971
32000,537,-0.69606193183961,-0.24762111305614715,0.5872237467052062
32000,538,-0.690188658827638,-0.351087374636243,0.7540834018627295
32000,539,-0.6762215008602904,-0.2968167478212111,0.6776480967541525
32000,540,-0.7071790300222556,-0.37058796613729855,0.7804900143368937
32000,541,-0.731123247123886,-0.15776782004685874,0.4531715407651987
32000,542,-0.649558302897161,-0.3012485347286235,0.576557609577494
32000,543,-0.6486152841852941,-0.36516706606240584,0.7271895772667111
32000,544,-0.6591288546638742,-0.3111799516318934,0.7061018840549347
32000,545,-0.6446784283929107,-0.3095310650645563,0.6708425500325236
32000,546,-0.7127147142506789,-0.21963403480811133,0.5939712566532306
32000,547,-0.6151855506004847,-0.33840068140342056,0.6653352273174843
32000,548,-0.6629356985201823,-0.3193831702049708,0.6802773724420097
32000,549,-0.655119815647226,-0.27632876000888634,0.6424299385886963
32000,550,-0.7242460524444521,-0.3617072060867334,0.7125769409903577
32000,551,-0.6708231693887432,-0.21806971532845568,0.5603013943211191
32000,552,-0.7005951644427881,-0.3158249155237793,0.7109510825133255
32000,553,-0.6513649685003765,-0.36032249086648777,0.7700817739092515
32000,554,-0.678045945049444,-0.24771911268231148,0.6440225596023029
32000,555,-0.690974463224608,-0.2870628714058483,0.6465605875543352
32000,556,-0.6934552210368055,-0.32785888298009813,0.6660367393475393
32000,557,-0.6470769192870287,-0.26452792553472937,0.6099084527414295
32000,558,-0.6672522606618707,-0.19762446575725356,0.5475314089312121
32000,559,-0.6386255083154031,-0.21174552616987405,0.5379880901443204
32000,560,-0.6327001143202675,-0.4037067503213542,0.7430957247225821
32000,561,-0.6624475226086789,-0.2006633455792532,0.531078401339473
32000,562,-0.6756053936045556,-0.2910198439920194,0.6487908351157222
32000,563,-0.6667229261366484,-0.3826613792782652,0.7741053454087243
32000,564,-0.6631075869330894,-0.2816503164064926,0.6269179727784038
32000,565,-0.6746470490965295,-0.3394753942300966,0.7466969203381334
32000,566,-0.6398803458443111,-0.20470975841568875,0.548263969669455
32000,567,-0.6579448314715415,-0.2709802962449052,0.6245759480809632
32000,568,-0.6545846000035844,-0.307926338164377,0.7004739862043279
32000,569,-0.678508939717449,-0.2700043177108585,0.6103892896039605
32000,570,-0.7083153723645328,-0.2973187958234941,0.6640041129937501
32000,571,-0.6700617402249993,-0.29418791348303247,0.5876930649078812
32000,572,-0.6481390656365172,-0.33262119871580004,0.6898870367280048
32000,573,-0.6433990192358008,-0.21726218250778356,0.5401977271938516
32000,574,-0.6812568854778085,-0.2603599651113925,0.6407622031236804
32000,575,-0.6777733198058444,-0.3071173628035436,0.6599813095628977
32000,576,-0.637286909656398,-0.38714185687929853,0.7217196276543889
32000,577,-0.630773873432635,-0.32062641394163766,0.6966310734866288
32000,578,-0.6633153507229567,-0.1876813678683884,0.5182000071735022
32000,579,-0.6374350338665762,-0.3147054202502271,0.6839085981516424
32000,580,-0.6663968690482394,-0.2982068931584989,0.6078233888436176
32000,581,-0.6676262664444809,-0.19529881352213269,0.5058100008142439
32000,582,-0.6749859122692534,-0.42158981596759104,0.8261693619633681
32000,583,-0.6854418970965296,-0.2887267609911828,0.6623635359621678
32000,584,-0.6897882614632596,-0.3479270836665463,0.7258425648135948
32000,585,-0.7063758343695729,-0.33795537426772626,0.7399021670726307
32000,586,-0.6510207873486997,-0.2826773792630196,0.6570485306006291
32000,587,-0.6632042254662617,-0.3051419640858521,0.6805856208701185
32000,588,-0.6742006839524703,-0.3308485672250974,0.7301231589593828
32000,589,-0.6748879225196708,-0.25677914072942476,0.6122995072647958
32000,590,-0.6685199372181637,-0.23818600581162197,0.5997924993378606
32000,591,-0.6612931367328483,-0.30164628434725677,0.6466484996062805
32000,592,-0.638838695823423,-0.40097651356032316,0.7706523945580993
32000,593,-0.6990806461717474,-0.29224400406002154,0.6525782322819905
32000,594,-0.683661026033958,-0.25102978976065343,0.6177296814073507
32000,595,-0.7028722865363806,-0.2537279734414227,0.6170181416340685
32000,596,-0.7032161453484105,-0.2962437966298837,0.678570719386556
32000,597,-0.6371228216294653,-0.3381420267724571,0.6994202717929296
32000,598,-0.6382547243586775,-0.2451687341206504,0.6085389478934514
32000,599,-0.6845326593850881,-0.19032027198732307,0.5465086889170022
32000,600,-0.6990505508016719,-0.36863833374069455,0.7178366381210438
32000,601,-0.6632621076784619,-0.29900486418687605,0.6620675367170159
32000,602,-0.6927215388551369,-0.29349126935966696,0.6504807941511019
32000,603,-0.6897141649518602,-0.3440407579741999,0.7079761117824163
32000,604,-0.685468783560263,-0.19631737242519243,0.4990262860110012
32000,605,-0.656054713204588,-0.39969023076085275,0.7835664752850222
32000,606,-0.6600088714283195,-0.27706007218667716,0.640740257420746
32000,607,-0.6451641753705089,-0.30093442697314093,0.6637302677591436
32000,608,-0.6455200446521265,-0.26410010399997563,0.5755385054496758
32000,609,-0.6761539493573465,-0.23843842809437968,0.5625983971806938
32000,610,-0.6541749141635342,-0.3962256303017983,0.8120919526659952
32000,611,-0.7032217463693085,-0.2852833930865219,0.6810188143349674
32000,612,-0.6831471358429897,-0.34530054707454283,0.7296945935524012
32000,613,-0.6443584028767694,-0.3648470396268478,0.7450433638478741
32000,614,-0.6963480821377923,-0.4349251199052378,0.8295129284991399
32000,615,-0.6737178302277003,-0.377595695980957,0.7306601464090895
32000,616,-0.6488315400091066,-0.20548684113981694,0.5686806819641779
32000,617,-0.6064504175482587,-0.2827204040053735,0.57771730518512
32000,618,-0.6271465530293912,-0.3991831180942928,0.7557533202600402
32000,619,-0.710479994983644,-0.24419427028633103,0.5692772700784476
32000,620,-0.6594276537719129,-0.2982718706567688,0.6792001174761654
32000,621,-0.6861265007105932,-0.3714764679378251,0.7699085757036974
32000,622,-0.6641326165139458,-0.2983625343330223,0.6794329779111237
32000,623,-0.6856767855125135,-0.24191261703475334,0.5879637155363563
32000,624,-0.6492805739779608,-0.2915005464338468,0.5953872732710921
32000,625,-0.6866372444277975,-0.2276428084849039,0.5617975207897619
32000,626,-0.6838717333586091,-0.33697941247868063,0.6912264863184573
32000,627,-0.6508330951629964,-0.3252670774502831,0.6776040999981124
32000,628,-0.6521135671513285,-0.3384624030556817,0.7058761702653037
32000,629,-0.6567695932681057,-0.22199275679936376,0.5238438090862504
32000,630,-0.7180389047878821,-0.22174948674561917,0.580486940704015
32000,631,-0.6911795300778861,-0.375608591786387,0.7048365876539806
32000,632,-0.6306070912328131,-0.30704018297062086,0.6515757671677053
32000,633,-0.666392848899968,-0.4032019775287921,0.7576581364255393
32000,634,-0.6667679062413805,-0.2619172947005226,0.6036697565609389
32000,635,-0.6493400543771656,-0.2466322152738394,0.5774169528736335
32000,636,-0.6422814159833021,-0.3889576957525966,0.7527608429614462
32000,637,-0.7486606311093913,-0.3581677119038692,0.7473802212194477
32000,638,-0.649484477547845,-0.29355971740669595,0.6504239591442817
32000,639,-0.6744112290582613,-0.38172534964520943,0.8084155578591711
32000,640,-0.6467582988861014,-0.3173265851931212,0.7083282667705403
32000,641,-0.6423445935936027,-0.3293823712942097,0.6700489905411404
32000,642,-0.6281009297844631,-0.2679687132000713,0.584679794920724
32000,643,-0.6781550249092744,-0.2635580164828232,0.6370232865613383
32000,644,-0.6862463672953605,-0.303265760175608,0.6807618604864091
32000,645,-0.6516450189419531,-0.2606299687266369,0.6284447056699306
32000,646,-0.6648539664282669,-0.27456490669433165,0.6704641355107506
32000,647,-0.6681410473741276,-0.31884345678423437,0.6725670818407573
32000,648,-0.6777859679542754,-0.32723920065686013,0.7064751490094322
32000,649,-0.6425558769517078,-0.4096096944352778,0.7969957609799065
32000,650,-0.6708336087970577,-0.25346651974758033,0.630481760497923
32000,651,-0.6778239793286259,-0.27324028555378177,0.6072729316802677
32000,652,-0.6799060882319848,-0.207491284194903,0.5692809236026495
32000,653,-0.6122309297591293,-0.2453823198659076,0.5567161155033672
32000,654,-0.6876055295073169,-0.2259074516181832,0.5631136954902036
32000,655,-0.6903939116660582,-0.30232232314482654,0.6918795457655892
32000,656,-0.6455940529603896,-0.3379764394428167,0.7168289699595127
32000,657,-0.6479397601750216,-0.3565765144658552,0.6994461360043841
32000,658,-0.6689771025681799,-0.23063427793759153,0.5975542727754157
32000,659,-0.7009409047585479,-0.24731101863531413,0.5955365354676004
32000,660,-0.7055261980316485,-0.2565365691297576,0.6101766973713809
32000,661,-0.6713469052935848,-0.32990378575278334,0.6439746910560301
32000,662,-0.6561797939533468,-0.29175560569556996,0.6487727594197207
32000,663,-0.6841852105988617,-0.2682266039727003,0.5600795868643704
32000,664,-0.6498132978501624,-0.2925286646746834,0.695716557127325
32000,665,-0.6300936083301185,-0.2620892698848639,0.5889503097885698
32000,666,-0.6060544042961618,-0.28230157370543657,0.6091145328681477
32000,667,-0.6948614707816021,-0.3215967737533439,0.6520202607614815
32000,668,-0.6434379278694933,-0.29582518145469716,0.6558162611553066
32000,669,-0.6881102974097344,-0.32974634624042487,0.6733362274206289
32000,670,-0.7002894139835124,-0.32233347643683424,0.6795685164237294
32000,671,-0.6792993129879553,-0.2993788381283559,0.668992236216914
32000,672,-0.6867481021045467,-0.3360661390438314,0.6835511871767448
32000,673,-0.6686694272932632,-0.32575374520261025,0.6603180186709277
32000,674,-0.6272491241167593,-0.33666388628985894,0.6902998318732981
32000,675,-0.6794838232058924,-0.4037525726246679,0.8042129151111572
32000,676,-0.7110857005965143,-0.2971659660244819,0.6452206764166938
32000,677,-0.6448515455872336,-0.28129597605626105,0.590343000027535
32000,678,-0.6750378443329368,-0.30457924359288746,0.657743666398152
32000,679,-0.7121749800885219,-0.3617256656100191,0.7598713820251362
32000,680,-0.6563413523035762,-0.26359432695432805,0.6279404330845942
32000,681,-0.6623699026168978,-0.3548958844975222,0.7308905478336908
32000,682,-0.6490194210663117,-0.305721673257943,0.6599595311997558
32000,683,-0.7144049266257055,-0.3055665306463361,0.6828045829436746
32000,684,-0.6944209748812976,-0.2569322944120777,0.6419450656684204
32000,685,-0.660872626112996,-0.17998801110177629,0.5466207300498986
32000,686,-0.6997335733141022,-0.25389634158488267,0.657876891343986
32000,687,-0.6989389831687325,-0.2429973030044742,0.6265249680796502
32000,688,-0.6623866101730349,-0.23518124845387423,0.5672496735089005
32000,689,-0.620100692515031,-0.2894493447520018,0.5724642062348573
32000,690,-0.6860798980385685,-0.3797937709656788,0.7528380605134135
32000,691,-0.6794864346913081,-0.23591043598221154,0.5792239757837442
32000,692,-0.6472645358993123,-0.3335712426917282,0.650401455705022
32000,693,-0.6662280794829599,-0.2527261067780947,0.5712041479819759
32000,694,-0.6520111392758835,-0.3243472927797356,0.683436546388761
32000,695,-0.7268243145132053,-0.22005649607708086,0.5723875117825915
32000,696,-0.6363586560789911,-0.28732597492934464,0.7004476922959628
32000,697,-0.6335843280853027,-0.2739893424907245,0.6290719506018275
32000,698,-0.6414455933414462,-0.30833154321249645,0.6687443969935283
32000,699,-0.7014983573806053,-0.2997352451543395,0.7032294333837648
32000,700,-0.63684292697355,-0.32733981224907205,0.6593687277867907
32000,701,-0.6390875019728033,-0.2830332664761308,0.6683499759329422
32000,702,-0.711989873850253,-0.18202658482253314,0.49974838143316835
32000,703,-0.7161554148920894,-0.3471054270960458,0.7301600376453105
32000,704,-0.6870077351406327,-0.31642055252545265,0.6837815736058186
32000,705,-0.6751416754327588,-0.3670400936903487,0.7881610431708709
32000,706,-0.6964586513069231,-0.273674724253263,0.6605770145481691
32000,707,-0.6999775229334604,-0.39762557629439665,0.8218203065119013
32000,708,-0.6964655058066409,-0.2585398259824794,0.6205914077584063
32000,709,-0.6896715531548501,-0.29926985689381985,0.64944043540522
32000,710,-0.6945415736314494,-0.2873364018607839,0.6493859788290235
32000,711,-0.7021127824303441,-0.29889962475759063,0.6598491703974821
32000,712,-0.6508668847232382,-0.27698599164230786,0.6120292300440044
32000,713,-0.6492089072861933,-0.2713281766792719,0.6355098482396541
32000,714,-0.6865558617771249,-0.19264983951122364,0.5366895179849356
32000,715,-0.6897940178938222,-0.33550646210721463,0.7109400166389456
32000,716,-0.6939551796926662,-0.2938411428480083,0.6893737510510112
32000,717,-0.6882272792007995,-0.2996642339271651,0.6272213819222663
32000,718,-0.701504798998201,-0.2846924210191072,0.6432149646604429
32000,719,-0.7246662904857731,-0.27216006609024007,0.6504651901754616
32000,720,-0.6801658000131228,-0.456853090460492,0.8742619826445616
32000,721,-0.7167696758405677,-0.3200071670206887,0.6990617178867712
32000,722,-0.6981334581248235,-0.3299998871270992,0.713824790720246
32000,723,-0.6663828085698196,-0.34895534103798,0.7286514501677557
32000,724,-0.6704635464965099,-0.23309493748500898,0.6356889170606812
32000,725,-0.6762564448899974,-0.15954685693242063,0.5124943165345954
32000,726,-0.6991504357313443,-0.2777628366160989,0.687499140847673
32000,727,-0.6806913513023726,-0.3154310251634389,0.6756663760341897
32000,728,-0.7086224467283726,-0.2796254740359257,0.6336587073157242
32000,729,-0.6752600323058121,-0.235380813870706,0.5932038787832286
32000,730,-0.6977887633845421,-0.36741245053210697,0.6825979963604945
32000,731,-0.676108089371501,-0.3594158561726821,0.7412452265116796
32000,732,-0.6992927525531307,-0.29789115709073094,0.6633000957837074
32000,733,-0.6688928634651441,-0.2842816097378234,0.6122079163987487
32000,734,-0.6341009279061093,-0.23758297474812806,0.5812110409552499
32000,735,-0.6638680711925888,-0.33045036273313294,0.7176048840953081
32000,736,-0.6336739490417067,-0.27371620882583486,0.6358923264396622
32000,737,-0.7104701868344312,-0.28511022845822565,0.6845805767132053
32000,738,-0.6579413788811395,-0.3704150436292301,0.7659819095690076
32000,739,-0.6810391692699815,-0.2881496089990163,0.6331956608258966
32000,740,-0.6858529995215463,-0.2047219801425531,0.5227458551255263
32000,741,-0.6781591167537735,-0.33602913755932834,0.7187982550209996
32000,742,-0.688420002986619,-0.35603596724047387,0.7237964304320114
32000,743,-0.6808103684524904,-0.265930868357555,0.6233886268693808
32000,744,-0.6816439206502491,-0.25856098341515227,0.6050717472180855
32000,745,-0.6796057339721661,-0.3024160889343661,0.6305150512243869
32000,746,-0.6575144748622752,-0.3815994053238894,0.7321973575025155
32000,747,-0.6809915498558183,-0.27404485397063527,0.6472913375803556
32000,748,-0.6951737206813631,-0.30241605946057903,0.674399144021272
32000,749,-0.6633260348625607,-0.31193957925374405,0.7058066504088794
32000,750,-0.6497446027083182,-0.28726001137615836,0.6383903648887019
32000,751,-0.6739952762045127,-0.33762043033588335,0.7400172530421603
32000,752,-0.6557894972641751,-0.28445093241267544,0.6575183928689495
32000,753,-0.6709797559227355,-0.35917116464707416,0.7428321261115002
32000,754,-0.684427892201686,-0.2898535152910581,0.6497119636636344
32000,755,-0.6614031035272352,-0.23586299587976753,0.5840070513722339
32000,756,-0.6704644885236538,-0.3872923173375043,0.7518581442382889
32000,757,-0.7016949995599149,-0.22613906631648206,0.5715097417513957
32000,758,-0.6688497577206142,-0.2749373660467623,0.6496639109568071
32000,759,-0.6650784524368751,-0.37659861379031645,0.7088064443636038
32000,760,-0.702497523153781,-0.3439040752522241,0.6912506131768398
32000,761,-0.7299721707986944,-0.3058261253924739,0.6874474153638659
32000,762,-0.6447061150911498,-0.23345196063903956,0.5950886213246583
32000,763,-0.7242191827940829,-0.3078678055226833,0.6962130987311846
32000,764,-0.6900768745822534,-0.288622832958691,0.6516487748891796
32000,765,-0.7089496059915706,-0.3182884330834622,0.7272910436006995
32000,766,-0.6481626601205923,-0.23173945410128227,0.5716035833983206
32000,767,-0.6916437683176276,-0.4434464373852247,0.8769755595277156
32000,768,-0.6968912911802982,-0.26208169983072116,0.6362180234098219
32000,769,-0.7022529634790481,-0.21007271842579814,0.46525245705628654
32000,770,-0.6564726501389695,-0.34806401813530036,0.6436897570971146
32000,771,-0.6589032008961969,-0.22763299693391212,0.6170258728260084
32000,772,-0.6649501204695064,-0.3953782683216618,0.8409405315454577
32000,773,-0.6156018125962592,-0.2645986681739559,0.6051733387962922
32000,774,-0.6406141794070017,-0.20827787725131383,0.5389169950651665
32000,775,-0.659805981667785,-0.1789807691042035,0.5276147726120424
32000,776,-0.6479131819248194,-0.34692875575393806,0.7199838556110467
32000,777,-0.723087503875,-0.2924526900607881,0.6348257684041777
32000,778,-0.6871839331225726,-0.42176572041470467,0.8005283113776086
32000,779,-0.7137718064108405,-0.29205004387694206,0.631766085108385
32000,780,-0.6717708120935726,-0.2782194528759158,0.6182129313828757
32000,781,-0.6969184102723964,-0.39710544720588514,0.7650101404709104
32000,782,-0.6750258357663067,-0.286962163974123,0.6694452862209762
32000,783,-0.7110582713141673,-0.2967763124339918,0.6643764434962287
32000,784,-0.7131047964055395,-0.34965484456658713,0.7046478943894364
32000,785,-0.6765491417492233,-0.36593299957301406,0.7073772382108118
32000,786,-0.729013721628097,-0.32491398666067767,0.6468261932271007
32000,787,-0.6686720839230801,-0.31020732605294277,0.6916015216387947
32000,788,-0.694202922080583,-0.3515586862776471,0.7387467006721208
32000,789,-0.6551530516566716,-0.29106360314894925,0.6059886967185119
32000,790,-0.6727546517380876,-0.311577521117118,0.6991484413415803
32000,791,-0.6818796771775206,-0.34745161484623605,0.7099906804718488
32000,792,-0.6628507273045634,-0.27107331701558884,0.5958169315974361
32000,793,-0.7007635742357932,-0.22780609973863722,0.5640446058831976
32000,794,-0.643658853703488,-0.2763854480566042,0.6264109376842748
32000,795,-0.6916259885283222,-0.3298923803552326,0.6417260270068746
32000,796,-0.7027316776055816,-0.299756952640552,0.6635822171669424
32000,797,-0.6886588681997701,-0.29275828040977275,0.6749867303775327
32000,798,-0.6825684751215345,-0.31588799428585534,0.7134111407238746
32000,799,-0.6465343901890023,-0.319437004164626,0.7063759136764068
32000,800,-0.6443201124370175,-0.25384946413882387,0.6126402062709162
32000,801,-0.6875566812424876,-0.21538510118774823,0.5652554981591401
32000,802,-0.6477560417527792,-0.36078455347427923,0.7427267643710216
32000,803,-0.6553052603614656,-0.3114503071566405,0.6605021046013707
32000,804,-0.6486089154880392,-0.34380203490739397,0.7347484180036961
32000,805,-0.6761616779774073,-0.2852340480918618,0.6413729710860049
32000,806,-0.6392609500316098,-0.23473692877732705,0.574742392670611
32000,807,-0.6741040239251028,-0.3663877377808285,0.7228324264640252
32000,808,-0.6067543592715372,-0.37777506032816627,0.7302459459102771
32000,809,-0.6700140034239768,-0.1742385852387821,0.5417033794161025
32000,810,-0.624768954077843,-0.2904226779951061,0.610017981098148
32000,811,-0.7259812921877368,-0.3367447544494984,0.7176290700744363
32000,812,-0.6658655527301565,-0.3088398434138594,0.6298073585343558
32000,813,-0.6855210378624546,-0.2823798698928642,0.6107772577086718
32000,814,-0.7169837320691541,-0.2515505337852412,0.5871389235519868
32000,815,-0.671386091028238,-0.26423706048683737,0.643254478574339
32000,816,-0.6511588448659478,-0.22230254728949936,0.5770214905514128
32000,817,-0.6924997678351585,-0.2834941231464123,0.5878928830336378
32000,818,-0.6796528176551724,-0.31658220258119096,0.6975164838354555
32000,819,-0.6396186043244689,-0.20146968367858364,0.5300243521585862
32000,820,-0.6634378545280055,-0.3288371890816602,0.7172650090786366
32000,821,-0.7091483657869089,-0.3426540374452484,0.7611841078598992
32000,822,-0.6700953660195106,-0.34567124320030124,0.7393736072780683
32000,823,-0.6906449685243105,-0.3391568188081663,0.7067949497842908
32000,824,-0.6715173182355557,-0.2967539231625861,0.6657662266029796
32000,825,-0.6660301647716067,-0.23870939820707612,0.6088915555587967
32000,826,-0.6518228453162638,-0.4456643102985743,0.8449237918280874
32000,827,-0.6672462476317138,-0.32435955188933063,0.7310882680558197
32000,828,-0.6904483601554501,-0.24270763516307012,0.5933382875068511
32000,829,-0.6617026410285426,-0.3372835526515299,0.7089692444464225
32000,830,-0.6838557237615894,-0.2676243842847964,0.6165276990236144
32000,831,-0.64479054921019,-0.263579918752517,0.5877730772333893
32000,832,-0.6513897320919169,-0.4568824267426248,0.8654063525472278
32000,833,-0.6911410568866524,-0.3320480343371641,0.7077961751684074
32000,834,-0.6719340621896801,-0.2632035353023609,0.649340049118079
32000,835,-0.6767109910698794,-0.38497998026522584,0.7620927377675331
32000,836,-0.6218236740595822,-0.30151982794287463,0.6531742177342655
32000,837,-0.6737217572432097,-0.367162982994523,0.7443161439895349
32000,838,-0.6085457535608496,-0.1664622303320078,0.51362299423483
32000,839,-0.7005388784380149,-0.3080222413882058,0.66662625361775
32000,840,-0.6915769922803036,-0.2726464523204676,0.6116016260839888
32000,841,-0.6421137195861721,-0.4087154092360729,0.7601992871908775
32000,842,-0.6552357784904341,-0.33622053555974557,0.6479645027176211
32000,843,-0.6541874020697858,-0.27037203156094963,0.6195984673911427
32000,844,-0.6487239721169936,-0.34174734849391364,0.6934957065258786
32000,845,-0.6629712059764706,-0.33864935376005745,0.7434253935392792
32000,846,-0.6891124995420629,-0.28468166686892415,0.6304586659297631
32000,847,-0.7350222609241772,-0.3445330822037047,0.7271203478433662
32000,848,-0.6723536256393686,-0.36440690549888827,0.7712486376129601
32000,849,-0.663445480605227,-0.29383442067773186,0.6736669040801663
32000,850,-0.7098411855055851,-0.31194634944737404,0.6677485883175114
32000,851,-0.6155911985544031,-0.3438018909601384,0.7012002691950973
32000,852,-0.6980189746038543,-0.325941955456473,0.68997965366339
32000,853,-0.7229256561707266,-0.2437422502144462,0.5572718637467209
32000,854,-0.6955939963368734,-0.2808626577871313,0.6797697591754437
32000,855,-0.6394230497947515,-0.3740441962248366,0.7465680211815691
32000,856,-0.6518559173191488,-0.22182469716983688,0.5198392539354418
32000,857,-0.6904462793980188,-0.30113872532110364,0.6478053158384607
32000,858,-0.6677343120823465,-0.3286863228418975,0.6585838990676949
32000,859,-0.6859097861867594,-0.26445056022894525,0.6307409485657116
32000,860,-0.6999339873640191,-0.29244694290876544,0.649453780448211
32000,861,-0.6549839638840953,-0.3747511449831994,0.7268662646503511
32000,862,-0.6888204239115974,-0.4266148029828912,0.8387932243541398
32000,863,-0.6924558519757382,-0.21597767462880008,0.5799850758947032
32000,864,-0.6225613633992295,-0.31070415626792636,0.6576179304708132
32000,865,-0.6795456366659253,-0.23633819804250883,0.5749491594086485
32000,866,-0.6570393519376764,-0.35946003275567495,0.7837900603892479
32000,867,-0.6491265550948393,-0.33005574955119715,0.6986198630572488
32000,868,-0.7108788961034134,-0.3105094790895582,0.6301442159638818
32000,869,-0.675210378521117,-0.23994842544048062,0.5802740599258569
32000,870,-0.6597280498943303,-0.3185293361990157,0.6440679750401117
32000,871,-0.6471644103712558,-0.3459523594027769,0.7235191119432761
32000,872,-0.6791079960252785,-0.3385689816656091,0.7009638616412269
32000,873,-0.7614713221132673,-0.2930248814392692,0.6479453315528655
32000,874,-0.6766778329374656,-0.3455121040553842,0.7496444589875059
32000,875,-0.6685632268458067,-0.27387994700753393,0.6383813357483383
32000,876,-0.7053108855882531,-0.1406036505064421,0.4645864372678543
32000,877,-0.6559285864956749,-0.3795157675769475,0.7520258456022488
32000,878,-0.6811387222591081,-0.3670690179163294,0.7311438484301813
32000,879,-0.6755228761988418,-0.22760848489949198,0.5526763532116465
32000,880,-0.6795326293452371,-0.3698404184864036,0.7339639271362254
32000,881,-0.6630291301047573,-0.26478684784972445,0.6627985688820112
32000,882,-0.6871020264841246,-0.2098398642353813,0.5489858567720587
32000,883,-0.691369472681345,-0.3737599919102031,0.74923834703433
32000,884,-0.6021884162270504,-0.2352825231840737,0.5735269664530926
32000,885,-0.6823791616928739,-0.20573919100946916,0.5076666849923266
32000,886,-0.7342187715169255,-0.3007954448460113,0.6344299937433915
32000,887,-0.6868535272711205,-0.29920796382186776,0.6773332430790787
32000,888,-0.6565535574398705,-0.2647122662188917,0.6323915142815262
32000,889,-0.7168459985886454,-0.35522067008487906,0.7538393001162472
32000,890,-0.6926819695040096,-0.25564927256044756,0.608190624518093
32000,891,-0.6487481591879127,-0.3163387719254817,0.6652927395649255
32000,892,-0.6955728459364973,-0.2922701104200386,0.6722843983732376
32000,893,-0.6580632119426444,-0.3658317498266125,0.7252551244749922
32000,894,-0.6847691031301433,-0.33599543900878504,0.7278723995733122
32000,895,-0.6736510103269271,-0.3064932724503902,0.6535022744777111
32000,896,-0.7182989509974683,-0.32843979260306855,0.693390248930157
32000,897,-0.6790601916369415,-0.281238718287133,0.64796514654844
32000,898,-0.6646863622019239,-0.317260262602073,0.6464576661212026
32000,899,-0.6556795764635144,-0.23592743844861308,0.5627239772518126
32000,900,-0.657211739010383,-0.26446858795569367,0.6135733292419252
32000,901,-0.6697282582516968,-0.3654113056028345,0.7474195558047363
32000,902,-0.6766601332370077,-0.36055704249659426,0.7415327341105843
32000,903,-0.6493838888066326,-0.3554590948929944,0.7187659062122005
32000,904,-0.6280371581595792,-0.33685716784896214,0.6975195966370787
32000,905,-0.6635582736004193,-0.38114531405050134,0.7542837843992793
32000,906,-0.6770251899066275,-0.2927950095899341,0.6430199179080546
32000,907,-0.6832294346490033,-0.35335920626729017,0.7089434717209095
32000,908,-0.6708360132685698,-0.2820739080326988,0.6116878795975506
32000,909,-0.6351919722354813,-0.33632492614752085,0.7136281380871338
32000,910,-0.6866429970339532,-0.3466919763222334,0.7372852345079799
32000,911,-0.6457271889625904,-0.2607449792067001,0.6323044708166781
32000,912,-0.6750329161899186,-0.29820282493041306,0.6963970664411511
32000,913,-0.6738347675453962,-0.3827909151039799,0.7115562264487147
32000,914,-0.6707455476659001,-0.3030429403960136,0.6367146484051386
32000,915,-0.6455999668302809,-0.28977163027143577,0.6153189243371693
32000,916,-0.7402543571548021,-0.32393197364460996,0.7112018851485764
32000,917,-0.6451235405323488,-0.350544926710464,0.7511037618281343
32000,918,-0.7226381443194312,-0.28658380500673425,0.6361392568003635
32000,919,-0.6845843296065495,-0.3281434873529994,0.7085010216496354
32000,920,-0.6973904148606919,-0.337566836770906,0.7018988915848272
32000,921,-0.7088600141383294,-0.33057802969663075,0.7599585411333267
32000,922,-0.6461442137581033,-0.20311833846595853,0.5046754012130104
32000,923,-0.6855790085006566,-0.290734694953143,0.6886274232601086
32000,924,-0.6929002366315166,-0.30113202842746345,0.6818351252961259
32000,925,-0.6431915412897973,-0.27544954245411635,0.6525101302284964
32000,926,-0.6392573780448069,-0.24869154776610397,0.5657047166807362
32000,927,-0.6071063850686738,-0.3181116458271731,0.668583231235167
32000,928,-0.659779960647026,-0.3467186585937259,0.7204424518613557
32000,929,-0.6520358572462204,-0.3650117840582944,0.7182140138608976
32000,930,-0.6614693774141633,-0.20325420957846574,0.5400368982735395
32000,931,-0.6600991269731947,-0.30855867335344606,0.6448619460370714
32000,932,-0.6643965215019605,-0.35436778778002664,0.7396116787773555
32000,933,-0.6383624770711047,-0.23539161374092818,0.5979271421177333
32000,934,-0.6706745809007502,-0.3152199403106058,0.7059499536619611
32000,935,-0.7052092969004649,-0.30804118234631017,0.6950776480786335
32000,936,-0.6841062367520223,-0.4036201108470859,0.7665957491983831
32000,937,-0.7253512465244124,-0.23065985261124666,0.6110397086926834
32000,938,-0.704466881492084,-0.2900579992410469,0.650388393308115
32000,939,-0.6434905507390687,-0.3096287670460233,0.6679778136951193
32000,940,-0.65805650733642,-0.24852279590454054,0.6737485354710294
32000,941,-0.6438245141723813,-0.2755109966924575,0.5665903754532633
32000,942,-0.7128237862035336,-0.33278996029440044,0.7116182855639152
32000,943,-0.6897669001730187,-0.311244377547753,0.6550465941901351
32000,944,-0.7165627349741968,-0.2807545741479317,0.6077483272948953
32000,945,-0.6724345674175166,-0.3392788148689522,0.6997016952451697
32000,946,-0.6548474335618633,-0.25952519653520173,0.6076803423521391
32000,947,-0.6789243996889897,-0.321616475590639,0.6550828446578435
32000,948,-0.6610726727380614,-0.3897448866633795,0.7789118320989943
32000,949,-0.6953004952038899,-0.2735306977558833,0.6375855970627138
32000,950,-0.6683063219269002,-0.3045729317060464,0.6288809860581368
32000,951,-0.6458292781451056,-0.20310423559910068,0.5274043074147525
32000,952,-0.6673467642024417,-0.3262877939650215,0.7132950281142583
32000,953,-0.6427951271617911,-0.2880824828232539,0.6145663588224841
32000,954,-0.635626778968466,-0.42539062590604815,0.8212289408990338
32000,955,-0.6498223919341961,-0.2818781676041082,0.6362966560300908
32000,956,-0.6455499925582621,-0.2726942221869055,0.6049151691384959
32000,957,-0.7100591470328257,-0.23731310162306427,0.5746799238135709
32000,958,-0.6681293471544536,-0.2867330970483422,0.6723802165896747
32000,959,-0.710763846991656,-0.3290262041236009,0.7096338972965544
32000,960,-0.664213214162126,-0.2768443067341624,0.6317182535581588
32000,961,-0.6578413691487595,-0.3029847566511892,0.6387554733981682
32000,962,-0.6945231651203437,-0.3197602388232567,0.6586794338031401
32000,963,-0.6487741954306641,-0.3220077335566752,0.7043023818649043
32000,964,-0.6170380238357067,-0.2745369548126619,0.5725196782439893
32000,965,-0.67574490674516,-0.2839191738933623,0.6228540266759398
32000,966,-0.6910516408839384,-0.28853390593874734,0.6247509997532639
32000,967,-0.6647866123707865,-0.3367894108899581,0.6969836680187188
32000,968,-0.6556892624779629,-0.4062929446843782,0.7878275281176087
32000,969,-0.7300671692761065,-0.30445392143584515,0.7186769258845946
32000,970,-0.708064868966124,-0.3439782367209251,0.7594041558950525
32000,971,-0.6896605516039958,-0.31107911879208616,0.6884329003668539
32000,972,-0.6804818769722146,-0.3064016196013186,0.7326171338774575
32000,973,-0.6589401138042457,-0.40133275401086915,0.8091645366837065
32000,974,-0.6855809521612022,-0.3537386053484337,0.7099934095651688
32000,975,-0.6704117325412906,-0.3070255790052455,0.6862429912787765
32000,976,-0.6829793850872712,-0.3226860193386857,0.7197326250393824
32000,977,-0.6672401635305006,-0.23914386558211892,0.6008699841792257
32000,978,-0.7040332268958029,-0.3289880358664967,0.6981893668874147
32000,979,-0.7285407662875093,-0.23580524243756174,0.5633375510414322
32000,980,-0.6802973959930109,-0.3118435028443041,0.7088985033984012
32000,981,-0.7019923137748529,-0.30123765467388547,0.6304089547434372
32000,982,-0.6281029219564487,-0.4182578624620027,0.8004056776274183
32000,983,-0.6498766503901209,-0.28776492980494023,0.6381098972974091
32000,984,-0.6702921073557798,-0.23532443548239562,0.6045793998559954
32000,985,-0.6812828896226,-0.37861938544020074,0.7550118018920323
32000,986,-0.6821590477161195,-0.3633993018292695,0.7685071887886524
32000,987,-0.6885205725637916,-0.35270471341291026,0.8049925396557129
32000,988,-0.6566851362520492,-0.2484155437814082,0.535253553788545
32000,989,-0.7488137930523511,-0.27689170527572265,0.6329610430172797
32000,990,-0.6720200314473205,-0.28515532007823435,0.591728112299437
32000,991,-0.6425628418300406,-0.3414647344523726,0.6760996172304483
32000,992,-0.6372133579692207,-0.3240322148599585,0.73079817583682
32000,993,-0.6787125680512411,-0.3907388127723547,0.7719030472020694
32000,994,-0.6594307166111961,-0.30282883979709,0.6757857974379036
32000,995,-0.6897931571866451,-0.34893992431949805,0.7063650738593708
32000,996,-0.660268456780734,-0.32219687648001594,0.6885401315742115
32000,997,-0.6935549931349543,-0.4049614255976517,0.8041041059070873
32000,998,-0.7012644970078092,-0.36958136539736286,0.7480537103451133
32000,999,-0.6769684472673858,-0.24975844750451615,0.6079390323482737
