dataset,score,ambiguity,e_model,width,u_cal,sigma_cal
adult,0.4846369756397818,0.24981404958677686,0.041746754964978504,0.00909090909090915,0.04765539648796618,0.03524391081917645
adult,0.9941807560456143,0.0018348561851211007,0.0018895861157226064,0.003676470588235281,0.002597266793812164,0.0003197062433123808
adult,0.9854109544313885,0.005916950113378664,0.009621391062288842,0.011904761904761862,0.00839284709154925,0.00221264018611263
adult,0.06699241351396272,0.06577578588562051,0.017231573158742557,0.002247191011235966,0.0121577446427842,0.01106562241102816
adult,0.39514023797123704,0.23860362348764247,0.037422374410350644,0.002178649237472796,0.02279985970065602,0.021225149469583628
adult,0.23987051589537325,0.18935961923801753,0.04811799278572236,0.002141327623126299,0.020136558379699472,0.01735986727965093
adult,0.324502496889967,0.2104532541322314,0.025386198789545927,0.0037878787878787845,0.02823422421756161,0.02151570716415225
adult,0.008145618849801292,0.004310138949609381,0.0020485773817967906,0.0040810972321415565,0.0041940548562693315,0.0012670925370900355
adult,0.03519046296090466,0.024724920911297247,0.009218829976691158,0.004818594104308387,0.010915097715213918,0.005824652609623403
adult,0.020462697881326333,0.013481589151189646,0.0047162509847135025,0.001789384168379279,0.004911592632917819,0.004054191588394886
adult,0.0953170730467936,0.08647941654950521,0.026938503624061645,0.0009514747859181855,0.009070996877288077,0.009858426738447446
adult,0.009785676091825719,0.007071082486279163,0.002397541246367765,0.0017436051159072739,0.003511292582237868,0.0021254120780053783
adult,0.0361738990864645,0.027096128409694702,0.0077575653298041,0.009827701572432252,0.016318476147569136,0.00658186301162952
adult,0.6263752657844482,0.2327734375,0.028981353525543565,0.012499999999999956,0.05394133821801226,0.035223268984585596
adult,0.8343926653915621,0.10305555555555558,0.03095505745804001,0.033333333333333326,0.058610452866235264,0.026693013597882138
adult,0.053999627988420514,0.05157756066993433,0.01931693111456952,0.03343164991271895,0.04152496781057472,0.009934960558870056
adult,0.40620288639103336,0.23860362348764247,0.030325118267103223,0.002178649237472796,0.02279985970065602,0.021220382042745196
adult,0.0011115065581442716,0.00087642351492767,0.0002221361916274907,0.0017543859649122807,0.0012399939975290982,0.00032181790412407564
adult,0.007774292183128176,0.0034684986885093545,0.0014319249245284254,0.002384567676810881,0.002875912004856953,0.0012516461401087368
adult,0.3542951149881243,0.22817665289256198,0.07495753564001466,0.004545454545454575,0.03220507109225357,0.024748466737537535
adult,0.9804766313872724,0.013098128279426757,0.012067911806557753,0.008849557522123908,0.010766273247551583,0.00673191884083079
adult,0.16491010524818997,0.13988316676386012,0.07441157810196453,0.004484304932735411,0.025045534027563238,0.0218506456991719
adult,0.016766872832003395,0.0077232939526895574,0.005609389056062252,0.000915750915750916,0.0026594385704108627,0.0023214981764649615
adult,0.011037011479018284,0.0077232939526895574,0.00552993076470666,0.000915750915750916,0.0026594385704108627,0.00243708329493484
adult,0.0016888836470466523,0.0011750865051903113,0.0007256079505968027,0.002352941176470588,0.0016628016790877988,0.0004804631164895697
adult,0.10368873073459624,0.08647941654950521,0.021627043782683264,0.0009514747859181855,0.009070996877288077,0.009463572768148933
adult,0.8162568293782682,0.12219012421363601,0.04931566974363141,0.009127789046653123,0.03339649199251938,0.027693934152073343
adult,0.4123960321751524,0.23860362348764247,0.030916136909091733,0.002178649237472796,0.02279985970065602,0.021102531764782714
adult,0.38044577059854157,0.23860362348764247,0.036528353572722064,0.002178649237472796,0.02279985970065602,0.023302741118195386
adult,0.2552533438403396,0.18935961923801753,0.05620005677020221,0.002141327623126299,0.020136558379699472,0.01713101206495322
adult,0.7181150525632036,0.17744738178684286,0.031626552073991065,0.013288135593220396,0.04855867450667816,0.02583624195658131
adult,0.6434132722925195,0.21981829933927033,0.03458190839128935,0.008474576271186418,0.04316094233856732,0.033613092865080296
adult,0.009945430696800666,0.007088303752013801,0.0030419356482585874,0.0017785459411239959,0.0035506159842481045,0.0021036926291847953
adult,0.0005166827592136342,0.0006317116869459038,0.0002768374144299505,0.0012642225031605564,0.0008936577253884891,0.00016074377810412955
adult,0.5452464997643273,0.24543864220395878,0.03866851035698072,0.002779930012175469,0.026120915902976712,0.020481523439074736
adult,0.9576521135034645,0.024803900454728023,0.012825154816308238,0.008798114689709369,0.01477252723648975,0.012416780507556997
adult,0.7601167570847788,0.15172272612748802,0.036954753733199106,0.039682539682539764,0.07759344753455125,0.028432597624574844
adult,0.027819627488364793,0.018588026032339805,0.010843510633744531,0.009725016767270287,0.01344503123220475,0.004711364611657448
adult,0.010175651879946561,0.007171183716574846,0.0029041703120276474,0.00194672131147541,0.0037363479722265815,0.0020852132582672104
adult,0.0912704082662802,0.08647941654950521,0.026346405968538003,0.0009514747859181855,0.009070996877288077,0.01001984053931528
adult,0.08824484707197068,0.08647941654950521,0.043609924114487435,0.0009514747859181855,0.009070996877288077,0.0101856723955969
adult,0.001352803014251509,0.0009950238885097062,0.00026208908254653923,0.00199203187250996,0.0014078775869443096,0.0004181387216217693
adult,0.0014677990958799482,0.001076425014863258,0.0004173110739846663,0.0021551724137931034,0.0015231157203410793,0.00045340701144096473
adult,0.36400523672733837,0.23061208139721198,0.06114149459370495,0.012658227848101278,0.05402906875794536,0.025426641742730578
adult,0.5174218905188744,0.24565594602140503,0.04450099680591162,0.004367895017929335,0.03275666928659891,0.021182329466580784
adult,0.0007694236965644713,0.0007163320101231998,0.0002322635335176381,0.0014336917562724014,0.0010134097382932877,0.0001972757915366547
adult,0.6283824189425121,0.2288187414770663,0.08858665043118258,0.014479905437352225,0.05756104358749818,0.03747224273984952
adult,0.037259732088039524,0.03231011943929634,0.0247234769746532,0.006855036855036856,0.014882441316767192,0.007506500980856684
adult,0.13192347858136363,0.08647941654950521,0.029286237923197084,0.0009514747859181855,0.009070996877288077,0.010800954406566782
adult,0.4172955896452684,0.23860362348764247,0.03912035561129871,0.002178649237472796,0.02279985970065602,0.02111071239598496
adult,0.0028974259295868293,0.0019447006770660546,0.000687036562529349,0.0011535104127696723,0.0014977424614118161,0.0009441713078467128
adult,0.0593900514568158,0.06577578588562051,0.022398641006352138,0.002247191011235966,0.0121577446427842,0.011197670007544784
adult,0.0012406088399759489,0.0009398487923120016,0.00028126741386943783,0.0018814675446848542,0.0013297725368070612,0.0003782604181568863
adult,0.0006862534096819968,0.0006949266965980025,0.00032847768054078565,0.0013908205841446453,0.000983116653353071,0.00018386109707574572
adult,0.0076435730341352665,0.0032977196474120877,0.0044621053350646835,0.002040674809553528,0.0025941421343950275,0.0012714932405333106
adult,0.5493652208152195,0.24543864220395878,0.03686033953278398,0.002779930012175469,0.026120915902976712,0.020577423974344162
adult,0.01774641064034002,0.009257496149510384,0.005319726895886412,0.004037629037629038,0.0061137824028175995,0.0024802477526633194
adult,0.024818589085960317,0.013481589151189646,0.008291819678817543,0.001789384168379279,0.004911592632917819,0.004135119988814559
adult,0.20874592860373506,0.15688309198453781,0.03158427042439622,0.00485908649173955,0.027609935042379238,0.022668840439517758
adult,0.007415214806960032,0.0029735053437618844,0.004152559191514673,0.0013881410687844931,0.002031660622723693,0.0013259573553872977
adult,0.010004776258655186,0.007102473482662246,0.0034405250010549385,0.0018072963294538946,0.0035827746587329626,0.0020986290705543057
adult,0.37866046234000156,0.23860362348764247,0.09264411100442002,0.002178649237472796,0.02279985970065602,0.023257947019894715
adult,0.0011807460901826095,0.0009208095308883179,0.0002537681896607105,0.0018433179723502304,0.0013028218440745538,0.0003620648275023782
adult,0.016463425781660494,0.0077232939526895574,0.005206889499428296,0.000915750915750916,0.0026594385704108627,0.0023010072389112192
adult,0.2006484313513021,0.15688309198453781,0.036078278684867786,0.00485908649173955,0.027609935042379238,0.020294219159652595
adult,0.24334491785423853,0.18935961923801753,0.06769386243937797,0.002141327623126299,0.020136558379699472,0.017274574873266172
adult,0.0380393971537108,0.03231011943929634,0.009313520554653001,0.006855036855036856,0.014882441316767192,0.007591775073203002
adult,0.17700459285869297,0.13988316676386012,0.028246875700293377,0.004484304932735411,0.025045534027563238,0.0203096871026894
adult,0.0009134194410026316,0.000762194678484757,0.00018158626349109444,0.0015255530129672007,0.0010783173875209412,0.00022824125511390929
adult,0.04033207089613333,0.03578476800198564,0.00921446761754701,0.0029036004645760782,0.010193363968548984,0.007888716241748648
adult,0.07947725509842735,0.08647941654950521,0.06034182919789994,0.0009514747859181855,0.009070996877288077,0.010404048051833687
adult,0.3849742270298203,0.23860362348764247,0.08755941233663223,0.002178649237472796,0.02279985970065602,0.02254720850010184
adult,0.2191918571092743,0.18630506912972278,0.032130837157316024,0.009261598046644753,0.041538929503922656,0.024014462651073976
adult,0.057520502290908555,0.06577578588562051,0.014577134090542652,0.002247191011235966,0.0121577446427842,0.011184463253950895
adult,0.0007320238597672242,0.0007082149417279741,0.00028711829288502585,0.001417434443656981,0.0010019222783817876,0.00019226508761614703
adult,0.16783092373601383,0.13988316676386012,0.04212767529611134,0.004484304932735411,0.025045534027563238,0.02104175156816018
adult,0.006457766262423836,0.0029735053437618844,0.002919283709277932,0.0013881410687844931,0.002031660622723693,0.0014392505488233396
adult,0.7729573964140847,0.1434702932098766,0.030473386785305014,0.01388888888888895,0.04463902957332624,0.02934800913966445
adult,0.06074544418761886,0.06577578588562051,0.01799705345192869,0.002247191011235966,0.0121577446427842,0.011299721438093125
adult,0.353752985007815,0.22817665289256198,0.05319506708828517,0.004545454545454575,0.03220507109225357,0.024927069853366325
adult,0.0671940186277661,0.06577578588562051,0.037001302520299366,0.002247191011235966,0.0121577446427842,0.011066545187421084
adult,0.35704423758378157,0.22817665289256198,0.023220477057531254,0.004545454545454575,0.03220507109225357,0.02508139245531839
adult,0.0009371003354760941,0.0007757947224258323,0.0003949542896167745,0.0015527950310559005,0.0010975655743973678,0.00023825138806848173
adult,0.03874040807611175,0.03231011943929634,0.010540931720662956,0.006855036855036856,0.014882441316767192,0.007077070561623837
adult,0.9959068718319436,0.0014947649610957566,0.0014980916981169796,0.0029940119760478723,0.0021155009323792387,0.00022915079779009873
adult,0.0764338188453692,0.07792318239795919,0.020582875105878622,0.009642857142857134,0.027411714940519867,0.01176120335221027
adult,0.043682837551129484,0.03578476800198564,0.012004177988776777,0.0029036004645760782,0.010193363968548984,0.007900335342823275
adult,0.7358775590404328,0.17598351882379148,0.03462100017263277,0.00811940298507463,0.03780054375352066,0.027355628383822755
adult,0.01893237872318787,0.010222968240550658,0.00647317263687762,0.006007326007326008,0.007836625739661667,0.002842823643362669
adult,0.72440264470087,0.17744738178684286,0.05980600961090684,0.013288135593220396,0.04855867450667816,0.025955406529364244
adult,0.835203738529917,0.10305555555555558,0.034192260831242625,0.033333333333333326,0.058610452866235264,0.026463785008247715
adult,0.02948126128417752,0.023647373490212408,0.017618027432356916,0.0025510204081632647,0.007766912666754456,0.005933937223605713
adult,0.030846761075353044,0.023647373490212408,0.00930480342669665,0.0025510204081632647,0.007766912666754456,0.005892868502631317
adult,0.0009578797278312915,0.000791138744546816,0.0005326219234043349,0.001583531274742676,0.001119282334645973,0.0002504434703478996
adult,0.011473744582251751,0.0077232939526895574,0.002516426091112129,0.000915750915750916,0.0026594385704108627,0.002413818694208905
adult,0.04339194781118826,0.03578476800198564,0.015244749891299618,0.0029036004645760782,0.010193363968548984,0.007924103334496104
adult,0.5769688829029316,0.24543864220395878,0.049292559866518044,0.002779930012175469,0.026120915902976712,0.020996868263021683
adult,0.456885811216298,0.24610416743369193,0.11242418546846696,0.030096367679762814,0.08606300895626588,0.03407157314031299
adult,0.06436265250052933,0.06577578588562051,0.013227732291151983,0.002247191011235966,0.0121577446427842,0.011302453202845059
adult,0.001420983091017287,0.0010427517313819237,0.0005112593601001339,0.0020876826722338203,0.0014754439064389596,0.00044550971878385933
adult,0.05590188185832914,0.06577578588562051,0.015043440857274961,0.002247191011235966,0.0121577446427842,0.011610279335563913
adult,0.38915652452410354,0.23860362348764247,0.042465826180201144,0.002178649237472796,0.02279985970065602,0.021225149469583628
adult,0.7250737177847933,0.17744738178684286,0.05544230493641988,0.013288135593220396,0.04855867450667816,0.025955406529364244
adult,0.02509432809835715,0.013481589151189646,0.006365448950728001,0.001789384168379279,0.004911592632917819,0.004135119988814559
adult,0.07264303704384138,0.07619805503562373,0.012427212751080179,0.01236263736263736,0.03069216385567658,0.011719222041860189
adult,0.41824633049324506,0.23860362348764247,0.04826106209962108,0.002178649237472796,0.02279985970065602,0.021200979637798142
adult,0.02174638614869764,0.013481589151189646,0.010666921543162242,0.001789384168379279,0.004911592632917819,0.003999906803078128
adult,0.30863228047783897,0.2104532541322314,0.033596020826491116,0.0037878787878787845,0.02823422421756161,0.021648674523424227
adult,0.3706076496623387,0.23061208139721198,0.029226997030040808,0.012658227848101278,0.05402906875794536,0.02471675256006343
adult,0.38596051147870597,0.23860362348764247,0.02924889863787806,0.002178649237472796,0.02279985970065602,0.021527050446166814
adult,0.4780497316882092,0.24981404958677686,0.03613991652897168,0.00909090909090915,0.04765539648796618,0.03591553992327966
adult,0.012411586534141886,0.0077232939526895574,0.002922158758576765,0.000915750915750916,0.0026594385704108627,0.0024129080854271125
adult,0.36494052100964486,0.23061208139721198,0.052309188097706745,0.012658227848101278,0.05402906875794536,0.025309490521360712
adult,0.006344823055756691,0.0029735053437618844,0.0020435911755144445,0.0013881410687844931,0.002031660622723693,0.001445306790032394
adult,0.055812557194619125,0.06577578588562051,0.01673189299145654,0.002247191011235966,0.0121577446427842,0.011683676305178331
adult,0.5564180501247366,0.24543864220395878,0.03450593568180068,0.002779930012175469,0.026120915902976712,0.020577423974344162
adult,0.0061666128200959635,0.0029735053437618844,0.0010897809798904408,0.0013881410687844931,0.002031660622723693,0.001454888935757115
adult,0.212046367778909,0.15688309198453781,0.01961151737402553,0.00485908649173955,0.027609935042379238,0.022160381290931317
adult,0.0007906236741557269,0.0007183904333134699,0.00025339568249889134,0.0014378145219266715,0.001016322880501714,0.00019848960483719497
adult,0.9859738313137061,0.005714096974501303,0.003967846744370412,0.011494252873563204,0.008104275141490471,0.002068402996614517
adult,0.34299604401218564,0.21638888888888888,0.024480173412486112,0.011111111111111127,0.04903387591914721,0.02452491975281083
adult,0.08592302628004597,0.08647941654950521,0.02969940418186575,0.0009514747859181855,0.009070996877288077,0.010387969792833579
adult,0.5256979159245136,0.24565594602140503,0.03319416880816967,0.004367895017929335,0.03275666928659891,0.020846635117896535
adult,0.0758348989414881,0.07792318239795919,0.01968322646098822,0.009642857142857134,0.027411714940519867,0.011770055053704398
adult,0.10349375826480506,0.08647941654950521,0.02347148449949615,0.0009514747859181855,0.009070996877288077,0.009463572768148933
adult,0.011756915546806843,0.0077232939526895574,0.00272877947718683,0.000915750915750916,0.0026594385704108627,0.002413818694208905
adult,0.027651688128826256,0.018588026032339805,0.009050668961260125,0.009725016767270287,0.01344503123220475,0.004981076161665668
adult,0.33473594399494533,0.21432098765432098,0.04651383289928947,0.022222222222222254,0.06901223525245703,0.025057900030251035
adult,0.04752672873075899,0.03578476800198564,0.01329765114663858,0.0029036004645760782,0.010193363968548984,0.007865368008264418
adult,0.0017689327838845818,0.0012055437530434517,0.0006532690482377253,0.0024140012070006035,0.0017059261633901187,0.0004939388878013973
adult,0.743023304081802,0.17598351882379148,0.04086010871017248,0.00811940298507463,0.03780054375352066,0.02821745693952418
adult,0.0222161834591598,0.013481589151189646,0.004777832096809732,0.001789384168379279,0.004911592632917819,0.003975179580843055
adult,0.0010935579368970745,0.0008695645587300722,0.001219953794394031,0.0017406440382941688,0.0012302854811243606,0.0003151842133462876
adult,0.027250781372632836,0.017957039738658174,0.006095212089331152,0.011035801181786582,0.014077298049315873,0.004136844493965043
adult,0.6060990808446065,0.2452273886777489,0.04071279040038562,0.0046889653016567445,0.033909625720816454,0.026445930857134623
adult,0.4699966759850813,0.2477854671280277,0.11004904044344942,0.0117647058823529,0.053991880340312916,0.033955346808059936
adult,0.0024282884460157706,0.0019305689497908561,0.0009934288640942417,0.0011251367888904303,0.001473822970678383,0.000993217575271385
adult,0.6609334574309502,0.21981829933927033,0.04416624944743503,0.008474576271186418,0.04316094233856732,0.03168934882750221
adult,0.01134917908732673,0.0077232939526895574,0.0031213414550773934,0.000915750915750916,0.0026594385704108627,0.002413818694208905
adult,0.631579620387714,0.2288187414770663,0.0367907371072414,0.014479905437352225,0.05756104358749818,0.03746246605947079
adult,0.000669724875524156,0.000690607404973424,0.000170358118485269,0.00138217000691085,0.000977004013146723,0.00018107852945950295
adult,0.24816973732237937,0.18935961923801753,0.029611701841470307,0.002141327623126299,0.020136558379699472,0.017266994161220243
adult,0.39642757623147806,0.23860362348764247,0.040880881209522275,0.002178649237472796,0.02279985970065602,0.021225149469583628
adult,0.3175333780538435,0.2104532541322314,0.0469609246978325,0.0037878787878787845,0.02823422421756161,0.021538441045618292
adult,0.5889145301141617,0.2452273886777489,0.038451963689505486,0.0046889653016567445,0.033909625720816454,0.02601455879985061
adult,0.02211418376970012,0.013481589151189646,0.007687081397481802,0.001789384168379279,0.004911592632917819,0.003983728850644429
adult,0.003538897457125168,0.0021222699969300394,0.0014014808833082996,0.001510102267920605,0.0017902080145904575,0.000969579185467782
adult,0.7728404542940376,0.1434702932098766,0.034575974490219874,0.01388888888888895,0.04463902957332624,0.029050668490123357
adult,0.14067002637521742,0.08647941654950521,0.02963684032679726,0.0009514747859181855,0.009070996877288077,0.011969927920526067
adult,0.5274531382698505,0.24565594602140503,0.0505317438306771,0.004367895017929335,0.03275666928659891,0.0201435175760873
adult,0.14418719115024267,0.08647941654950521,0.03436660326927842,0.0009514747859181855,0.009070996877288077,0.011969927920526067
adult,0.011937038359331464,0.0077232939526895574,0.005596493990101369,0.000915750915750916,0.0026594385704108627,0.002413818694208905
adult,0.5500429911601047,0.24543864220395878,0.044344388293798276,0.002779930012175469,0.026120915902976712,0.020577423974344162
adult,0.2279588418084543,0.18935961923801753,0.05075469624726777,0.002141327623126299,0.020136558379699472,0.01971634010517094
adult,0.32627392252239534,0.2104532541322314,0.050126463066691516,0.0037878787878787845,0.02823422421756161,0.021551892462697907
adult,0.7092251034847766,0.18751543305136406,0.021650647036455545,0.005556241511297633,0.0322781819985101,0.024239262497717042
adult,0.031276046189548684,0.023647373490212408,0.00926502670773688,0.0025510204081632647,0.007766912666754456,0.0058603091136572374
adult,0.99290026438582,0.002257324788599734,0.0019456254737725094,0.004524886877828038,0.0031959567135571294,0.00044233370114940025
adult,0.7575827744298758,0.16537190082644623,0.031618713471499325,0.018181818181818188,0.054833947817096974,0.030057235893456324
adult,0.48177574786091143,0.24981404958677686,0.04315133308387465,0.00909090909090915,0.04765539648796618,0.03583447525984392
adult,0.002701894802518886,0.0019305689497908561,0.0012911292244121729,0.0011251367888904303,0.001473822970678383,0.0009577830230495157
adult,0.009460042099139749,0.007071082486279163,0.0027734325803754553,0.0017436051159072739,0.003511292582237868,0.002209598492453684
adult,0.22410912503430921,0.18630506912972278,0.03954922921021124,0.009261598046644753,0.041538929503922656,0.022950965676580677
adult,0.09308222869483294,0.08647941654950521,0.019514854037569463,0.0009514747859181855,0.009070996877288077,0.010014646331670912
adult,0.019269303577011967,0.010566473427269142,0.00758014263866438,0.00670908039329092,0.008419698313901805,0.0028365624185642544
adult,0.7127548435032097,0.18751543305136406,0.02888206599985881,0.005556241511297633,0.0322781819985101,0.024021568485030797
adult,0.27664266425679773,0.18935961923801753,0.038242287921692195,0.002141327623126299,0.020136558379699472,0.018426097850977863
adult,0.021518598994459487,0.013481589151189646,0.00564856498734662,0.001789384168379279,0.004911592632917819,0.004015422709732489
adult,0.0018422085500083192,0.0012277452288875985,0.0006089808250076473,0.002458512599877074,0.0017373621138551177,0.0005039027626581344
adult,0.030300897852670917,0.023647373490212408,0.010609587245781649,0.0025510204081632647,0.007766912666754456,0.00587785242311192
adult,0.001772991505561134,0.0012055437530434517,0.0004160387066105982,0.0024140012070006035,0.0017059261633901187,0.0004939388878013973
adult,0.01167203673490286,0.0077232939526895574,0.0025066188052559565,0.000915750915750916,0.0026594385704108627,0.002413818694208905
adult,0.724365341477486,0.17744738178684286,0.03909097466577825,0.013288135593220396,0.04855867450667816,0.025955406529364244
adult,0.20894476803896025,0.15688309198453781,0.022602990996193822,0.00485908649173955,0.027609935042379238,0.022668840439517758
adult,0.01586920121049807,0.0077232939526895574,0.004409894607735862,0.000915750915750916,0.0026594385704108627,0.002380670528421484
adult,0.9937088036601172,0.001926775092798255,0.002675517030605777,0.0038610038610038533,0.002727505467011958,0.0003450648593016416
adult,0.3021997409935234,0.2066635397835111,0.03762804206994625,0.01761404346787676,0.06033390898136837,0.023209629254104715
adult,0.8956458082216981,0.07264872094671206,0.023683406189475332,0.03273809523809523,0.04876864510399344,0.02383268549443345
adult,0.003665673079203497,0.0021503748437859244,0.0014921441997103448,0.00156655367595985,0.0018353957655569623,0.0009761820321129745
adult,0.0077162113514251274,0.0033550544206353964,0.002215402091990585,0.0021561149249936435,0.0026895878700086895,0.001263708176248004
adult,0.06656749518027492,0.06577578588562051,0.041171280798748114,0.002247191011235966,0.0121577446427842,0.011067865723563712
adult,0.008613962899310424,0.004865576066684892,0.0036409306432644206,0.005202307184669049,0.005031125254778356,0.0014349319016267264
adult,0.608573140452281,0.2452273886777489,0.05831839799519607,0.0046889653016567445,0.033909625720816454,0.026445930857134623
adult,0.20694654281753394,0.15688309198453781,0.06675869485434632,0.00485908649173955,0.027609935042379238,0.022668840439517758
adult,0.03463604091635583,0.023647373490212408,0.010020237999892207,0.0025510204081632647,0.007766912666754456,0.0056966806977467414
adult,0.40195140334730334,0.23860362348764247,0.03548944276732085,0.002178649237472796,0.02279985970065602,0.021278775561258338
adult,0.0092672130646202,0.007071082486279163,0.002134635504097339,0.0017436051159072739,0.003511292582237868,0.002281609999534059
adult,0.013031850400976791,0.0077232939526895574,0.0029228528201421322,0.000915750915750916,0.0026594385704108627,0.0024089481427447715
adult,0.5928217026909091,0.2452273886777489,0.02553096940608581,0.0046889653016567445,0.033909625720816454,0.02619116640731787
adult,0.014370382920564684,0.0077232939526895574,0.0031683601103848127,0.000915750915750916,0.0026594385704108627,0.0024030569542895512
adult,0.004023355842215184,0.0022900446540252794,0.0010156026176534043,0.0018471420076888207,0.0020567055404051657,0.0009973047249133222
adult,0.09528450393229396,0.08647941654950521,0.027957616257047246,0.0009514747859181855,0.009070996877288077,0.009858426738447446
adult,0.01594250149067988,0.0077232939526895574,0.004895280650724331,0.000915750915750916,0.0026594385704108627,0.0023747826400797247
adult,0.008310911460449016,0.0045596090637854275,0.0029089376655769294,0.004584522714226175,0.004572048919348506,0.0013235292897102989
adult,0.001272372333046446,0.0009671170820803139,0.0003901878038550021,0.001936108422071636,0.0013683725836719477,0.000397581144877947
adult,0.46222708918108496,0.2477854671280277,0.05157693299424335,0.0117647058823529,0.053991880340312916,0.036257476854817776
adult,0.1835056553270433,0.1562890462307372,0.02923510054875643,0.002915451895043719,0.021346034667075246,0.019294389007586073
adult,0.11770064046235115,0.08647941654950521,0.045952273264773275,0.0009514747859181855,0.009070996877288077,0.009405249536260624
adult,0.03060780894985995,0.023647373490212408,0.009816812700620408,0.0025510204081632647,0.007766912666754456,0.0058648334859241116
adult,0.4127144698838867,0.23860362348764247,0.07102663449360097,0.002178649237472796,0.02279985970065602,0.021101928221893797
adult,0.06734684247178357,0.06577578588562051,0.02176302588535472,0.002247191011235966,0.0121577446427842,0.011066545187421084
adult,0.5269503080317438,0.24565594602140503,0.07808277466650392,0.004367895017929335,0.03275666928659891,0.020445404637832124
adult,0.004357103280951961,0.0028522299430797666,0.001121528068369379,0.0011441647597254002,0.0018064941149933075,0.0013827763063838255
adult,0.006969419268956919,0.0029735053437618844,0.001956318755433638,0.0013881410687844931,0.002031660622723693,0.0013997862901682962
adult,0.008497969688363671,0.004810832154403945,0.004722359140421163,0.005091744281287206,0.004949295617602457,0.0013973990808734658
adult,0.328942230615634,0.2104532541322314,0.06877366588321106,0.0037878787878787845,0.02823422421756161,0.021551892462697907
adult,0.08642336064131129,0.08647941654950521,0.01671257662087506,0.0009514747859181855,0.009070996877288077,0.010173823862930156
adult,0.008946165603901622,0.005033992074680352,0.0016347914242367276,0.005542524043587571,0.005282141810775732,0.001441566986375786
adult,0.36436492459682407,0.23061208139721198,0.02861747918015015,0.012658227848101278,0.05402906875794536,0.025316512051798197
adult,0.964743062116502,0.024803900454728023,0.011232232811627304,0.008798114689709369,0.01477252723648975,0.012773241340027984
adult,0.15009198515123892,0.11175123966942148,0.03925225724134287,0.016363636363636358,0.042762795151112226,0.019657208241507938
adult,0.012784012734231317,0.0077232939526895574,0.00330138077306854,0.000915750915750916,0.0026594385704108627,0.002411205854975914
adult,0.7530827609325174,0.16537190082644623,0.022062620367139227,0.018181818181818188,0.054833947817096974,0.029907318539492217
adult,0.1971288953749415,0.1562890462307372,0.03694563263280046,0.002915451895043719,0.021346034667075246,0.019615405761637228
adult,0.19819440201924676,0.1562890462307372,0.032337904808154225,0.002915451895043719,0.021346034667075246,0.019615898574967237
adult,0.5687038454744836,0.24543864220395878,0.049801612735549665,0.002779930012175469,0.026120915902976712,0.020991552341180962
adult,0.3496945008179073,0.22817665289256198,0.06381067722161822,0.004545454545454575,0.03220507109225357,0.024734628275473184
adult,0.010389171769356765,0.0077232939526895574,0.0022430000090517674,0.000915750915750916,0.0026594385704108627,0.00230845817528698
adult,0.0010382268028666015,0.0008467394426888824,0.00023493743392328658,0.001694915254237288,0.0011979781290899123,0.00029570348709226325
adult,0.7330888532257775,0.17598351882379148,0.029762261494474078,0.00811940298507463,0.03780054375352066,0.027055636149917333
adult,0.033682470833965424,0.023647373490212408,0.009814234647037996,0.0025510204081632647,0.007766912666754456,0.005879038515963881
adult,0.060733812471382265,0.06577578588562051,0.01342362362525576,0.002247191011235966,0.0121577446427842,0.011299721438093125
adult,0.43614069348152784,0.24434326522515373,0.02648110600107584,0.009577464788732393,0.04837550019439396,0.027603357679987547
adult,0.22950015589511968,0.18935961923801753,0.049744222326479695,0.002141327623126299,0.020136558379699472,0.018917255182809338
adult,0.9954159540377003,0.0016313170148233528,0.008156876339799363,0.0032679738562091387,0.002308917788842178,0.0002619289207727257
adult,0.5636234160342742,0.24543864220395878,0.03685972111398013,0.002779930012175469,0.026120915902976712,0.020975471908890837
adult,0.010979696263588886,0.0077232939526895574,0.0031833154176480623,0.000915750915750916,0.0026594385704108627,0.002437557213108812
adult,0.061999321860823436,0.06577578588562051,0.022334364250294874,0.002247191011235966,0.0121577446427842,0.011299721438093125
adult,0.007173272463108119,0.0029735053437618844,0.001805880391017042,0.0013881410687844931,0.002031660622723693,0.0013677677309912246
adult,0.4103892703002303,0.23860362348764247,0.05387471181192848,0.002178649237472796,0.02279985970065602,0.02112949898354827
adult,0.17741600836618923,0.13988316676386012,0.030120312170724237,0.004484304932735411,0.025045534027563238,0.02039113830447878
adult,0.47237766637508255,0.24991735537190082,0.03400012436956055,0.018181818181818188,0.06740884152581725,0.03802509705672512
adult,0.4040646726491283,0.23860362348764247,0.036686530948303195,0.002178649237472796,0.02279985970065602,0.021010050842984396
adult,0.06520713348416343,0.06577578588562051,0.01346184689597029,0.002247191011235966,0.0121577446427842,0.011289250035744092
adult,0.38612261390423414,0.23860362348764247,0.07819681186232466,0.002178649237472796,0.02279985970065602,0.021040075638601673
adult,0.0071096401067839606,0.0029735053437618844,0.005023515786876146,0.0013881410687844931,0.002031660622723693,0.0013796232933486053
adult,0.7140405351825951,0.18751543305136406,0.059486529705413085,0.005556241511297633,0.0322781819985101,0.024429094880982462
adult,0.06258506335994649,0.06577578588562051,0.026494406040350325,0.002247191011235966,0.0121577446427842,0.011299721438093125
adult,0.42314830685193094,0.23860362348764247,0.036921393047164824,0.002178649237472796,0.02279985970065602,0.021200979637798142
adult,0.01588759362985139,0.0077232939526895574,0.0037922020289501705,0.000915750915750916,0.0026594385704108627,0.002379849766088481
adult,0.9971569812283003,0.0012578596399951065,0.0008937225362102659,0.0025188916876573986,0.001780003424553841,0.00017278819261677165
adult,0.44363935615055683,0.24457145934496796,0.022915802727853662,0.007572315614114811,0.043034547521319966,0.029791002136991148
adult,0.0005287157945114778,0.0006349203786434258,0.00033920846255669745,0.0012706480304955528,0.0008981983793376381,0.00016182493711598396
adult,0.01966727246742341,0.013481589151189646,0.006917609965083698,0.001789384168379279,0.004911592632917819,0.003999148027634788
adult,0.37026359285159005,0.23061208139721198,0.04556044790326559,0.012658227848101278,0.05402906875794536,0.02518067449020667
adult,0.005936171471300197,0.0029735053437618844,0.0037195264316763482,0.0013881410687844931,0.002031660622723693,0.0014656442444834351
adult,0.4068880397994522,0.23860362348764247,0.03298635045302847,0.002178649237472796,0.02279985970065602,0.02117360363312371
adult,0.007222906943299451,0.0029735053437618844,0.0012564700161133411,0.0013881410687844931,0.002031660622723693,0.0013634461231990737
adult,0.43858074388752116,0.24434326522515373,0.03668643577514196,0.009577464788732393,0.04837550019439396,0.027603357679987547
adult,0.6750856387948865,0.20048152397053495,0.061564301511140535,0.016483516483516425,0.05748600268768743,0.03544108273779473
adult,0.00555897236518387,0.0028522299430797666,0.002116249403560314,0.0011441647597254002,0.0018064941149933075,0.0013325524157614878
adult,0.004650797174901504,0.0028522299430797666,0.0013333712896909603,0.0011441647597254002,0.0018064941149933075,0.0013590686516007312
adult,0.14252045029782898,0.08647941654950521,0.02393383891768782,0.0009514747859181855,0.009070996877288077,0.011969927920526067
adult,0.723953687875951,0.17744738178684286,0.021986901356679422,0.013288135593220396,0.04855867450667816,0.025947436204042586
adult,0.24199532926464679,0.18935961923801753,0.037799564748467664,0.002141327623126299,0.020136558379699472,0.01735986727965093
adult,0.25717687262727745,0.18935961923801753,0.04408238892573714,0.002141327623126299,0.020136558379699472,0.017289454146420653
adult,0.19942706309971564,0.15665496840228327,0.06664337795014008,0.004111966834628167,0.02538030800738857,0.020598221399408555
adult,0.004292303481654434,0.0028522299430797666,0.0012320506694856496,0.0011441647597254002,0.0018064941149933075,0.0013891466876627936
adult,0.007161078799278271,0.0029735053437618844,0.0016429787350579427,0.0013881410687844931,0.002031660622723693,0.001369537351934553
adult,0.007390910582677963,0.0029735053437618844,0.002310772650906496,0.0013881410687844931,0.002031660622723693,0.001329374178478831
adult,0.012158449312627424,0.0077232939526895574,0.0036446084112742327,0.000915750915750916,0.0026594385704108627,0.0024134272891617676
adult,0.25391673246347746,0.18935961923801753,0.0644902906154904,0.002141327623126299,0.020136558379699472,0.017245422033839723
adult,0.10532138563919301,0.08647941654950521,0.01789988324169599,0.0009514747859181855,0.009070996877288077,0.009459927484698042
adult,0.0009505867753268627,0.0007836985774702038,0.0002856994607551448,0.001568627450980392,0.001108752047084489,0.0002448436426635526
adult,0.002482430808155557,0.0019305689497908561,0.0006918952706782566,0.0011251367888904303,0.001473822970678383,0.0009824294719702619
adult,0.07095394649727305,0.06792113541339066,0.01697597905052468,0.007260155574762325,0.022206260601814864,0.011816138573549318
adult,0.03733550966759787,0.03231011943929634,0.010113472644142233,0.006855036855036856,0.014882441316767192,0.00749899926162504
adult,0.31319819806727417,0.2104532541322314,0.07963555139901944,0.0037878787878787845,0.02823422421756161,0.021538441045618292
adult,0.5583782044771587,0.24543864220395878,0.045577628583494616,0.002779930012175469,0.026120915902976712,0.02069085531068706
adult,0.06691307813972136,0.06577578588562051,0.024078588714389684,0.002247191011235966,0.0121577446427842,0.011070798858822702
adult,0.263308328458992,0.18935961923801753,0.07500393233047549,0.002141327623126299,0.020136558379699472,0.017799189040231818
adult,0.06995198439153065,0.06577578588562051,0.014966703131035555,0.002247191011235966,0.0121577446427842,0.01098702510753858
adult,0.22585205278028592,0.18869869353795926,0.04319356527537454,0.004817987152034242,0.03015207921639127,0.02090693198301691
adult,0.013627552135712541,0.0077232939526895574,0.003246748879298082,0.000915750915750916,0.0026594385704108627,0.0024030569542895512
adult,0.004576860089069869,0.0028522299430797666,0.002014383094424735,0.0011441647597254002,0.0018064941149933075,0.0013646995883267205
adult,0.0016800546108213764,0.0011709585780274845,0.00040387135769890797,0.0023446658851113715,0.0016569570395093425,0.000478733032147791
adult,0.004918015999952046,0.0028522299430797666,0.0011280733478328641,0.0011441647597254002,0.0018064941149933075,0.0013430328706183282
adult,0.6390696973822945,0.2285765486887282,0.05152875482330575,0.014957264957265015,0.058471189501792205,0.035433928111836786
adult,0.9700169817474481,0.016638330624951125,0.03820631496467176,0.016150442477876115,0.01639257153976025,0.006825820259770102
adult,0.0014524688402488698,0.001062698053417836,0.0004930158851390597,0.002127659574468085,0.0015036820435594272,0.0004503720462758525
adult,0.17636762440966106,0.13988316676386012,0.028627041065049798,0.004484304932735411,0.025045534027563238,0.020805685130391556
adult,0.46948043310315074,0.2477854671280277,0.06488930993697198,0.0117647058823529,0.053991880340312916,0.03421646172316703
adult,0.02886872500970695,0.023647373490212408,0.006015890023171972,0.0025510204081632647,0.007766912666754456,0.0059920365755080805
adult,0.09907928018344435,0.08647941654950521,0.02224056427732808,0.0009514747859181855,0.009070996877288077,0.0102106628777387
adult,0.014368243660682652,0.0077232939526895574,0.004141329296382715,0.000915750915750916,0.0026594385704108627,0.0024030569542895512
adult,0.24831022401429675,0.18935961923801753,0.07738401344659722,0.002141327623126299,0.020136558379699472,0.017266994161220243
adult,0.0006697613723658911,0.000690607404973424,0.0002316153606814452,0.00138217000691085,0.000977004013146723,0.00018107852945950295
adult,0.7178467984213516,0.17744738178684286,0.09464716238289915,0.013288135593220396,0.04855867450667816,0.025607918273055807
adult,0.9851821676628278,0.006023875114784244,0.0077000601777050155,0.012121212121212088,0.008544979113958713,0.0022793693141853247
adult,0.002700276214513538,0.0019305689497908561,0.000665109686007497,0.0011251367888904303,0.001473822970678383,0.0009577830230495157
adult,0.018756803872516305,0.010074076846930938,0.0056468416971651786,0.005703308634904727,0.007579945215487709,0.002752994118502581
adult,0.4058571900760813,0.23860362348764247,0.12202634888297025,0.002178649237472796,0.02279985970065602,0.02094351291848099
adult,0.03558240340131008,0.02704553870089675,0.013126064170685665,0.009720554888622116,0.016214118645008754,0.007106451023870197
adult,0.38941119792470824,0.23860362348764247,0.030701612709360417,0.002178649237472796,0.02279985970065602,0.021225149469583628
adult,0.007542865607204178,0.003158417142644143,0.0017232627871591856,0.0017602534765006161,0.002357883533081839,0.001293149454748157
adult,0.9473926452585311,0.024803900454728023,0.015978478111342502,0.008798114689709369,0.01477252723648975,0.011590293725775221
adult,0.5665374694799536,0.24543864220395878,0.05461557542318276,0.002779930012175469,0.026120915902976712,0.020975471908890837
adult,0.0653948884317915,0.06577578588562051,0.04004707812583187,0.002247191011235966,0.0121577446427842,0.011255384329561989
adult,0.7939840914165132,0.12219012421363601,0.0454228395564677,0.009127789046653123,0.03339649199251938,0.02694680173585971
adult,0.07250377315585783,0.07619805503562373,0.016542891301823424,0.01236263736263736,0.03069216385567658,0.01200364910428274
adult,0.3823579059945944,0.23860362348764247,0.07780159342311149,0.002178649237472796,0.02279985970065602,0.023246831917415264
adult,0.25780487500570687,0.18935961923801753,0.05596694196842348,0.002141327623126299,0.020136558379699472,0.017596534764679227
adult,0.39079491310376624,0.23860362348764247,0.0527455600533208,0.002178649237472796,0.02279985970065602,0.021225149469583628
adult,0.44251476323814126,0.24457145934496796,0.021719319767123105,0.007572315614114811,0.043034547521319966,0.029868843417036252
adult,0.0007775355562461568,0.0007178747192495707,0.0002790383867718341,0.0014367816091954023,0.0010155930259331716,0.00019816056227445203
adult,0.10183545936552924,0.08647941654950521,0.017267013994603182,0.0009514747859181855,0.009070996877288077,0.009477281582358252
adult,0.20116562636779647,0.15688309198453781,0.04081623617708407,0.00485908649173955,0.027609935042379238,0.021433178533759048
adult,0.4730087028147093,0.24991735537190082,0.04369704704797195,0.018181818181818188,0.06740884152581725,0.03802509705672512
adult,0.006553509754966461,0.0029735053437618844,0.0018638518454125795,0.0013881410687844931,0.002031660622723693,0.0014328285216921594
adult,0.4281476921566506,0.23860362348764247,0.02734179287376775,0.002178649237472796,0.02279985970065602,0.021200979637798142
adult,0.013352287287462692,0.0077232939526895574,0.006734223665395813,0.000915750915750916,0.0026594385704108627,0.002404275949507102
adult,0.031126637763388434,0.023647373490212408,0.0064615117937311594,0.0025510204081632647,0.007766912666754456,0.005875802234458613
adult,0.3083005546908561,0.2104532541322314,0.023008089548222994,0.0037878787878787845,0.02823422421756161,0.021898065946422754
adult,0.0029998095692499427,0.001977282659285834,0.001890522062179095,0.0012189314626466807,0.0015524728802620675,0.00094306108596789
adult,0.13451141268542538,0.08647941654950521,0.03406314876336761,0.0009514747859181855,0.009070996877288077,0.010940949417496923
adult,0.008871600101270131,0.004988992262209046,0.0018967896154931671,0.005451608561044555,0.005215173336298984,0.0014342403317257086
adult,0.7773875102602615,0.1434702932098766,0.03119777061736459,0.01388888888888895,0.04463902957332624,0.029573546091771815
adult,0.08603388259302623,0.08647941654950521,0.025209336992956407,0.0009514747859181855,0.009070996877288077,0.010064555656400484
adult,0.13874347091055167,0.08647941654950521,0.02570964029451827,0.0009514747859181855,0.009070996877288077,0.011166073854725057
adult,0.2740733041180959,0.18935961923801753,0.027943181339873426,0.002141327623126299,0.020136558379699472,0.017977255160251462
adult,0.35704423758378157,0.22817665289256198,0.024990575015569703,0.004545454545454575,0.03220507109225357,0.02508139245531839
adult,0.46730462108510823,0.2477854671280277,0.05494291831284705,0.0117647058823529,0.053991880340312916,0.03457481236212224
adult,0.9868966008424137,0.00531899682575998,0.005045283480649586,0.010695187165775444,0.00754239130419978,0.0017467346599559042
adult,0.0012609935653226346,0.000957853525627178,0.00032825012072839347,0.0019175455417066154,0.001355259295365414,0.0003912169310280913
adult,0.40605238574155955,0.23860362348764247,0.051996225830345494,0.002178649237472796,0.02279985970065602,0.02094351291848099
adult,0.20147135254393336,0.15688309198453781,0.03155254065963849,0.00485908649173955,0.027609935042379238,0.021506813001039703
adult,0.2343347147958408,0.18935961923801753,0.037294171929767354,0.002141327623126299,0.020136558379699472,0.017418455854049487
adult,0.6085812714840413,0.2452273886777489,0.06834529478294911,0.0046889653016567445,0.033909625720816454,0.026445930857134623
adult,0.07747279986020178,0.07792318239795919,0.025542243646916894,0.009642857142857134,0.027411714940519867,0.011170172159353838
adult,0.03766691875114642,0.03231011943929634,0.008684818574353608,0.006855036855036856,0.014882441316767192,0.0074405231414343565
adult,0.9780156737778675,0.013098128279426757,0.010843989531543356,0.008849557522123908,0.010766273247551583,0.006470862319769805
adult,0.3625693080355118,0.23061208139721198,0.04121487511502346,0.012658227848101278,0.05402906875794536,0.02470784126910308
adult,0.9449060480928844,0.02501847993915485,0.01549176046463153,0.009250398724082953,0.01521285360830285,0.011392287372742716
adult,0.14860791734272125,0.11034707121272244,0.03227572209222386,0.012596685082872927,0.037282801744021564,0.019113689767933616
adult,0.5463181343203285,0.24543864220395878,0.03232634026512512,0.002779930012175469,0.026120915902976712,0.02052905046003296
adult,0.24359995181774557,0.18935961923801753,0.03182826246640681,0.002141327623126299,0.020136558379699472,0.017274574873266172
adult,0.20213359800030786,0.15688309198453781,0.03765147015377352,0.00485908649173955,0.027609935042379238,0.021316593134028748
adult,0.10786540126430208,0.08647941654950521,0.04586222441817576,0.0009514747859181855,0.009070996877288077,0.00943361422230977
adult,0.014255953270976037,0.0077232939526895574,0.004139265300710492,0.000915750915750916,0.0026594385704108627,0.0024030569542895512
adult,0.0012590763643847373,0.000957853525627178,0.0005779859025513014,0.0019175455417066154,0.001355259295365414,0.0003912169310280913
adult,0.7742914543460989,0.1434702932098766,0.019556662479211503,0.01388888888888895,0.04463902957332624,0.029765287824987618
adult,0.0511803912602856,0.03885014280249672,0.013564605241077008,0.0055073941866394735,0.01462747588002058,0.00962792442395818
adult,0.14858866490665532,0.11034707121272244,0.02856302907973056,0.012596685082872927,0.037282801744021564,0.019113689767933616
adult,0.01662132369987608,0.0077232939526895574,0.005292117261626575,0.000915750915750916,0.0026594385704108627,0.0023022697791694247
adult,0.15573453989785163,0.11499942607897153,0.03793375949693693,0.007575757575757569,0.02951622898213017,0.021949271650455834
adult,0.018572217713729668,0.009257496149510384,0.007048241761546076,0.004037629037629038,0.0061137824028175995,0.002717606607827994
adult,0.018468939435024194,0.009257496149510384,0.006358073272067726,0.004037629037629038,0.0061137824028175995,0.002752359691337145
adult,0.9954467688845057,0.0016207412717153121,0.0010643795919256349,0.0032467532467532756,0.0022939370056932083,0.00025923109579302386
adult,0.058990910317166786,0.06577578588562051,0.016877648765553106,0.002247191011235966,0.0121577446427842,0.011407652970245008
adult,0.03724492734613681,0.03231011943929634,0.022121733214359653,0.006855036855036856,0.014882441316767192,0.007511846590462582
adult,0.004070206954031257,0.00230566573322377,0.0008909709024287427,0.0018785287434218056,0.0020811677857836366,0.0009993804507839263
adult,0.10842495703928813,0.08647941654950521,0.026072209969538455,0.0009514747859181855,0.009070996877288077,0.009405249536260624
adult,0.6441113820783221,0.21981829933927033,0.03999880417570079,0.008474576271186418,0.04316094233856732,0.03369906301332601
adult,0.013436564297049739,0.0077232939526895574,0.0050495792916756795,0.000915750915750916,0.0026594385704108627,0.0024032002724764636
adult,0.0010109921168695887,0.0008298749461926469,0.0002967336271280478,0.0016611295681063123,0.001174108091681188,0.00028145078117063006
adult,0.15528162505115298,0.11499942607897153,0.028084963365529528,0.007575757575757569,0.02951622898213017,0.021955411132698322
adult,0.47997236810971766,0.24981404958677686,0.10564156753298241,0.00909090909090915,0.04765539648796618,0.03635580626925818
adult,0.03813359742230712,0.03231011943929634,0.011059793127556063,0.006855036855036856,0.014882441316767192,0.007574371760177917
adult,0.4255775250393998,0.23860362348764247,0.04281153440415175,0.002178649237472796,0.02279985970065602,0.021200979637798142
adult,0.7680121323546688,0.146269580391202,0.04055041957252583,0.022522522522522515,0.05739651486563243,0.029542541075303713
adult,0.6122412184990774,0.2452273886777489,0.10052713375906785,0.0046889653016567445,0.033909625720816454,0.027254180771220597
adult,0.3458739771135249,0.22817665289256198,0.037528381588815364,0.004545454545454575,0.03220507109225357,0.025084219036589948
adult,0.017292663717719457,0.008309760649913376,0.007098411784547865,0.002107954938143617,0.00418528386095572,0.0024194168678617167
adult,0.11304235637726752,0.08647941654950521,0.053191977863604044,0.0009514747859181855,0.009070996877288077,0.009405249536260624
adult,0.1821701483419961,0.1562890462307372,0.03736216524983044,0.002915451895043719,0.021346034667075246,0.019051978939781
adult,0.011350965475952926,0.0077232939526895574,0.0029294256168917315,0.000915750915750916,0.0026594385704108627,0.002413818694208905
adult,0.025068893234594825,0.013481589151189646,0.005620207370928078,0.001789384168379279,0.004911592632917819,0.004135119988814559
adult,0.011850375286912409,0.0077232939526895574,0.0041125159752092985,0.000915750915750916,0.0026594385704108627,0.002413818694208905
adult,0.009436636887548595,0.007071082486279163,0.002313742927577083,0.0017436051159072739,0.003511292582237868,0.002212849302389614
adult,0.01606267646187443,0.0077232939526895574,0.004174764801601539,0.000915750915750916,0.0026594385704108627,0.0023607530264876356
adult,0.5197525975805014,0.24565594602140503,0.03687768608293366,0.004367895017929335,0.03275666928659891,0.020836759602356213
adult,0.0014871868647760179,0.0010857750472589793,0.0006483382065379944,0.002173913043478261,0.0015363529989945411,0.000455696056042325
adult,0.006965670678804327,0.0029735053437618844,0.0019805496042813123,0.0013881410687844931,0.002031660622723693,0.001400722781766434
adult,0.6449600007474128,0.21981829933927033,0.034534441674366104,0.008474576271186418,0.04316094233856732,0.03370699655375492
adult,0.10098466191386024,0.08647941654950521,0.017847546471045365,0.0009514747859181855,0.009070996877288077,0.009526430644443364
adult,0.00491428885696525,0.0028522299430797666,0.0008599277533843014,0.0011441647597254002,0.0018064941149933075,0.001343417310683431
adult,0.08677318378555186,0.08647941654950521,0.01780094339776079,0.0009514747859181855,0.009070996877288077,0.010185893399344201
adult,0.2227644761389364,0.18630506912972278,0.023229015739183314,0.009261598046644753,0.041538929503922656,0.023299141802689882
adult,0.1978388414965167,0.1562890462307372,0.07405212117803481,0.002915451895043719,0.021346034667075246,0.01991644772783708
adult,0.01456684667200726,0.0077232939526895574,0.006436992110395028,0.000915750915750916,0.0026594385704108627,0.0024030569542895512
adult,0.013098580344521462,0.0077232939526895574,0.002661458435797709,0.000915750915750916,0.0026594385704108627,0.002408150132449994
adult,0.4750722351440615,0.24981404958677686,0.11395264439545703,0.00909090909090915,0.04765539648796618,0.038801916960287314
adult,0.15060696102036653,0.11499942607897153,0.026948643536322422,0.007575757575757569,0.02951622898213017,0.021451534570829014
adult,0.5963024627914417,0.2452273886777489,0.060897928023763544,0.0046889653016567445,0.033909625720816454,0.026630771148541586
adult,0.011382169771386086,0.0077232939526895574,0.003090719849037647,0.000915750915750916,0.0026594385704108627,0.002413818694208905
adult,0.7240705105262238,0.17744738178684286,0.03286629173153769,0.013288135593220396,0.04855867450667816,0.025955406529364244
adult,0.3185382924801339,0.2104532541322314,0.04323167458350514,0.0037878787878787845,0.02823422421756161,0.021538441045618292
adult,0.0009376869772173663,0.0007757947224258323,0.0002606721361520108,0.0015527950310559005,0.0010975655743973678,0.00023825138806848173
adult,0.0031364326716629663,0.0020080823320170263,0.0007641974817642432,0.001280777781416351,0.0016037166938403238,0.0009441320208921939
adult,0.5955414622318159,0.2452273886777489,0.03631451179865677,0.0046889653016567445,0.033909625720816454,0.026227508850453315
adult,0.025141905728105814,0.013481589151189646,0.005285801437035491,0.001789384168379279,0.004911592632917819,0.004135119988814559
adult,0.1426037699638388,0.08647941654950521,0.022972892865642098,0.0009514747859181855,0.009070996877288077,0.011969927920526067
adult,0.2692142608104391,0.18935961923801753,0.05719865137788611,0.002141327623126299,0.020136558379699472,0.018038787340754363
adult,0.09499299477300907,0.08647941654950521,0.027094514414355234,0.0009514747859181855,0.009070996877288077,0.009839404718150105
adult,0.0023731741534005874,0.0019305689497908561,0.0007576978536935813,0.0011251367888904303,0.001473822970678383,0.0010014887677464897
adult,0.002639781706040658,0.0019305689497908561,0.0005048659141706303,0.0011251367888904303,0.001473822970678383,0.0009632059216975413
adult,0.6928987072441446,0.18751543305136406,0.06988426104078173,0.005556241511297633,0.0322781819985101,0.02471072475296644
adult,0.8410790803039075,0.08850477059879851,0.024087487822451046,0.016495338273966098,0.03820884884273472,0.024469213123445483
adult,0.454873220734669,0.24527585796468954,0.03341476108128279,0.017464788732394376,0.06544991245609175,0.03186165795869573
adult,0.35357482133677964,0.22817665289256198,0.02366947463132954,0.004545454545454575,0.03220507109225357,0.02527091512305172
adult,0.005337684746138766,0.0028522299430797666,0.001146554247809696,0.0011441647597254002,0.0018064941149933075,0.001329850813514827
adult,0.006259159734412712,0.0029735053437618844,0.0028727353896329986,0.0013881410687844931,0.002031660622723693,0.0014512801754484835
adult,0.018413252273220333,0.009257496149510384,0.00426754384021394,0.004037629037629038,0.0061137824028175995,0.0027674753398212472
adult,0.5326834588083762,0.24543864220395878,0.031920184432185646,0.002779930012175469,0.026120915902976712,0.02135683211529373
adult,0.9881691752608753,0.004566113963471061,0.003943331470318514,0.00917431192660545,0.006472322132999271,0.0012533504236678114
adult,0.3177425537841961,0.2104532541322314,0.07724966883747282,0.0037878787878787845,0.02823422421756161,0.021538441045618292
adult,0.13561431635648258,0.08647941654950521,0.050901339522424746,0.0009514747859181855,0.009070996877288077,0.011078756917551759
adult,0.06610177317878281,0.06577578588562051,0.014330808403283081,0.002247191011235966,0.0121577446427842,0.011098957232481669
adult,0.00827798131648355,0.00450208974166777,0.0025835058241986107,0.004468427237305957,0.004485226909138934,0.0013064839635245212
adult,0.03146748508970405,0.023647373490212408,0.013415955502728191,0.0025510204081632647,0.007766912666754456,0.0058390106598236345
adult,0.6873205211055907,0.18751543305136406,0.021608460980721212,0.005556241511297633,0.0322781819985101,0.02620323653775191
adult,0.793195504977233,0.12219012421363601,0.035393083043784995,0.009127789046653123,0.03339649199251938,0.02686360464491175
adult,0.3401929430588937,0.21638888888888888,0.07543630695695806,0.011111111111111127,0.04903387591914721,0.02704383640808867
adult,0.21595504653544723,0.18630506912972278,0.021114881388537062,0.009261598046644753,0.041538929503922656,0.023896933182710724
adult,0.0013342032937940932,0.000989118713851583,0.0006957772053610016,0.0019801980198019802,0.0013995181022473367,0.00041388353083469763
adult,0.078567129061637,0.08647941654950521,0.02727770885096721,0.0009514747859181855,0.009070996877288077,0.01043519200660813
adult,0.05257017363885351,0.04199004747991234,0.018129507254055946,0.012162162162162163,0.022598446111349837,0.011486973423389241
adult,0.2240395482127035,0.18630506912972278,0.06819552073403763,0.009261598046644753,0.041538929503922656,0.022967901371231125
adult,0.12641729662085538,0.08647941654950521,0.07318444946028128,0.0009514747859181855,0.009070996877288077,0.009399898477930818
adult,0.04857426331516818,0.03885014280249672,0.01849063219681834,0.0055073941866394735,0.01462747588002058,0.009446720254556045
adult,0.024384898574878845,0.013481589151189646,0.004926085581199701,0.001789384168379279,0.004911592632917819,0.004135119988814559
adult,0.2031835247939418,0.15688309198453781,0.04472294114615746,0.00485908649173955,0.027609935042379238,0.02143351437821389
adult,0.3496456722847357,0.22817665289256198,0.0323717677828184,0.004545454545454575,0.03220507109225357,0.024734628275473184
adult,0.010873281617435317,0.0077232939526895574,0.00536447688478361,0.000915750915750916,0.0026594385704108627,0.0024530145550782805
adult,0.0026360998060772005,0.0019305689497908561,0.000692345876426812,0.0011251367888904303,0.001473822970678383,0.0009639011853997686
adult,0.03721040575206386,0.03231011943929634,0.006406753554181778,0.006855036855036856,0.014882441316767192,0.007511846590462582
adult,0.2740733041180959,0.18935961923801753,0.028286756475340992,0.002141327623126299,0.020136558379699472,0.017977255160251462
adult,0.2705140918267242,0.18935961923801753,0.027660348858886703,0.002141327623126299,0.020136558379699472,0.0180264302330486
adult,0.4333049379851841,0.24196541361642696,0.0638559214674864,0.036414565826330514,0.09386727588372142,0.022811594301415983
adult,0.2431619154266006,0.18935961923801753,0.0766838144047845,0.002141327623126299,0.020136558379699472,0.017274574873266172
adult,0.30314473711041784,0.2066635397835111,0.05514696652607093,0.01761404346787676,0.06033390898136837,0.023481743792496037
adult,0.0019775579703229036,0.0019305689497908561,0.0007700656574760298,0.0011251367888904303,0.001473822970678383,0.00104795469737153
adult,0.0027375409986211447,0.0019305689497908561,0.0011853505703714863,0.0011251367888904303,0.001473822970678383,0.0009538434493030991
adult,0.02796967645376173,0.018588026032339805,0.006383447161894765,0.009725016767270287,0.01344503123220475,0.004664441377470106
adult,0.014831350740346583,0.0077232939526895574,0.0035054611191086154,0.000915750915750916,0.0026594385704108627,0.0024030569542895512
adult,0.004271638504556169,0.0023827768809798313,0.0013641331344883994,0.0020334792269042067,0.002201210414708254,0.0010118002617476795
adult,0.010841897859748898,0.0077232939526895574,0.006001960811704712,0.000915750915750916,0.0026594385704108627,0.002454957830322646
adult,0.9521105564614666,0.024803900454728023,0.013514446751526058,0.008798114689709369,0.01477252723648975,0.012176465136384762
adult,0.9805213618820775,0.013098128279426757,0.005712475249775079,0.008849557522123908,0.010766273247551583,0.00673191884083079
adult,0.4840809258837613,0.24981404958677686,0.034106957319860604,0.00909090909090915,0.04765539648796618,0.035227374946580924
adult,0.5289019230723301,0.24565594602140503,0.06979672448757558,0.004367895017929335,0.03275666928659891,0.02058481076282446
adult,0.14400608960160238,0.08647941654950521,0.02251180539453463,0.0009514747859181855,0.009070996877288077,0.011969927920526067
adult,0.1136888792916817,0.08647941654950521,0.0299138177026178,0.0009514747859181855,0.009070996877288077,0.009405249536260624
adult,0.01246299096573213,0.0077232939526895574,0.004047892426368259,0.000915750915750916,0.0026594385704108627,0.0024127098363015895
adult,0.04404665162143785,0.03578476800198564,0.02013208290306078,0.0029036004645760782,0.010193363968548984,0.007884474797147607
adult,0.5928874920378047,0.2452273886777489,0.05525018546946555,0.0046889653016567445,0.033909625720816454,0.02619116640731787
adult,0.09528925795084975,0.08647941654950521,0.020223195016260836,0.0009514747859181855,0.009070996877288077,0.009858426738447446
adult,0.014602263428616596,0.0077232939526895574,0.003599014556107597,0.000915750915750916,0.0026594385704108627,0.0024030569542895512
adult,0.372664545053341,0.2342203557103699,0.029181030808454786,0.039905132235735385,0.0966777857986171,0.022372524391915713
adult,0.6038785162449105,0.2452273886777489,0.11596191683774941,0.0046889653016567445,0.033909625720816454,0.025993375311242455
adult,0.36050225941543423,0.22855867346938774,0.046622776334753264,0.007142857142857173,0.04040497436396633,0.025770410606757225
adult,0.004847669877943381,0.0028522299430797666,0.0016511991722090022,0.0011441647597254002,0.0018064941149933075,0.0013467019892698742
adult,0.0032325474815338043,0.002037939542003864,0.0017741115971085673,0.0013407352835388467,0.0016529783572943651,0.0009490238361563713
adult,0.012129863058278954,0.0077232939526895574,0.004823215437925706,0.000915750915750916,0.0026594385704108627,0.0024134538772576505
adult,0.3207006842297126,0.2104532541322314,0.057219648601756774,0.0037878787878787845,0.02823422421756161,0.021538441045618292
adult,0.0015475960326002984,0.0011325013754557001,0.0007639834670336602,0.0022675736961451248,0.00160250751319035,0.00046583389564309796
adult,0.6312568993855238,0.2288187414770663,0.03335045409462985,0.014479905437352225,0.05756104358749818,0.03746246605947079
adult,0.5558498948676868,0.24543864220395878,0.09629010054939238,0.002779930012175469,0.026120915902976712,0.020577423974344162
adult,0.019366244838711546,0.010689094178105167,0.005619953934145668,0.006959706959706959,0.008625135543533311,0.0028318783666319374
adult,0.017220203664349173,0.008202884213450131,0.005495751607042584,0.001890582535743826,0.0039380489632148494,0.002413754449200935
adult,0.001129762399345199,0.0008849550579339595,0.00039138898163232306,0.001771479185119575,0.0012520700718794842,0.0003298393468891027
adult,0.0013649814534752711,0.0010060351970338187,0.00038505869815652134,0.002014098690835851,0.0014234655504368912,0.0004256597302005024
adult,0.008733510376824662,0.004919118102591547,0.0019843491082175485,0.005310454675078074,0.005111042332554923,0.0014349792051518628
adult,0.07593669868950939,0.07792318239795919,0.024913978323794474,0.009642857142857134,0.027411714940519867,0.011770055053704398
adult,0.13595679442983663,0.08647941654950521,0.07643937698449187,0.0009514747859181855,0.009070996877288077,0.011077814133051055
adult,0.003964237037807028,0.0022630050349307386,0.0013206499735852694,0.0017928148495424633,0.002014236587695991,0.0009938278468959423
adult,0.2511425570740228,0.18935961923801753,0.03502678709144569,0.002141327623126299,0.020136558379699472,0.017266994161220243
adult,0.5625069921216549,0.24543864220395878,0.036452102417377744,0.002779930012175469,0.026120915902976712,0.020975471908890837
adult,0.13610058692056495,0.08647941654950521,0.03410972631351627,0.0009514747859181855,0.009070996877288077,0.011080996297995258
adult,0.06613202728639955,0.06577578588562051,0.017879340076305178,0.002247191011235966,0.0121577446427842,0.011098957232481669
adult,0.9973521321748137,0.0012209993962254352,0.0014485429806987231,0.0024449877750610804,0.0017278103475578995,0.00016408500231056332
adult,0.0024063044705295404,0.0019305689497908561,0.0006633832710916936,0.0011251367888904303,0.001473822970678383,0.0009974674300173598
adult,0.0014869338762241986,0.0010857750472589793,0.00034683000421276876,0.002173913043478261,0.0015363529989945411,0.000455696056042325
adult,0.18543117235004225,0.1562890462307372,0.022721952345069827,0.002915451895043719,0.021346034667075246,0.020176948161526497
adult,0.4659685182702917,0.2477854671280277,0.02875694299287747,0.0117647058823529,0.053991880340312916,0.034422884084444515
adult,0.02809514966114074,0.018588026032339805,0.008464107799080807,0.009725016767270287,0.01344503123220475,0.0046976853188153405
adult,0.041605247572292725,0.03578476800198564,0.010899361012555793,0.0029036004645760782,0.010193363968548984,0.007866571243921568
adult,0.07792893233873013,0.08025644588715307,0.02331720543247629,0.01528679653679653,0.03502661786475151,0.009818038300972803
adult,0.9116680553266105,0.052292729591836756,0.10735268072696265,0.06071428571428572,0.05634639052520277,0.017170966683863403
adult,0.6915393225147528,0.18751543305136406,0.022917352653148083,0.005556241511297633,0.0322781819985101,0.024829004068448658
adult,0.015061866141964145,0.0077232939526895574,0.0028125608980548162,0.000915750915750916,0.0026594385704108627,0.0024021519160871843
adult,0.0034494799121114242,0.002100550798720618,0.0024377263782507713,0.0014664792687848858,0.0017551108795040044,0.0009631663522407486
adult,0.001519174564609573,0.0011061933336521917,0.0015297094260120964,0.0022148394241417496,0.0015652605553375652,0.0004604011059732123
adult,0.5076121738269261,0.24565594602140503,0.02973988766289272,0.004367895017929335,0.03275666928659891,0.024604736627776288
adult,0.18648246330787996,0.1562890462307372,0.07176701677719755,0.002915451895043719,0.021346034667075246,0.019988331745711855
adult,0.7832195336368865,0.13417131558505763,0.03047341200849692,0.03361344537815125,0.06715623714691754,0.027962694664064484
adult,0.006768542902410815,0.0029735053437618844,0.002570003650796882,0.0013881410687844931,0.002031660622723693,0.0014190853182496853
adult,0.000611079234859068,0.000668896021390336,0.00025617232758799025,0.0013386880856760374,0.00094627857124176,0.00017265847159514934
adult,0.34856555671322115,0.22817665289256198,0.028007867133114074,0.004545454545454575,0.03220507109225357,0.024798150341110693
adult,0.0019332951003185159,0.0019305689497908561,0.0005156236580468248,0.0011251367888904303,0.001473822970678383,0.0010536279214645161
adult,0.3982444272184893,0.23860362348764247,0.03954255835843221,0.002178649237472796,0.02279985970065602,0.021275822153498488
adult,0.33340386019547624,0.2104532541322314,0.03745537649252337,0.0037878787878787845,0.02823422421756161,0.02355682906954904
adult,0.002199705014869064,0.0019305689497908561,0.0015150913519220532,0.0011251367888904303,0.001473822970678383,0.0010254924914891194
adult,0.5010904266180486,0.24566181831695452,0.05483347534757203,0.00445702157764416,0.033089575776095496,0.026111169677078275
adult,0.9860464464746564,0.005714096974501303,0.017350802368217434,0.011494252873563204,0.008104275141490471,0.002068402996614517
adult,0.6784540127860536,0.20048152397053495,0.08490518325382544,0.016483516483516425,0.05748600268768743,0.03476309952702226
adult,0.02252163861622673,0.013481589151189646,0.006821578611206151,0.001789384168379279,0.004911592632917819,0.00395293097385246
adult,0.0075319261560856466,0.003134278987689101,0.0010734298861447503,0.0017116704805491992,0.0023162151931616936,0.0012974791532144058
adult,0.6561485502331101,0.21981829933927033,0.08048465881918852,0.008474576271186418,0.04316094233856732,0.03344049319943704
adult,0.0036426878849283666,0.0021460892320636408,0.0007014102877139573,0.0015579453875171469,0.001828521211332744,0.0009759204411794167
bank,0.002823965885587997,0.0014355692820397395,0.0028660992338213186,0.0015964997805572273,0.001513897633181035,0.0005372832757288304
bank,0.01181110345590457,0.00605524755582537,0.005558596224761994,0.0013592891375997698,0.002868942702131045,0.0023871543789104137
bank,0.08100126705100714,0.07919279076373671,0.024177911517281443,0.002252252252252257,0.013355228989417132,0.012657151971877816
bank,0.00926359644783282,0.004430168797850158,0.0036187471313058666,0.00441563714748049,0.004422897004610908,0.0014085962967879998
bank,0.0008911677410092386,0.00047214342628415317,0.0005583066548010251,0.000944733112895607,0.0006678693950516266,0.00021682852430303961
bank,0.006350956081121443,0.002551522690833336,0.0024123409108522133,0.0011241168209602638,0.0016935789251840457,0.0008490491419340577
bank,0.007336894721537265,0.0033519173922660823,0.0031108453762307186,0.002242152466367713,0.002741443022958936,0.0013274745789577
bank,0.1960848895750103,0.17431494441372208,0.07658229358624692,0.004366812227074246,0.027589864635905865,0.026243602151685367
bank,0.045265088865033665,0.03543741008193222,0.01217605768766414,0.005205905205905199,0.013582481276605109,0.008554428084270553
bank,0.005428751631330005,0.0022761668923419074,0.0033521938043848012,0.0005707271289044089,0.0011397676058625143,0.0008700757453901335
bank,0.0005968456325189614,0.00040453067808349414,0.00023326895756846275,0.0008093889113719142,0.000572208567875859,0.00014608319951859663
bank,0.40860752752340274,0.24380811609782316,0.06890200844871747,0.0032786885245901787,0.028273147551199224,0.023186387292120046
bank,0.02981906248501643,0.02140654581732023,0.011365740099434819,0.0033670033670033656,0.00848975334405123,0.004774185835872643
bank,0.012648370386268124,0.00605524755582537,0.005070044215117527,0.0013592891375997698,0.002868942702131045,0.0022908467760867552
bank,0.0011540422519577677,0.0005583471177553758,0.0004268782208050137,0.0011173184357541898,0.000789842723723082,0.00026864895111757784
bank,0.0018281604251040742,0.0009581594508146859,0.0007046641077546566,0.0006393861892583121,0.0007827093457716211,0.0005605671532341245
bank,0.0237594695161706,0.01865375031323942,0.005509905157166435,0.00337720107414468,0.007937094279060747,0.004589154063361923
bank,0.008130951131374147,0.0035474263069788284,0.0037145392912007343,0.002635896314120092,0.003057882915871395,0.0011719970033873047
bank,0.0012292504875328926,0.0005889279462631029,0.0006392243135343756,0.0011785503830288745,0.0008331153921545252,0.0002785690589282042
bank,0.18323910894697135,0.1649452766361154,0.06203906761422964,0.03210175651120531,0.07276697814425152,0.028459009985244522
bank,0.01978664316684093,0.012878596190674933,0.006512069013837178,0.010431942010324642,0.01159089162383588,0.0029889236460827443
bank,0.06537725890022283,0.058021676844443905,0.06074904859612152,0.019163763066202086,0.03334536950988348,0.013958893106604966
bank,0.2429618383681964,0.2032571135488884,0.05402726803786893,0.005435772851503151,0.033239426885912776,0.028628229541931442
bank,0.021554709466538664,0.018219721105773946,0.0064729622658726204,0.002475247524752474,0.006715528241973774,0.004590849705457376
bank,0.02311707657609885,0.018584874876841156,0.007604887530487399,0.003234014990284074,0.007752661732866859,0.004349768513645193
bank,0.0016952376862523493,0.0009581594508146859,0.0006976098515227354,0.0006393861892583121,0.0007827093457716211,0.000572215422920551
bank,0.0017017320069856413,0.0009581594508146859,0.0007296379467021903,0.0006393861892583121,0.0007827093457716211,0.0005719141998705634
bank,0.01991403150849075,0.013044038663845575,0.006923066955942628,0.010771752990466938,0.011853571718475614,0.0030075842489307
bank,0.0027321089316431815,0.0013947482500144015,0.0014055314336107187,0.0015146256578068467,0.001453451576645404,0.0005099297241252579
bank,0.0011528399851517053,0.0005577243104272958,0.0009768947200754984,0.0011160714285714285,0.0007889614489235878,0.0002684460143346259
bank,0.0007308260183085995,0.00043196536209267705,0.0004199771141848206,0.000864304235090752,0.000611023315323737,0.00017742089873343922
bank,0.011131570237483256,0.006052230183420891,0.0034364065396124007,0.0013531799729364002,0.0028617750917579714,0.002195610628184589
bank,0.02665371837312803,0.01952068337893438,0.006265192057602897,0.005181305911941676,0.010056969334566667,0.004363845591294075
bank,0.1183512221823264,0.11039203049293496,0.04026275998966403,0.00403975403975404,0.021117685743008992,0.014072335046447048
bank,0.008513623485842026,0.0039918489002064295,0.0025279395603496012,0.003531519589059539,0.0037546361458395384,0.0012202247590895213
bank,0.0012858741269972393,0.0006127448676978574,0.0008897699911729718,0.001226241569589209,0.0008668178749446466,0.0002860821481410562
bank,0.18588847386983345,0.17431494441372208,0.08052574397328002,0.004366812227074246,0.027589864635905865,0.02737710907156129
bank,0.4076778542513867,0.24380811609782316,0.11370793524467626,0.0032786885245901787,0.028273147551199224,0.02303428157861283
bank,0.3120565058696668,0.234375,0.061230391062469434,0.004716981132075526,0.03324969853743341,0.024787539129093022
bank,0.08314720107207203,0.07919279076373671,0.018224637495833477,0.002252252252252257,0.013355228989417132,0.013116040728158813
bank,0.0009237853852576165,0.00048123184224867867,0.0008109732649099955,0.0009629272989889263,0.0006807284906950679,0.00022560300399227111
bank,0.004411274123104159,0.0022761668923419074,0.002649320295762407,0.0005707271289044089,0.0011397676058625143,0.0009144882878374494
bank,0.09397586500196116,0.10824177374653564,0.03125692735993318,0.0069841269841269815,0.02749498668544771,0.017301548676183047
bank,0.025734696094414686,0.019237236948758,0.00884842842401458,0.004591075545910754,0.009397851250489852,0.00464559037652253
bank,0.03660592755993166,0.024627588841104574,0.010570270451030855,0.0026595744680851068,0.008093139470706001,0.005536753082405525
bank,0.35451199012542267,0.24219037317468906,0.05678107525864419,0.0046511627906976605,0.03356287907756566,0.022718610588301248
bank,0.0023597584859126127,0.0011261763993292752,0.0007118628385772244,0.0009761226960405572,0.001048468570406638,0.0004955148376966461
bank,0.0034029610481237185,0.0022761668923419074,0.002891725173310955,0.0005707271289044089,0.0011397676058625143,0.0009544329514410313
bank,0.11129400864154243,0.10992094474460576,0.019648393708589843,0.002780019729172273,0.01748091516595339,0.014240095711787517
bank,0.02084572531586659,0.018219721105773946,0.006574364240565462,0.002475247524752474,0.006715528241973774,0.0046613337283809095
bank,0.015449581790312947,0.007684171565408567,0.0062699849866906235,0.00466284685888412,0.005985826195847321,0.0024955533087399374
bank,0.277863855315612,0.22633136094674555,0.058979280095660766,0.00591715976331364,0.03659561206169531,0.02891686266091319
bank,0.3038142054055425,0.234375,0.05187258973887317,0.004716981132075526,0.03324969853743341,0.02705534172968931
bank,0.0016991390528075137,0.0009581594508146859,0.0005362249004048834,0.0006393861892583121,0.0007827093457716211,0.0005719141998705634
bank,0.0021829293548286414,0.000968947470117097,0.0009046499953010485,0.0006610039277767985,0.0008002987464420978,0.0005203942563558498
bank,0.011791114964235414,0.00605524755582537,0.006169005562553342,0.0013592891375997698,0.002868942702131045,0.0023884867663270548
bank,0.0014224937392080957,0.0009581594508146859,0.0006204104927840541,0.0006393861892583121,0.0007827093457716211,0.0005965121264051626
bank,0.0010652870074576335,0.0005265927974763519,0.0004328748423220117,0.001053740779768177,0.0007449109376516341,0.00025647117008153634
bank,0.15615407139425205,0.11845375134166157,0.07828532407597298,0.011100386100386106,0.0362613068563665,0.01845969452915223
bank,0.11489936427393525,0.11039203049293496,0.02545456204063806,0.00403975403975404,0.021117685743008992,0.014072335046447048
bank,0.0050331664346010005,0.0022761668923419074,0.0023888113415202034,0.0005707271289044089,0.0011397676058625143,0.0008936575740909359
bank,0.026072370450326652,0.019237236948758,0.010548664884561304,0.004591075545910754,0.009397851250489852,0.004511445023812564
bank,0.017924669239080652,0.009054871190068786,0.01232260251967931,0.002610966057441254,0.004862300004295528,0.003230068381936105
bank,0.3683200233598929,0.24219037317468906,0.06709548318117677,0.0046511627906976605,0.03356287907756566,0.022840745023027416
bank,0.026357418454891812,0.019237236948758,0.004895446378892145,0.004591075545910754,0.009397851250489852,0.004391892257905932
bank,0.00048317546379628086,0.0003859513125922392,0.0002072036064536158,0.0007722007722007722,0.0005459229813953876,0.000126996948269623
bank,0.0010033344486654557,0.0005040321298866895,0.0007698339684099318,0.0010085728693898135,0.0007129888719359354,0.0002430741685980811
bank,0.1565100690479297,0.11845375134166157,0.03181486541714651,0.011100386100386106,0.0362613068563665,0.018452735785308448
bank,0.04467956485795373,0.03543741008193222,0.01218377648996046,0.005205905205905199,0.013582481276605109,0.008567001406956409
bank,0.0005924975436872363,0.0004042036525817282,0.0003098202803301816,0.0008087343307723412,0.0005717458967639557,0.00014570825667380914
bank,0.0023708208793653306,0.001130101382430907,0.0009170788518468711,0.0009839904341183113,0.0010545183497198576,0.0004950367161654388
bank,0.004652742906267378,0.0022761668923419074,0.0030137139318666896,0.0005707271289044089,0.0011397676058625143,0.0009101638631094796
bank,0.2658049115327895,0.22633136094674555,0.06347247641271567,0.00591715976331364,0.03659561206169531,0.02999421655178831
bank,0.0026950487506831127,0.0013810447448508224,0.0006507862847085239,0.001487142253059604,0.0014331119961236728,0.0005025334395304073
bank,0.0047238972192169115,0.0022761668923419074,0.0019146524848275416,0.0005707271289044089,0.0011397676058625143,0.0009084340279240081
bank,0.001024535019292741,0.0005104643895659722,0.00040284633753492037,0.0010214504596527069,0.0007220900811938222,0.0002473840899630539
bank,0.0028543846997645603,0.001448809660288435,0.000802987702711169,0.0016230572496557152,0.001533460473081187,0.0005514173565775814
bank,0.1884106367044548,0.17431494441372208,0.04675748996862251,0.004366812227074246,0.027589864635905865,0.026987050223183106
bank,0.029465101803416858,0.02140654581732023,0.013217046314515386,0.0033670033670033656,0.00848975334405123,0.004776345656072698
bank,0.021993137307035213,0.018219721105773946,0.008542936709674194,0.002475247524752474,0.006715528241973774,0.004489964080277589
bank,0.04636804137028084,0.036312196709831164,0.012706507714148354,0.0070963694816905815,0.016052562553835168,0.008342537929420971
bank,0.001136018645961587,0.0005518762114216423,0.00048547131751855633,0.0011043622308117063,0.0007806863928476772,0.000266606545520081
bank,0.23189495288343026,0.2032571135488884,0.055456533470943536,0.005435772851503151,0.033239426885912776,0.0285687313950572
bank,0.01335753949942479,0.0066804181481460514,0.007098827825142527,0.0026258653172576123,0.004188302558315844,0.002280119839515212
bank,0.022945041768272313,0.018584874876841156,0.006921624055584801,0.003234014990284074,0.007752661732866859,0.004373066529614443
bank,0.5958466402978273,0.23812078194952815,0.11911135921027172,0.0027247956403270157,0.02547215084219105,0.026819769074233727
bank,0.0008478288362693147,0.00046146736818232585,0.001581899912187472,0.0009233610341643582,0.0006527641123085253,0.00020493051886963433
bank,0.12232566487477245,0.11039203049293496,0.02636154591172862,0.00403975403975404,0.021117685743008992,0.014021289329613686
bank,0.29598950923356,0.234375,0.07086499269600317,0.004716981132075526,0.03324969853743341,0.027548933630006784
bank,0.0169777062736182,0.009054871190068786,0.004795773515780716,0.002610966057441254,0.004862300004295528,0.0032855372890119184
bank,0.0018247611908623188,0.0009581594508146859,0.0006792121734014913,0.0006393861892583121,0.0007827093457716211,0.0005609144416512809
bank,0.11191441527991065,0.10992094474460576,0.02416657304220108,0.002780019729172273,0.01748091516595339,0.0133897897717354
bank,0.1392873003698493,0.11563812545653762,0.05471012500101228,0.0033783783783783994,0.019765357137137073,0.015293864338928985
bank,0.5936570509420742,0.23812078194952815,0.08689688282206413,0.0027247956403270157,0.02547215084219105,0.027145157793888194
bank,0.003925218796856979,0.0022761668923419074,0.0013996204460090726,0.0005707271289044089,0.0011397676058625143,0.0009308375326581395
bank,0.0031770199315259537,0.0015798156227070737,0.0011979042817631476,0.0018858663359942133,0.0017260710008400596,0.0006019237184278916
bank,0.025912580061243685,0.019237236948758,0.008622595903063645,0.004591075545910754,0.009397851250489852,0.004569251254608123
bank,0.004334884714563169,0.0022761668923419074,0.0014775895215834753,0.0005707271289044089,0.0011397676058625143,0.0009155098379605662
bank,0.0006481740292289391,0.00041562752581463604,0.0007553840611951378,0.0008316008316008316,0.0005879083228732583,0.00015967992472957484
bank,0.003916582768078159,0.0022761668923419074,0.0009307873570234086,0.0005707271289044089,0.0011397676058625143,0.0009308375326581395
bank,0.513659349677631,0.23812078194952815,0.0725842633590646,0.0027247956403270157,0.02547215084219105,0.02649717474812007
bank,0.018041271956575854,0.009054871190068786,0.012378695034216023,0.002610966057441254,0.004862300004295528,0.0032156567878325122
bank,0.006704955805592484,0.0028451502888538153,0.0025386501752159064,0.0017145671551146318,0.002208665034955201,0.0009222786523202052
bank,0.2328409625879584,0.2032571135488884,0.04525717664462216,0.005435772851503151,0.033239426885912776,0.0285687313950572
bank,0.7916949773586756,0.17650267751728793,0.07302937710376883,0.04220779220779225,0.0863121563672734,0.03692961255624037
bank,0.05434021661241995,0.049764276996885785,0.010119977451309617,0.005045871559633028,0.01584626612121247,0.011175771894202926
bank,0.015904574298867102,0.009054871190068786,0.007502917033676919,0.002610966057441254,0.004862300004295528,0.0033058776309035764
bank,0.253460679068607,0.20436387823634447,0.08173177904651897,0.010585585585585588,0.046511410682466045,0.0305701067757585
bank,0.6357671671546816,0.2249495367734589,0.08211560268752487,0.007194244604316502,0.04022862154208062,0.027452901643603676
bank,0.056608021402805665,0.051090215979312605,0.014597887381703048,0.0034843205574912883,0.013342214577175292,0.01094642349205786
bank,0.03592294620503781,0.024627588841104574,0.012613415173554004,0.0026595744680851068,0.008093139470706001,0.005557139257655304
bank,0.009920044732369971,0.006052230183420891,0.0024407388984937777,0.0013531799729364002,0.0028617750917579714,0.0022373155389517094
bank,0.02354536204383046,0.01865375031323942,0.007011500517610326,0.00337720107414468,0.007937094279060747,0.004548233228324764
bank,0.05533507142941757,0.051090215979312605,0.017919807696984487,0.0034843205574912883,0.013342214577175292,0.010932975860344266
bank,0.012102832975776311,0.00605524755582537,0.003650166530327124,0.0013592891375997698,0.002868942702131045,0.0023639180980314974
bank,0.0004090943646944708,0.0003743915611104098,0.00024313607829087993,0.000749063670411985,0.0005295688028355112,0.00011641436252320746
bank,0.011261029635152232,0.006052230183420891,0.0029866880189960182,0.0013531799729364002,0.0028617750917579714,0.002197992248130522
bank,0.004545270386743082,0.0022761668923419074,0.0020531634512714813,0.0005707271289044089,0.0011397676058625143,0.0009121538478553536
bank,0.0007654669086355358,0.0004395603545567693,0.0004886705215533511,0.0008795074758135445,0.0006217689425372827,0.0001840344615830133
bank,0.017624070685640463,0.009054871190068786,0.0059415060019568896,0.002610966057441254,0.004862300004295528,0.003260630672076557
bank,0.004151780602282506,0.0022761668923419074,0.002137236113836222,0.0005707271289044089,0.0011397676058625143,0.0009247445247201973
bank,0.0015968143544930768,0.0009581594508146859,0.0008815696524399322,0.0006393861892583121,0.0007827093457716211,0.0005811815702470351
bank,0.011759505409830933,0.00605524755582537,0.004509365314989476,0.0013592891375997698,0.002868942702131045,0.002391718210441434
bank,0.0014097415505566304,0.0009581594508146859,0.0004704300510296685,0.0006393861892583121,0.0007827093457716211,0.0005977724601419349
bank,0.5179948407618254,0.23812078194952815,0.07800880416229575,0.0027247956403270157,0.02547215084219105,0.02649717474812007
bank,0.04845111741345952,0.03814197746528081,0.016775299175970926,0.004672897196261683,0.013350413460166204,0.010070820687186106
bank,0.007429978904539325,0.0033519173922660823,0.0022551201469615503,0.002242152466367713,0.002741443022958936,0.0013097888691059713
bank,0.09663743140002658,0.10992094474460576,0.024026486607156717,0.002780019729172273,0.01748091516595339,0.016728456557798553
bank,0.0027693832060813497,0.001408810210470666,0.0008549522293448023,0.0015428287589140826,0.0014742974287998826,0.0005180647300019819
bank,0.0023935661349512136,0.0011530849554534342,0.0008449010480986114,0.001030062892544693,0.001089839448985094,0.0004924244531792943
bank,0.002788049433062904,0.0014165817840443371,0.0017076070082636193,0.0015584160085438856,0.0014858074335748737,0.000523748185439352
bank,0.4348687177218181,0.24380811609782316,0.11893333075753577,0.0032786885245901787,0.028273147551199224,0.02410072603973736
bank,0.006734031261669862,0.002869422064197978,0.0029451761960720348,0.0017633905122086653,0.0022494247361334227,0.000925611248412933
bank,0.3268847841888544,0.234375,0.08212139716261617,0.004716981132075526,0.03324969853743341,0.024895590472348253
bank,0.0031081610982491127,0.0015530620048665646,0.00236872664330136,0.0018321906767822219,0.0016868626872929597,0.0005937528564522526
bank,0.042504642403816524,0.031449275969798074,0.014969200253531509,0.009456264775413711,0.017245076995057645,0.006973903229058966
bank,0.13122654236243922,0.11563812545653762,0.02624427565017042,0.0033783783783783994,0.019765357137137073,0.01518580617417355
bank,0.22622449569465758,0.20221453752359833,0.0666861906328327,0.010170697012802266,0.04535044423968142,0.028606973359868056
bank,0.008160636685587613,0.0036586123476037287,0.0029581272556846545,0.0028598883499588172,0.0032346905307814814,0.0011667628466476051
bank,0.005853509746629226,0.0022761668923419074,0.002188377911442293,0.0005707271289044089,0.0011397676058625143,0.000828667071838736
bank,0.09953584524808545,0.10992094474460576,0.025218402501925585,0.002780019729172273,0.01748091516595339,0.015352646330165897
bank,0.08900294776927585,0.07919279076373671,0.019589206048901332,0.002252252252252257,0.013355228989417132,0.013091642248908297
bank,0.47123514407051026,0.24566631617220744,0.09247535010778475,0.040752351097178674,0.10005738338273844,0.05527903381895047
bank,0.02548711423536982,0.018901980194898804,0.009063524068182349,0.0038934264779263046,0.008578663659105515,0.004358881738113951
bank,0.16723060725944439,0.13729591836734695,0.044346515561101245,0.004761904761904745,0.02556931926085547,0.021920991767658327
bank,0.0012672644619198827,0.0006049604558858878,0.000578785202882652,0.0012106537530266344,0.0008558023407019602,0.00028377665305108344
bank,0.07209298494520014,0.07919279076373671,0.016205461636850355,0.002252252252252257,0.013355228989417132,0.012888229590743507
bank,0.08333362526559294,0.07919279076373671,0.042384364671915156,0.002252252252252257,0.013355228989417132,0.013116040728158813
bank,0.006673615677882119,0.002795201008683887,0.0025901071305851476,0.0016141003192171616,0.002124084471105797,0.000914851297126166
bank,0.14491715215193346,0.11563812545653762,0.060799217647892465,0.0033783783783783994,0.019765357137137073,0.01536762060633018
bank,0.586871261904744,0.23812078194952815,0.0649202373369704,0.0027247956403270157,0.02547215084219105,0.02766522099127949
bank,0.5400735047580029,0.23812078194952815,0.08978429347938457,0.0027247956403270157,0.02547215084219105,0.026116080491718662
bank,0.08520394308528151,0.07919279076373671,0.02082091149745676,0.002252252252252257,0.013355228989417132,0.013179717308602469
bank,0.0004913748111051395,0.0003868471374210431,0.00016121258865738078,0.0007739938080495357,0.0005471903590393157,0.00012788464354086647
bank,0.5002321892448096,0.23812078194952815,0.0949006406027127,0.0027247956403270157,0.02547215084219105,0.02649717474812007
bank,0.002804620485078349,0.001423854628919531,0.0008695756852605381,0.0015730031912726612,0.0014965720414329452,0.0005290274300312012
bank,0.0004494634410095619,0.00038051744866673265,0.00028691205227028804,0.0007613247049866769,0.0005382353893497558,0.00012181232154024307
bank,0.014305720318150953,0.007026905538716287,0.005136611330952907,0.0033285388495131393,0.004836251448950542,0.002425487904062727
bank,0.0017196896704592894,0.0009581594508146859,0.0016490161262941146,0.0006393861892583121,0.0007827093457716211,0.0005697742962427963
bank,0.16776453450041687,0.13729591836734695,0.06833956226834094,0.004761904761904745,0.02556931926085547,0.021936585228831625
bank,0.0005666232573530222,0.0003999999359487693,0.0002155081167110126,0.0008003201280512205,0.0005657985506865487,0.00014124711608068938
bank,0.0018637008656246013,0.0009581594508146859,0.000563943711592467,0.0006393861892583121,0.0007827093457716211,0.0005578301606362782
bank,0.013282151151882525,0.006630063443224115,0.005182043136032884,0.0025237880447623335,0.0040905836813375195,0.002283959133443054
bank,0.05403414335647998,0.049764276996885785,0.014220588405775962,0.005045871559633028,0.01584626612121247,0.011521530312503225
bank,0.0164491883176139,0.009054871190068786,0.005562423383694787,0.002610966057441254,0.004862300004295528,0.0032890133233966275
bank,0.0008453229668897687,0.0004612545143209305,0.000355636558110747,0.0009229349330872173,0.0006524629524432517,0.00020466556735947636
bank,0.8615359564372623,0.1665015179625569,0.058571530932455644,0.006493506493506551,0.03288128172788526,0.038287351025216465
bank,0.0025047620388074904,0.0013159607610329711,0.0007571703032508726,0.0013566217947736238,0.0013361366133312167,0.000483238699912711
bank,0.02804502697582388,0.02140654581732023,0.010739137793555125,0.0033670033670033656,0.00848975334405123,0.004698024603600926
bank,0.000487013162996165,0.00038624945951950385,0.00038291708146597576,0.0007727975270479134,0.0005463447877853926,0.00012732988727299794
bank,0.017212195696921253,0.009054871190068786,0.006121238342113399,0.002610966057441254,0.004862300004295528,0.003279765033013857
bank,0.40868184473839914,0.24380811609782316,0.07009096769837099,0.0032786885245901787,0.028273147551199224,0.023186387292120046
bank,0.3030565259228929,0.234375,0.049049127755514926,0.004716981132075526,0.03324969853743341,0.027398103138623803
bank,0.040304322718635335,0.02694793348292559,0.014191229158467742,0.0075598927793600265,0.014273173710014303,0.005493850785428979
bank,0.17666323838396103,0.13729591836734695,0.03797655937745839,0.004761904761904745,0.02556931926085547,0.025547066983964146
bank,0.002173119211673291,0.000962265995952627,0.004622594535397195,0.0006476150977429749,0.0007894162317963836,0.0005216832327216106
bank,0.08564181582279602,0.07919279076373671,0.02438583959618428,0.002252252252252257,0.013355228989417132,0.013179717308602469
bank,0.002822508638585756,0.0014349465282448913,0.000929166270081885,0.0015952506822500675,0.001512977008475353,0.0005368745796104356
bank,0.08953154621046909,0.07919279076373671,0.02068917415515457,0.002252252252252257,0.013355228989417132,0.013327569783957126
bank,0.12749722482256975,0.11563812545653762,0.025937382165414573,0.0033783783783783994,0.019765357137137073,0.015419048354340418
bank,0.0025008154050005834,0.001306124953719473,0.0006928586463781408,0.0013368983957219248,0.0013214220957892058,0.0004832349748595343
bank,0.032857435858427826,0.02249094459462062,0.013451009683599528,0.0056377730796335415,0.011260499188361129,0.0044671100830222755
bank,0.0019926554939407506,0.0009581594508146859,0.0010854385150753652,0.0006393861892583121,0.0007827093457716211,0.0005421709504279343
bank,0.006473682023909842,0.0026357567550048993,0.0020584213035429607,0.0012934657001785902,0.001846418413202398,0.0008717281743362647
bank,0.16525954091019915,0.13729591836734695,0.05178405520260815,0.004761904761904745,0.02556931926085547,0.02173131364048855
bank,0.17793861806977943,0.13729591836734695,0.04020696443661959,0.004761904761904745,0.02556931926085547,0.02518423485734658
bank,0.0016881607845503116,0.0009581594508146859,0.0009145957772306513,0.0006393861892583121,0.0007827093457716211,0.0005730337015120606
bank,0.0021795319064010672,0.0009672641110452792,0.0013316873844787702,0.0006576306719608837,0.0007975603722041071,0.0005207623231314993
bank,0.0034840825541046718,0.0022761668923419074,0.0011299266669651518,0.0005707271289044089,0.0011397676058625143,0.0009475955128217957
bank,0.008324502242827303,0.0038867186979677283,0.0031028788077622667,0.0033195827950338445,0.003591975016465178,0.0011685228598937575
bank,0.00208084089513412,0.0009581594508146859,0.0008681404288258329,0.0006393861892583121,0.0007827093457716211,0.0005309218269428185
bank,0.35565429836552676,0.24219037317468906,0.06934841278118173,0.0046511627906976605,0.03356287907756566,0.022718610588301248
bank,0.00738874556264454,0.0033519173922660823,0.0034222939546573964,0.002242152466367713,0.002741443022958936,0.0013185158867812744
bank,0.00948171094494377,0.006052230183420891,0.0052195727093718525,0.0013531799729364002,0.0028617750917579714,0.002277316105108292
bank,0.2763312268328007,0.22633136094674555,0.062372845956733175,0.00591715976331364,0.03659561206169531,0.02900617878627308
bank,0.003400770609672086,0.0022761668923419074,0.0014047754112137233,0.0005707271289044089,0.0011397676058625143,0.0009546928236373436
bank,0.0834106632216442,0.07919279076373671,0.019582105034719494,0.002252252252252257,0.013355228989417132,0.013116040728158813
bank,0.009110529175925874,0.004348751545571296,0.005197661675380608,0.004251354027138781,0.004299777017042922,0.0013937053936084103
bank,0.023213907781921936,0.018584874876841156,0.005248569829056651,0.003234014990284074,0.007752661732866859,0.004326476444365645
bank,0.0036945217875441693,0.0022761668923419074,0.0022343359656347996,0.0005707271289044089,0.0011397676058625143,0.0009399493754731009
bank,0.003656406221949616,0.0022761668923419074,0.0013060965161397064,0.0005707271289044089,0.0011397676058625143,0.0009412407284321924
bank,0.00138327159300642,0.0009581594508146859,0.0008465276102255861,0.0006393861892583121,0.0007827093457716211,0.0005992462306490106
bank,0.0010890053189241348,0.0005347592052012489,0.0005024053940364272,0.001070090957731407,0.0007564661195648424,0.0002607472929299982
bank,0.00576422052667238,0.0022761668923419074,0.002591776055334413,0.0005707271289044089,0.0011397676058625143,0.0008370511632248222
bank,0.09848852674047046,0.10992094474460576,0.031974906663149234,0.002780019729172273,0.01748091516595339,0.015227509314119824
bank,0.003654741399447574,0.0022761668923419074,0.0012879990501507299,0.0005707271289044089,0.0011397676058625143,0.0009412846962419608
bank,0.024572697363520565,0.01865375031323942,0.007003680391842157,0.00337720107414468,0.007937094279060747,0.004477828507029855
bank,0.047566064211586837,0.03814197746528081,0.013022402896878345,0.004672897196261683,0.013350413460166204,0.010212335490881836
bank,0.07299844357632648,0.07919279076373671,0.01421888993825647,0.002252252252252257,0.013355228989417132,0.012928474363278637
bank,0.003653823669871099,0.0022761668923419074,0.001361772662494896,0.0005707271289044089,0.0011397676058625143,0.0009412846962419608
bank,0.019682335187843767,0.01269948685246126,0.004663547758745946,0.010064193550271319,0.011305312630453703,0.0028870077857703785
bank,0.7421478241462002,0.21065842497097192,0.07220155755552916,0.008264462809917328,0.04172503707330117,0.029035238290333106
bank,0.0028609994083296907,0.0014493202707580866,0.0013364496756615974,0.0016240814431545442,0.0015342145081200112,0.0005519519291280258
bank,0.007063164158291629,0.0033519173922660823,0.0027570493647773985,0.002242152466367713,0.002741443022958936,0.0013779250749600181
bank,0.48138953663228445,0.23812078194952815,0.08608949476040112,0.0027247956403270157,0.02547215084219105,0.028386759542643417
bank,0.11936210503753193,0.11039203049293496,0.028611096943666117,0.00403975403975404,0.021117685743008992,0.014072335046447048
bank,0.0007254211550183859,0.00043010744724657175,0.0006300234861614637,0.0008605851979345956,0.0006083946931243193,0.00017594082317036127
bank,0.021679858027257692,0.018219721105773946,0.012789751127985022,0.002475247524752474,0.006715528241973774,0.004560435047176811
bank,0.005869851588009406,0.0022761668923419074,0.0023605242594734377,0.0005707271289044089,0.0011397676058625143,0.0008270480929981522
bank,0.0017440266463462255,0.0009581594508146859,0.0011801954286304128,0.0006393861892583121,0.0007827093457716211,0.0005683000482568694
bank,0.29322578100115504,0.234375,0.048371933395311865,0.004716981132075526,0.03324969853743341,0.02852059355475308
bank,0.005448390651968985,0.0022761668923419074,0.002220124430760629,0.0005707271289044089,0.0011397676058625143,0.0008670152004441086
bank,0.04361999998422344,0.03240233490481259,0.020853856482612194,0.011497146693521317,0.019301150162962737,0.007051789081614249
bank,0.0019668095797556466,0.0009581594508146859,0.0013555383382047187,0.0006393861892583121,0.0007827093457716211,0.0005465382254387019
bank,0.03604366274523666,0.024627588841104574,0.04005030586849883,0.0026595744680851068,0.008093139470706001,0.005556714279620814
bank,0.095454773799765,0.10992094474460576,0.025183394509514994,0.002780019729172273,0.01748091516595339,0.017093587871856962
bank,0.2346745830478167,0.2032571135488884,0.1363598021554068,0.005435772851503151,0.033239426885912776,0.0285687313950572
bank,0.2060698028120069,0.17431494441372208,0.04122344183771107,0.004366812227074246,0.027589864635905865,0.026461049378622856
bank,0.004874424255492211,0.0022761668923419074,0.001405000422855948,0.0005707271289044089,0.0011397676058625143,0.000901987191082639
bank,0.0015901028774009335,0.0009581594508146859,0.00047653807701392295,0.0006393861892583121,0.0007827093457716211,0.0005819402725676857
bank,0.004327058120373224,0.0022761668923419074,0.0025468259972151836,0.0005707271289044089,0.0011397676058625143,0.0009155842066424193
bank,0.0712696714025843,0.07919279076373671,0.02229483793057556,0.002252252252252257,0.013355228989417132,0.012888162631212216
bank,0.4316962376104087,0.24380811609782316,0.0851449187117047,0.0032786885245901787,0.028273147551199224,0.02410025793560721
bank,0.051524748845130475,0.04292184238252249,0.012494656606406468,0.015116822429906543,0.025472374637262016,0.011069965206536428
bank,0.003176452326450772,0.0015798156227070737,0.000983021828499126,0.0018858663359942133,0.0017260710008400596,0.0006019237184278916
bank,0.204064665149003,0.17431494441372208,0.06622908485515684,0.004366812227074246,0.027589864635905865,0.026907863306855365
bank,0.0017391276391665333,0.0009581594508146859,0.0006629785816870572,0.0006393861892583121,0.0007827093457716211,0.0005686191336872859
bank,0.13236492859440321,0.11563812545653762,0.03441990944998817,0.0033783783783783994,0.019765357137137073,0.015177603970669055
bank,0.0015209264476978466,0.0009581594508146859,0.0016213133082190483,0.0006393861892583121,0.0007827093457716211,0.000588586831055745
bank,0.3947740242725718,0.2431702606268174,0.05821525299994468,0.01118611378977824,0.05215486751648029,0.024126683274855197
bank,0.020941355672029364,0.018219721105773946,0.0067814568103256485,0.002475247524752474,0.006715528241973774,0.0046433214730358325
bank,0.1095804483866286,0.10992094474460576,0.0289346309033936,0.002780019729172273,0.01748091516595339,0.014649882177515087
bank,0.0017540870790472402,0.0009581594508146859,0.0005844660302062637,0.0006393861892583121,0.0007827093457716211,0.0005665842046292395
bank,0.0019710417212315916,0.0009581594508146859,0.0006131393353076024,0.0006393861892583121,0.0007827093457716211,0.000545764362135506
bank,0.04974052153427158,0.03814197746528081,0.010499569270866474,0.004672897196261683,0.013350413460166204,0.009849975547030711
bank,0.03160093905622522,0.02140654581732023,0.007156558897006288,0.0033670033670033656,0.00848975334405123,0.004720592745277619
bank,0.062017673820339805,0.051090215979312605,0.012147437233381896,0.0034843205574912883,0.013342214577175292,0.010854305865312743
bank,0.0005859312136393638,0.00040306321540062437,0.0002961002645247579,0.0008064516129032258,0.0005701324233560076,0.00014450962325676333
bank,0.006335841777316977,0.002532390352877875,0.0017754257396686685,0.0010856561145813153,0.0016581028529945299,0.0008447138009764685
bank,0.000530992505657038,0.00039323627418147737,0.0006561650891094307,0.0007867820613690008,0.0005562294907729798,0.00013430534432795225
bank,0.002916896551915888,0.0014765236640852416,0.0015125169397125385,0.0016786481176494302,0.0015743454733258297,0.0005706094981538895
bank,0.0020268529451226763,0.0009581594508146859,0.0013966445037241536,0.0006393861892583121,0.0007827093457716211,0.0005377139340813302
bank,0.5893641110690171,0.23812078194952815,0.10042217568427907,0.0027247956403270157,0.02547215084219105,0.027724508747393954
bank,0.08739780103320761,0.07919279076373671,0.03259059569339445,0.002252252252252257,0.013355228989417132,0.013066398117057358
bank,0.658346297305697,0.2249495367734589,0.0783198971760684,0.007194244604316502,0.04022862154208062,0.029685655924223488
bank,0.07972128888475304,0.07919279076373671,0.015662300169683775,0.002252252252252257,0.013355228989417132,0.01274466182198244
bank,0.014549759147073914,0.007026905538716287,0.004305385860234361,0.0033285388495131393,0.004836251448950542,0.0023592761414063
bank,0.044333162466279975,0.03543741008193222,0.0197483292854602,0.005205905205905199,0.013582481276605109,0.008633790738831616
bank,0.005024117491372269,0.0022761668923419074,0.0019391186053314107,0.0005707271289044089,0.0011397676058625143,0.0008940191629168337
bank,0.33182431652482025,0.234375,0.11138008513837384,0.004716981132075526,0.03324969853743341,0.024907710820544018
bank,0.03125295720580371,0.02140654581732023,0.011656916750143733,0.0033670033670033656,0.00848975334405123,0.004702055826808498
bank,0.014982365757087415,0.007199225677910721,0.006561950000459361,0.003678189199163488,0.005145883221647344,0.002445568166223138
bank,0.018741019841495465,0.009054871190068786,0.004451866569273552,0.002610966057441254,0.004862300004295528,0.002893050941929165
bank,0.1692535232656994,0.13729591836734695,0.05344942901218524,0.004761904761904745,0.02556931926085547,0.022037079011566752
bank,0.022125990269081842,0.018219721105773946,0.005801034655895358,0.002475247524752474,0.006715528241973774,0.004426049174615336
bank,0.36152795802764953,0.24219037317468906,0.060694737276775726,0.0046511627906976605,0.03356287907756566,0.022889378420618597
bank,0.04572202888976318,0.03543741008193222,0.02355016322145331,0.005205905205905199,0.013582481276605109,0.008346268542371424
bank,0.001627111178772798,0.0009581594508146859,0.0008978648090886943,0.0006393861892583121,0.0007827093457716211,0.0005788207503688228
bank,0.015393732841800203,0.007586191159263417,0.0035713883548133926,0.0044638233181309404,0.005819228212788945,0.002487528838367508
bank,0.05821642088977123,0.051090215979312605,0.022621937100403874,0.0034843205574912883,0.013342214577175292,0.010877261437921809
bank,0.24958472603636567,0.2032571135488884,0.056169783344746545,0.005435772851503151,0.033239426885912776,0.02981515160611781
bank,0.06774028870139544,0.07919279076373671,0.018372449410203575,0.002252252252252257,0.013355228989417132,0.014312541649979712
bank,0.07837521438313072,0.07919279076373671,0.0194940815603146,0.002252252252252257,0.013355228989417132,0.012745643692270615
bank,0.3958289837659501,0.2431702606268174,0.08266230123056122,0.01118611378977824,0.05215486751648029,0.02385431929996012
bank,0.00270343577650223,0.0013855736012068015,0.0007800314899579636,0.001496225129481677,0.0014398368105004262,0.0005049571415752652
bank,0.0010190926627902592,0.0005089057204839866,0.0008626568786503692,0.0010183299389002036,0.0007198846652391078,0.0002464112242141109
bank,0.010709840914539906,0.006052230183420891,0.0033960287736474006,0.0013531799729364002,0.0028617750917579714,0.002189954809482997
bank,0.11670515076872116,0.11039203049293496,0.038578621116542915,0.00403975403975404,0.021117685743008992,0.014072335046447048
bank,0.23658118273200915,0.2032571135488884,0.05596849284144503,0.005435772851503151,0.033239426885912776,0.0285687313950572
bank,0.0032773522052239787,0.0022761668923419074,0.0012833934637639527,0.0005707271289044089,0.0011397676058625143,0.0009620803760750314
bank,0.0011209836290118327,0.0005470457879721228,0.0003797738548242015,0.0010946907498631637,0.0007738513835644983,0.0002649613015117862
bank,0.004868600814304107,0.0022761668923419074,0.0026968676062697,0.0005707271289044089,0.0011397676058625143,0.0009025350672360061
bank,0.0040379368346394025,0.0022761668923419074,0.0017677709873463647,0.0005707271289044089,0.0011397676058625143,0.0009271404834151254
bank,0.2678235353873175,0.22633136094674555,0.0900269731011203,0.00591715976331364,0.03659561206169531,0.02971301026113969
bank,0.025783780103394424,0.019237236948758,0.011328466049449912,0.004591075545910754,0.009397851250489852,0.004636507615095336
bank,0.005594410116894054,0.0022761668923419074,0.0017729710323003021,0.0005707271289044089,0.0011397676058625143,0.0008552264836542649
bank,0.002040190848568581,0.0009581594508146859,0.0013778928469340053,0.0006393861892583121,0.0007827093457716211,0.0005360435756895605
bank,0.13408932560860023,0.11563812545653762,0.044158848670877236,0.0033783783783783994,0.019765357137137073,0.015263261315912198
bank,0.06324085605468815,0.051090215979312605,0.013224870361494563,0.0034843205574912883,0.013342214577175292,0.010854305865312743
bank,0.00252533319055339,0.001325994670485262,0.0006046839332408695,0.0013767428429997523,0.0013511305164366613,0.00048392945043942135
bank,0.02486817517995759,0.01865375031323942,0.008799499761255537,0.00337720107414468,0.007937094279060747,0.004435825959749117
bank,0.0008397288809009876,0.00045955872638393444,0.0005146797910012392,0.0009195402298850574,0.0006500636406574108,0.00020294458307475318
bank,0.0052021530140202825,0.0022761668923419074,0.002225957326661076,0.0005707271289044089,0.0011397676058625143,0.0008841777946061146
bank,0.0037337521385807314,0.0022761668923419074,0.0011142007527018322,0.0005707271289044089,0.0011397676058625143,0.0009380046395979152
bank,0.03395220012178321,0.024627588841104574,0.017161233645046278,0.0026595744680851068,0.008093139470706001,0.00523645349409964
bank,0.002394333872062593,0.0011544775911294892,0.0013023153307046209,0.0010328546134172733,0.0010919741325164042,0.0004921954072673028
bank,0.003080430899745531,0.001542197118356191,0.0013377397662132945,0.0018103933305849019,0.001670922911902073,0.0005905713533456587
bank,0.03436954146783963,0.024627588841104574,0.00979672825579694,0.0026595744680851068,0.008093139470706001,0.005207092215550906
bank,0.0019959264956674765,0.0009581594508146859,0.0027458610863357945,0.0006393861892583121,0.0007827093457716211,0.0005419016221003711
bank,0.04260668864376032,0.031449275969798074,0.016543215402326093,0.009456264775413711,0.017245076995057645,0.007183689728121159
bank,0.26534889520778154,0.22633136094674555,0.0698301920357225,0.00591715976331364,0.03659561206169531,0.030003475421317226
bank,0.03298358818419328,0.022717928183595942,0.00975919862328328,0.006113769271664005,0.011785252277517802,0.004471013732036219
bank,0.5305054119370879,0.23812078194952815,0.09396050193197918,0.0027247956403270157,0.02547215084219105,0.026053347101389415
bank,0.20717058523155962,0.17431494441372208,0.0541099050290545,0.004366812227074246,0.027589864635905865,0.027077299860464005
bank,0.1652396691997661,0.13729591836734695,0.0800136063566591,0.004761904761904745,0.02556931926085547,0.02173131364048855
bank,0.03618511670594095,0.024627588841104574,0.01455705273723922,0.0026595744680851068,0.008093139470706001,0.005552955716400892
bank,0.04159133416787098,0.028935683740449553,0.052439150415850073,0.011778115501519755,0.018460981155140752,0.005935606899224835
bank,0.007967556208050832,0.0033519173922660823,0.002884227104046895,0.002242152466367713,0.002741443022958936,0.001197508226524719
bank,0.004048735797922064,0.0022761668923419074,0.0011218936801182275,0.0005707271289044089,0.0011397676058625143,0.0009268193239725593
bank,0.013003914881404392,0.00625101782235264,0.004085933909493937,0.0017557388896164046,0.003312877161983188,0.002269225842066791
bank,0.2681160839275853,0.22633136094674555,0.03998304336372394,0.00591715976331364,0.03659561206169531,0.029628806107428723
bank,0.009583641928345111,0.006052230183420891,0.0038921226163837045,0.0013531799729364002,0.0028617750917579714,0.0022615863707065504
bank,0.0018276191781979938,0.0009581594508146859,0.0006426153470304542,0.0006393861892583121,0.0007827093457716211,0.0005605671532341245
bank,0.23542929660097844,0.2032571135488884,0.04812844912732086,0.005435772851503151,0.033239426885912776,0.0285687313950572
bank,0.007972064915263359,0.0033519173922660823,0.0021817103194404293,0.002242152466367713,0.002741443022958936,0.0011966082369922848
bank,0.058225141337110785,0.051090215979312605,0.01831503433342296,0.0034843205574912883,0.013342214577175292,0.010877261437921809
bank,0.11372289566704491,0.11039203049293496,0.045465699013091034,0.00403975403975404,0.021117685743008992,0.014072595498637805
bank,0.004122804510319443,0.0022761668923419074,0.005919308431576628,0.0005707271289044089,0.0011397676058625143,0.0009254022600553439
bank,0.0029122934242800406,0.0014743846692886681,0.0016073606215286707,0.0016743574479466854,0.0015711928437215758,0.0005698318387438654
bank,0.031654738977147545,0.02140654581732023,0.013578919766376903,0.0033670033670033656,0.00848975334405123,0.004720592745277619
bank,0.25030582054039424,0.2032571135488884,0.051336166446514085,0.005435772851503151,0.033239426885912776,0.030255864212808768
bank,0.6299658174413783,0.2249495367734589,0.07588369003281185,0.007194244604316502,0.04022862154208062,0.027452901643603676
bank,0.04763984946246242,0.03814197746528081,0.016747550468835467,0.004672897196261683,0.013350413460166204,0.010210214407334139
bank,0.3772180305516221,0.24219037317468906,0.05849935092541684,0.0046511627906976605,0.03356287907756566,0.02313175237819207
bank,0.4161745017103724,0.24380811609782316,0.1345631031001695,0.0032786885245901787,0.028273147551199224,0.02325040615345307
bank,0.0026346783562924566,0.001357885817848919,0.0011719969608814122,0.0014406970140698212,0.001398678677617806,0.0004919832019953156
bank,0.10067440281166543,0.10992094474460576,0.023540405205285046,0.002780019729172273,0.01748091516595339,0.015352646330165897
bank,0.001965729825577258,0.0009581594508146859,0.0007396584298362188,0.0006393861892583121,0.0007827093457716211,0.0005466216434697568
bank,0.0012038046532916865,0.0005807198968479401,0.0008453434320224118,0.0011621150493898896,0.0008215006583120524,0.0002760199342629184
bank,0.1097727823002097,0.10992094474460576,0.02644363082753078,0.002780019729172273,0.01748091516595339,0.014649882177515087
bank,0.0024676874939347187,0.001252699334292243,0.0017628022882397489,0.001229772689246361,0.0012411830764031944,0.00048457900553643737
bank,0.0007089432308433048,0.0004264391547950471,0.00016703486244487118,0.0008532423208191126,0.0006032047199131211,0.00017264488852042592
bank,0.001897803080574091,0.0009581594508146859,0.0007420838172594004,0.0006393861892583121,0.0007827093457716211,0.0005546037779757387
bank,0.004488925931105825,0.0022761668923419074,0.0029433225137299613,0.0005707271289044089,0.0011397676058625143,0.0009131820292313782
bank,0.020098181753692365,0.013259618058468493,0.006070405792147101,0.01121472087529529,0.012194380486057872,0.003030049244521973
bank,0.0035174485383759166,0.0022761668923419074,0.0014766104675662673,0.0005707271289044089,0.0011397676058625143,0.000946163786690844
bank,0.327925632071048,0.234375,0.08111200860141683,0.004716981132075526,0.03324969853743341,0.024895590472348253
bank,0.04314628836746556,0.031449275969798074,0.018252405305814123,0.009456264775413711,0.017245076995057645,0.00704479126723154
bank,0.5122060756734389,0.23812078194952815,0.08509456537491387,0.0027247956403270157,0.02547215084219105,0.02649717474812007
bank,0.8516277652980141,0.1665015179625569,0.05379204939026435,0.006493506493506551,0.03288128172788526,0.037821655999766744
bank,0.010633655583441643,0.006052230183420891,0.0026070303977843204,0.0013531799729364002,0.0028617750917579714,0.0021913508988193626
bank,0.14749993747829301,0.11563812545653762,0.04058007692661299,0.0033783783783783994,0.019765357137137073,0.015538902479319449
bank,0.006876606477389157,0.003021340239581963,0.002657768702585081,0.0020690326663745685,0.002500250317853604,0.0009470661004902088
bank,0.03292988692758006,0.02265223852529989,0.008040725280304913,0.005975990269183985,0.011634842371189507,0.0044681980270916
bank,0.002594923284666624,0.0013451002822687705,0.0013696264113828337,0.001415056543150522,0.001379635080598503,0.0004872266529998054
bank,0.24213916933244956,0.2032571135488884,0.04178030072895002,0.005435772851503151,0.033239426885912776,0.0285687313950572
bank,0.08852119707606775,0.07919279076373671,0.017292583723767133,0.002252252252252257,0.013355228989417132,0.013088112380821996
bank,0.0016475746808102523,0.0009581594508146859,0.0006518804437905487,0.0006393861892583121,0.0007827093457716211,0.0005771198005379494
bank,0.007371167950050917,0.0033519173922660823,0.004291051572000111,0.002242152466367713,0.002741443022958936,0.0013221461437601964
bank,0.03633789116026017,0.024627588841104574,0.010276380038106528,0.0026595744680851068,0.008093139470706001,0.005549139173800157
bank,0.05096299204960248,0.0417826338544851,0.01967628414775303,0.012616822429906548,0.022960053832598918,0.009712287015999858
bank,0.019294786416474044,0.011966441500555095,0.013689281999856407,0.008560544450627061,0.010121227908773237,0.0027238715700759046
bank,0.19947550105298664,0.17431494441372208,0.036581966422812924,0.004366812227074246,0.027589864635905865,0.02634192574257331
bank,0.0013219784767777734,0.0006305167729801272,0.000511955773285414,0.0012618296529968455,0.0008919667935849432,0.0002919030083647925
bank,0.00732074222414591,0.0033519173922660823,0.003347110214142805,0.002242152466367713,0.002741443022958936,0.001335167145985939
bank,0.14732301650939214,0.11563812545653762,0.05052922115840768,0.0033783783783783994,0.019765357137137073,0.015538902479319449
bank,0.0025188750064597852,0.0013224598949415495,0.0009518659530283782,0.0013696544938155203,0.001345850340118653,0.000483451565271911
bank,0.004967593605934402,0.0022761668923419074,0.0018272193434918545,0.0005707271289044089,0.0011397676058625143,0.0008971052681149331
bank,0.004185665703806851,0.0022761668923419074,0.0011789787069985426,0.0005707271289044089,0.0011397676058625143,0.0009240865366145597
bank,0.006360521244992112,0.002561268785861471,0.003842444516179235,0.0011437094413997754,0.0017115336083034724,0.0008518715799936709
bank,0.0025144216295177957,0.0013204511491449564,0.0010247508457688049,0.0013656263420700086,0.0013428487899569952,0.0004834607015969316
bank,0.004654346459482383,0.0022761668923419074,0.0028740505535849873,0.0005707271289044089,0.0011397676058625143,0.0009100666850096292
bank,0.08587610041816146,0.07919279076373671,0.025590805687776143,0.002252252252252257,0.013355228989417132,0.013179717308602469
bank,0.09240317161102304,0.08867595072550027,0.020642887201622162,0.02552552552552552,0.047576257143075056,0.013664401229260529
bank,0.11470608546787645,0.11039203049293496,0.03921672781606289,0.00403975403975404,0.021117685743008992,0.014072335046447048
bank,0.07758018755458901,0.07919279076373671,0.03188678914950211,0.002252252252252257,0.013355228989417132,0.012745643692270615
bank,0.5140965705818903,0.23812078194952815,0.09989404288394532,0.0027247956403270157,0.02547215084219105,0.02649717474812007
bank,0.008410942544555133,0.0039367123727227305,0.003150630956489193,0.0034203616899176775,0.0036694659262467267,0.001191518140518418
bank,0.001415085477991824,0.0009581594508146859,0.0009632466561509432,0.0006393861892583121,0.0007827093457716211,0.0005972175841781049
bank,0.005023118505950065,0.0022761668923419074,0.0034983366973622533,0.0005707271289044089,0.0011397676058625143,0.0008941938315000649
bank,0.0006788321195311103,0.0004219408530867165,0.00039060570266147965,0.0008442380751371887,0.000596840459110869,0.00016756236396957036
bank,0.08298291135531724,0.07919279076373671,0.013370246442865134,0.002252252252252257,0.013355228989417132,0.013116040728158813
bank,0.44069450041962027,0.24380811609782316,0.08290351562370755,0.0032786885245901787,0.028273147551199224,0.02410072603973736
bank,0.0007333580189893248,0.0004321520367688112,0.00037075441425181655,0.0008646779074794639,0.0006112874273745895,0.00017754580649347168
bank,0.3754669099234838,0.24219037317468906,0.061114946706494665,0.0046511627906976605,0.03356287907756566,0.023079566093325704
bank,0.005230514221605776,0.0022761668923419074,0.002043264924424513,0.0005707271289044089,0.0011397676058625143,0.0008823666569831658
bank,0.06378092486659566,0.051090215979312605,0.01176945519284219,0.0034843205574912883,0.013342214577175292,0.010665742418845941
bank,0.0033564345258604153,0.0022761668923419074,0.0020862000097428626,0.0005707271289044089,0.0011397676058625143,0.000957364596410955
bank,0.08032576433980244,0.07919279076373671,0.015957950136798665,0.002252252252252257,0.013355228989417132,0.012687439927855395
bank,0.0016491184772996887,0.0009581594508146859,0.0015529436244067552,0.0006393861892583121,0.0007827093457716211,0.000577017407887239
bank,0.0029216503794014096,0.001479208576564959,0.000979334180914641,0.0016840338850911303,0.0015783020515898751,0.0005716125865954016
bank,0.6250752403364734,0.2249495367734589,0.07811639468055724,0.007194244604316502,0.04022862154208062,0.027377436718901818
bank,0.00292857092325228,0.001485159474742244,0.0029834495420607444,0.001695971120410067,0.0015870688637756808,0.0005733594574780026
bank,0.0027917917124201936,0.0014171841934151963,0.0008206267765924247,0.001559624256041303,0.0014866993116728984,0.0005242328279215488
bank,0.6536418295524296,0.2249495367734589,0.07120044765411648,0.007194244604316502,0.04022862154208062,0.02968916317901845
bank,0.007249619000981868,0.0033519173922660823,0.002751193546247966,0.002242152466367713,0.002741443022958936,0.0013451504572126374
bank,0.22369722529388836,0.20158840510275466,0.0717021768973272,0.00922266139657446,0.04311822818412405,0.029991708245044643
bank,0.003536146008997186,0.0022761668923419074,0.0011530037261835596,0.0005707271289044089,0.0011397676058625143,0.000945474738096916
bank,0.2158104759016468,0.20100688965614213,0.05674091004917073,0.011857707509881465,0.04882090643375594,0.030098533650182283
bank,0.6007628964620618,0.23812078194952815,0.09303568185913709,0.0027247956403270157,0.02547215084219105,0.027387331357224633
bank,0.019417901265069096,0.012527383951341195,0.00465044007511365,0.009710961476799047,0.011029639294036091,0.0027830974656487826
bank,0.02172798910096858,0.018219721105773946,0.024891909603519294,0.002475247524752474,0.006715528241973774,0.004545951271826781
bank,0.2527275276501337,0.2032571135488884,0.09946565518167187,0.005435772851503151,0.033239426885912776,0.030194307751080063
bank,0.045664180796524706,0.03543741008193222,0.01747900361640479,0.005205905205905199,0.013582481276605109,0.008381781156632365
bank,0.9005097294466825,0.1665015179625569,0.06938455491160182,0.006493506493506551,0.03288128172788526,0.04400194584155161
bank,0.05609241709329456,0.051090215979312605,0.01734171775635717,0.0034843205574912883,0.013342214577175292,0.010988288427842427
bank,0.006402047053626118,0.0025861771916654793,0.0026115247231687385,0.001193784679444938,0.0017570824424995501,0.0008586508674862396
bank,0.0032948782494339112,0.0022761668923419074,0.0020781230985955574,0.0005707271289044089,0.0011397676058625143,0.0009612215063169833
bank,0.018927296632863327,0.009771436232213186,0.007116698901516248,0.004071863732438145,0.006307769558867929,0.0027724100376156674
bank,0.0017108892244071762,0.0009581594508146859,0.0008825505236276828,0.0006393861892583121,0.0007827093457716211,0.0005705400242606882
bank,0.0477630755403226,0.03814197746528081,0.021568805476221642,0.004672897196261683,0.013350413460166204,0.010186402529172972
bank,0.22153176212322934,0.20158840510275466,0.034794128764097085,0.00922266139657446,0.04311822818412405,0.030081206504397613
bank,0.653109739747275,0.2249495367734589,0.0615350990503549,0.007194244604316502,0.04022862154208062,0.02936855593856582
bank,0.00035860959522127073,0.00036913985368588944,0.0002996658934021531,0.0007385524372230429,0.0005221390031551667,0.00011170460419205828
bank,0.14606750567534316,0.11563812545653762,0.02475874764079075,0.0033783783783783994,0.019765357137137073,0.01549233041178695
bank,0.0041990820659026104,0.0022761668923419074,0.0018604477915424983,0.0005707271289044089,0.0011397676058625143,0.0009237964075400566
bank,0.001995680190742546,0.0009581594508146859,0.0016357925559629459,0.0006393861892583121,0.0007827093457716211,0.0005419016221003711
bank,0.01834046291524382,0.009054871190068786,0.005796074927441851,0.002610966057441254,0.004862300004295528,0.0031489114062207605
bank,0.0012228575191247746,0.0005854798927466729,0.0005079857265730147,0.0011716461628588166,0.0008282362403128897,0.0002773903959913851
bank,0.0020400326992359406,0.0009581594508146859,0.0006078225446635506,0.0006393861892583121,0.0007827093457716211,0.0005360435756895605
bank,0.26876637069000103,0.22633136094674555,0.04995407520860662,0.00591715976331364,0.03659561206169531,0.029102033711373827
bank,0.00040268750278812037,0.0003738317234187883,0.00017156258365403355,0.0007479431563201197,0.0005287767762926417,0.00011594522592770386
bank,0.0068531831686456605,0.0029890159640798245,0.003128614586710306,0.002003992015968064,0.0024474403215639508,0.0009431854301462693
bank,0.10218053187891736,0.10992094474460576,0.020996806566468785,0.002780019729172273,0.01748091516595339,0.015311702930215804
bank,0.10624133346182886,0.10992094474460576,0.024669914533831546,0.002780019729172273,0.01748091516595339,0.01477014973059128
bank,0.03697549750786234,0.024627588841104574,0.01477120788911796,0.0026595744680851068,0.008093139470706001,0.005477269338147301
bank,0.30568980311459965,0.234375,0.0707192296548229,0.004716981132075526,0.03324969853743341,0.02560226975079023
bank,0.17530550935645461,0.13729591836734695,0.05413595382779489,0.004761904761904745,0.02556931926085547,0.02562364423728989
bank,0.023613916963205837,0.01865375031323942,0.0096536570049361,0.00337720107414468,0.007937094279060747,0.004544931580474117
bank,0.10736776176850107,0.10992094474460576,0.035272649731353876,0.002780019729172273,0.01748091516595339,0.014810526860631322
bank,0.38163365701054514,0.24219037317468906,0.06220162859745059,0.0046511627906976605,0.03356287907756566,0.023038762481977726
bank,0.04707880279764987,0.03814197746528081,0.040061068072254735,0.004672897196261683,0.013350413460166204,0.009934931014542249
bank,0.0048565353692696595,0.0022761668923419074,0.0015297240445829607,0.0005707271289044089,0.0011397676058625143,0.0009030258770871448
bank,0.002275952534015669,0.0010432401490193173,0.0007512898752716664,0.0008098891730605285,0.000919189263205787,0.0005073651914069363
bank,0.0283659613463703,0.02140654581732023,0.007926342905265029,0.0033670033670033656,0.00848975334405123,0.00471822525442934
bank,0.09528998628297707,0.10992094474460576,0.055850653627404705,0.002780019729172273,0.01748091516595339,0.017203337756553295
bank,0.0026388303869163956,0.0013627629721783595,0.001118518126202804,0.001450477969571364,0.0014059365806793364,0.0004939177564011435
bank,0.024283699522746182,0.01865375031323942,0.0055550341587258635,0.00337720107414468,0.007937094279060747,0.004543667757502261
bank,0.005686051984663823,0.0022761668923419074,0.0023984333099110037,0.0005707271289044089,0.0011397676058625143,0.0008456648117619211
bank,0.019859008544006143,0.013002109055017537,0.007360715451875939,0.010685620346194758,0.011787094682818938,0.003001596922298742
bank,0.008018607838139104,0.0033519173922660823,0.0031300178565100904,0.002242152466367713,0.002741443022958936,0.0011867209231337453
bank,0.0007323123956780238,0.0004321520367688112,0.0002739853563815692,0.0008646779074794639,0.0006112874273745895,0.00017754580649347168
bank,0.0005596294498226837,0.0003982476468627482,0.00017458774480884223,0.0007968127490039841,0.0005633194495852902,0.00013951817950507353
bank,0.14744810487042273,0.11563812545653762,0.035835972272428726,0.0033783783783783994,0.019765357137137073,0.015538902479319449
bank,0.002257494102373136,0.0010238612683824491,0.0011574615372709441,0.0007710510462847062,0.0008885095960295948,0.0005105315711365793
bank,0.06587399882983859,0.058021676844443905,0.018072168129452774,0.019163763066202086,0.03334536950988348,0.012708969439281353
bank,0.01125473456845449,0.006052230183420891,0.004036322952068707,0.0013531799729364002,0.0028617750917579714,0.002197524226719759
bank,0.06131023872969861,0.051090215979312605,0.021553409656941032,0.0034843205574912883,0.013342214577175292,0.010859226125769093
bank,0.0010677470959559014,0.0005268702434746315,0.0006039319869957507,0.0010542962572482868,0.0007453035125039983,0.0002566360579401363
bank,0.0007949203959652808,0.0004494381113813985,0.0004861526141795453,0.0008992805755395684,0.0006357444167843558,0.00019282895540118634
bank,0.003708002057830774,0.0022761668923419074,0.001487861597660115,0.0005707271289044089,0.0011397676058625143,0.0009391584895650798
bank,0.0004772554507100709,0.0003846153276758264,0.0007356792915284894,0.0007695267410542517,0.0005440328847283883,0.00012575574791219788
bank,0.002427064457141777,0.0012079102273382452,0.021264497972717865,0.00113997324134667,0.0011734501851866455,0.0004871245328726931
bank,0.02494830584442561,0.01865375031323942,0.007771913688942772,0.00337720107414468,0.007937094279060747,0.004458804370645878
bank,0.0013738132166846505,0.0009581594508146859,0.0005307730101225836,0.0006393861892583121,0.0007827093457716211,0.0005996955236126965
bank,0.13023977604036088,0.11563812545653762,0.029187288674196194,0.0033783783783783994,0.019765357137137073,0.015186758053106332
bank,0.033122713052228296,0.024627588841104574,0.028051078696026473,0.0026595744680851068,0.008093139470706001,0.005156095938235699
bank,0.019121941683205742,0.010649862476821374,0.007168228519903968,0.005865731964662542,0.0079037483986746,0.002722347277141158
bank,0.0338844605871821,0.024627588841104574,0.009860747692724083,0.0026595744680851068,0.008093139470706001,0.005242948124163873
bank,0.005262143243883282,0.0022761668923419074,0.0028424049992124252,0.0005707271289044089,0.0011397676058625143,0.0008802911008040188
bank,0.04515217541088418,0.03543741008193222,0.019330789977439766,0.005205905205905199,0.013582481276605109,0.008563049594072492
bank,0.16517137444756688,0.13729591836734695,0.04361748185638408,0.004761904761904745,0.02556931926085547,0.02173131364048855
bank,0.032554446619211024,0.022001349818867026,0.011285378124644663,0.004611875579617515,0.01007310716453742,0.004414929501211092
bank,0.002953725911068397,0.0014944774132338663,0.0009315878268020407,0.0017146627749601434,0.001600788801963219,0.0005762312592001031
bank,0.001924155499916576,0.0009581594508146859,0.0006694443283492195,0.0006393861892583121,0.0007827093457716211,0.0005526036911150653
bank,0.0008176304179922445,0.0004537204146782057,0.00025735427979899544,0.0009078529278256923,0.0006418032462366455,0.00019673544222578018
bank,0.05953691776761087,0.051090215979312605,0.016692712725728157,0.0034843205574912883,0.013342214577175292,0.010857233132238513
bank,0.01622709820325865,0.009054871190068786,0.006272601631170545,0.002610966057441254,0.004862300004295528,0.003295878943671545
bank,0.001204849857725468,0.0005807198968479401,0.00040942855813994456,0.0011621150493898896,0.0008215006583120524,0.0002760199342629184
bank,0.0038741951508901927,0.0022761668923419074,0.0014613658746589135,0.0005707271289044089,0.0011397676058625143,0.0009321883918719481
bank,0.0007868426163546631,0.00044583138700710865,0.00030849923737969603,0.0008920606601248885,0.0006306414523308438,0.00018963229241838228
bank,0.00342017002694997,0.0022761668923419074,0.0019608340707597434,0.0005707271289044089,0.0011397676058625143,0.0009498388742449277
bank,0.007229515739383752,0.0033519173922660823,0.003292479533643749,0.002242152466367713,0.002741443022958936,0.0013474048078683358
bank,0.0018404830550372649,0.0009581594508146859,0.0008862826679489175,0.0006393861892583121,0.0007827093457716211,0.0005600006056050759
bank,0.0271405007648105,0.02140654581732023,0.012016677868459459,0.0033670033670033656,0.00848975334405123,0.004765357166937598
bank,0.0008484472490950716,0.00046168041858455695,0.0006131638639869861,0.0009237875288683603,0.0006530655503172235,0.00020518223647511509
bank,0.004251639037743876,0.0022761668923419074,0.00203108487458686,0.0005707271289044089,0.0011397676058625143,0.0009232635414055889
bank,0.011241433683296553,0.006052230183420891,0.005450377740583414,0.0013531799729364002,0.0028617750917579714,0.002197533334999246
bank,0.678638123939721,0.21928472738867041,0.0624771327671314,0.010309278350515538,0.04754647508140558,0.030180638520546834
bank,0.008909170234231515,0.0042011699606101065,0.0024318316202557085,0.003953634398564134,0.004075523287932784,0.001364251702580985
bank,0.00621108339130368,0.0024560707372552524,0.0028539661868502296,0.0009322497026444916,0.0015131659573490433,0.00082931561538068
bank,0.7390924439477802,0.21065842497097192,0.056688751769470844,0.008264462809917328,0.04172503707330117,0.029035238290333106
bank,0.0019771196771548264,0.0009581594508146859,0.0006622559053769315,0.0006393861892583121,0.0007827093457716211,0.0005452196684805969
bank,0.0026773123138740073,0.0013721015051383703,0.0008211149217278171,0.0014692063252382615,0.0014198240067762739,0.0004979776500601716
bank,0.0033555802903251766,0.0022761668923419074,0.0009455567030046829,0.0005707271289044089,0.0011397676058625143,0.0009574643241994702
bank,0.002624167159539972,0.0013530540556783892,0.0011094957052978328,0.0014310071854828888,0.0013914848457753824,0.0004897596660096865
bank,0.010351331405929734,0.006052230183420891,0.002655748841337638,0.0013531799729364002,0.0028617750917579714,0.002203382202621946
bank,0.002376043279211342,0.0011367286022516013,0.000838518993492514,0.0009972750218709843,0.0010647211098084978,0.000494223239847792
bank,0.006183468000347031,0.0024454825492977064,0.0037733616238495612,0.0009109687601541105,0.0014925676553886075,0.0008276837957295473
bank,0.0014899073727906754,0.0009581594508146859,0.00044378607058778534,0.0006393861892583121,0.0007827093457716211,0.0005914752901905957
bank,0.14712544355127732,0.11563812545653762,0.0329260903339035,0.0033783783783783994,0.019765357137137073,0.015546827319075656
bank,0.3378147879850761,0.24219037317468906,0.0438518503245251,0.0046511627906976605,0.03356287907756566,0.024772492002047484
bank,0.05464501126962588,0.049820897740784784,0.02907352154444768,0.005172413793103445,0.016052859516585555,0.01062235636588664
bank,0.24460905614159603,0.2032571135488884,0.06428387913396175,0.005435772851503151,0.033239426885912776,0.03019690661324894
bank,0.04242380679356218,0.031449275969798074,0.02188776627174329,0.009456264775413711,0.017245076995057645,0.0069802855894684586
bank,0.015268132637694266,0.00749198793506314,0.007200972456893509,0.004272510132467473,0.005657702215995582,0.002480888321829274
bank,0.012053013789805936,0.00605524755582537,0.0031004163281420647,0.0013592891375997698,0.002868942702131045,0.002366220854702228
bank,0.010625227821424442,0.006052230183420891,0.0036197644816374397,0.0013531799729364002,0.0028617750917579714,0.002191612671841442
bank,0.09613978556966528,0.10992094474460576,0.019174426003566614,0.002780019729172273,0.01748091516595339,0.01673684608634152
bank,0.0013057450713727181,0.0006230527173338474,0.00196601207680846,0.0012468827930174563,0.0008814043977575465,0.0002895445565209045
bank,0.0013841067865812532,0.0009581594508146859,0.0010551007489544228,0.0006393861892583121,0.0007827093457716211,0.0005991799210843384
bank,0.6838820135605065,0.21928472738867041,0.09350922458504025,0.010309278350515538,0.04754647508140558,0.030180638520546834
bank,0.5410717763183955,0.23812078194952815,0.08485501714330936,0.0027247956403270157,0.02547215084219105,0.026116080491718662
bank,0.6824493554970966,0.21928472738867041,0.08045441396028036,0.010309278350515538,0.04754647508140558,0.030180638520546834
bank,0.0074208779212757234,0.0033519173922660823,0.0024521730139068962,0.002242152466367713,0.002741443022958936,0.0013105439665469637
bank,0.0017839110646554854,0.0009581594508146859,0.0004903014934548348,0.0006393861892583121,0.0007827093457716211,0.0005641153618179696
bank,0.0030877566004840363,0.0015445949640631575,0.0009493553983776057,0.0018152038941977506,0.0016744416364047085,0.0005912116650827954
bank,0.0004109350448573699,0.0003743915611104098,0.00032833994804050306,0.000749063670411985,0.0005295688028355112,0.00011641436252320746
bank,0.001012377601263195,0.0005058167647396286,0.0016343974983837725,0.0010121457489878543,0.0007155140027965942,0.0002447606657924796
bank,0.0052741092971564825,0.0022761668923419074,0.002614651981731533,0.0005707271289044089,0.0011397676058625143,0.0008796296771858146
spambase,0.0029679015419223254,0.0015698548316917843,0.003312992169754516,0.0031446540880503146,0.0022218574243468253,0.00012728640777865974
spambase,0.03913108425732112,0.02700617283950617,0.0431844022059706,0.018518518518518517,0.022363235719428144,0.015952951410164496
spambase,0.036086745602135935,0.02700617283950617,0.025979647292103232,0.018518518518518517,0.022363235719428144,0.017015674351838688
spambase,0.0035911841225678472,0.0016474419719199644,0.0046734721744514434,0.0033003300330033004,0.0023317594682037077,0.00014076691778757092
spambase,0.001978329311009359,0.0013106137323385758,0.0007455682768991802,0.0026246719160104987,0.0018547051129510481,9.17155731218058e-05
spambase,0.023020046234051638,0.006369165023011177,0.006543494900569569,0.01282051282051282,0.009036368841159409,0.0014195033229733136
spambase,0.10638017341783962,0.12168634439741591,0.08411652633286305,0.014925373134328346,0.04261706343102276,0.037480912512320184
spambase,0.02332140239665698,0.007518365472910927,0.006601079871203192,0.015151515151515152,0.010673079610751448,0.0017950179871413507
spambase,0.9381805240600662,0.023442666282199074,0.055275024114293504,0.0186274509803922,0.02089682073956123,0.010949925651792097
spambase,0.2702083149889784,0.19530437044745055,0.12767312103247708,0.016129032258064502,0.056125488782619165,0.053903291999173215
spambase,0.9580922196017109,0.02157223183390996,0.03856468631560069,0.014705882352941235,0.017811196013739605,0.01290481835346324
spambase,0.8139057986998356,0.10760056959772159,0.1281914761599132,0.018867924528301883,0.04505773436794293,0.048518543593045006
spambase,0.9778919732168043,0.009188381950088286,0.041686937962565083,0.009620221327967804,0.009401822589570265,0.0032415703604339796
spambase,0.231410232939697,0.19530437044745055,0.12601527126454468,0.016129032258064502,0.056125488782619165,0.05463508791995186
spambase,0.004310942953034545,0.0017636629249959419,0.007475402612058253,0.0035335689045936395,0.0024964023053086464,0.00016000193586583
spambase,0.9815813646574972,0.007981356679113588,0.007976180024973158,0.007163621262458508,0.007561442746577093,0.0033165170808777244
spambase,0.32812280847005015,0.19530437044745055,0.15918281386798142,0.016129032258064502,0.056125488782619165,0.054490804866225886
spambase,0.9922867966360339,0.006651586415816358,0.005482860288013748,0.004464285714285698,0.005449273549149995,0.0038950005582980137
spambase,0.22634765025147316,0.19530437044745055,0.1005605176179634,0.016129032258064502,0.056125488782619165,0.05463508791995186
spambase,0.9962577433428339,0.00421933352484917,0.0026340810060414815,0.008474576271186418,0.005979721044489294,0.0019362073845654016
spambase,0.8882899897300498,0.08196028871107268,0.23401805712036583,0.05514705882352944,0.0672299699742829,0.03398324207562225
spambase,0.0025754979983267853,0.0014992469947424903,0.001320938094666947,0.003003003003003003,0.002121849011464983,0.00011737407047953458
spambase,0.9780798547805615,0.009092377547083561,0.01998757931713237,0.009424603174603141,0.009257000069943505,0.0032442639795388258
spambase,0.0672027927819713,0.11828326171780153,0.07621375870595175,0.009438103599648806,0.033412118732534524,0.033465173717295744
spambase,0.0007239396423267384,0.0011834302913231959,0.0008230501460085839,0.002369668246445498,0.001674615532959826,7.61813275672878e-05
spambase,0.011911781076011395,0.003039485425342058,0.01910350050956941,0.006097560975609756,0.004305049095596977,0.00041296924602032175
spambase,0.14999415156519236,0.12168634439741591,0.07440414588844108,0.014925373134328346,0.04261706343102276,0.03760214388080195
spambase,0.9967234780999755,0.004048516094917124,0.00699350147559667,0.008130081300813052,0.005737139095344158,0.0018662143111005008
spambase,0.003433267495031475,0.0016313170148233587,0.003513167982469799,0.0032679738562091504,0.002308917788842186,0.00013828822349175947
spambase,0.9017060603210629,0.08196028871107268,0.04807378569942348,0.05514705882352944,0.0672299699742829,0.03680513179858986
spambase,0.10489014973416906,0.12168634439741591,0.05189995549541268,0.014925373134328346,0.04261706343102276,0.037480912512320184
spambase,0.29665263893627186,0.19530437044745055,0.109600695926541,0.016129032258064502,0.056125488782619165,0.05419302872851851
spambase,0.017558904509220995,0.004524793388429752,0.008431772784261313,0.00909090909090909,0.006413617181385351,0.0008161894178874952
spambase,0.9291475403980808,0.02917539463524832,0.038971135478934694,0.03074866310160429,0.029951700794706198,0.010768127982868435
spambase,0.0013207464849745551,0.0012422341031162595,0.00038484586330217327,0.0024875621890547263,0.001757877864035587,8.297513304467621e-05
spambase,0.013548253960895745,0.0033897912906659263,0.007091710814943634,0.006802721088435374,0.004802062546282343,0.0004961554787942569
spambase,0.9928820039832519,0.006651586415816358,0.004763206961492407,0.004464285714285698,0.005449273549149995,0.003925510712793652
spambase,0.007374226737541384,0.0022074947137598875,0.006150813138269723,0.004424778761061947,0.0031253280987124012,0.0002352718967635677
spambase,0.05804092245034557,0.11828326171780153,0.026736001321490906,0.009438103599648806,0.033412118732534524,0.033873294710522285
spambase,0.006898210599656175,0.00215981709488203,0.005462405938667535,0.004329004329004329,0.003057753677718639,0.00022577906523848061
spambase,0.9653900201789253,0.013410934008159086,0.020497952133552627,0.01826298701298701,0.015650038773850856,0.00535263584747528
spambase,0.9963352567277839,0.00421933352484917,0.0030525629282703295,0.008474576271186418,0.005979721044489294,0.0019362073845654016
spambase,0.1876231403122143,0.19530437044745055,0.15278946673123953,0.016129032258064502,0.056125488782619165,0.05768455812752309
spambase,0.04127330788177394,0.027678346766665855,0.04950513800182467,0.019943019943019946,0.023494463636300335,0.01501989023180552
spambase,0.36876303448505765,0.19530437044745055,0.18444845421535064,0.016129032258064502,0.056125488782619165,0.05470732879275723
spambase,0.9876086204894042,0.006651586415816358,0.007725860230638166,0.004464285714285698,0.005449273549149995,0.0036391771130852195
spambase,0.023764684135764227,0.009344962620149519,0.017573711520891135,0.018867924528301886,0.013278555999685483,0.002363759706535393
spambase,0.9955516644555858,0.006651586415816358,0.0031216783280915866,0.004464285714285698,0.005449273549149995,0.004041857643387534
spambase,0.9474889983424376,0.02157223183390996,0.02148357049201221,0.014705882352941235,0.017811196013739605,0.011502536386733988
spambase,0.9857351568611971,0.006691264943972173,0.0076011117198568285,0.00454472329472333,0.005514521526119553,0.003506745284403033
spambase,0.9959929337088651,0.004366728224068958,0.0010404796949085328,0.00877192982456143,0.006189073722655488,0.001989911116492705
spambase,0.0019384058686088234,0.0013003879123263888,0.0007275086466887339,0.0026041666666666665,0.0018402246751461186,9.105829041898904e-05
spambase,0.36772353757437715,0.19530437044745055,0.15462350637519723,0.016129032258064502,0.056125488782619165,0.05470732879275723
spambase,0.9948421843752779,0.006651586415816358,0.002813753704693209,0.004464285714285698,0.005449273549149995,0.0040099688021241016
spambase,0.04370541035683378,0.03430946464059217,0.046856988584703156,0.0341130604288499,0.034211121591757404,0.013968602097294945
spambase,0.5503864330587401,0.24940511600237952,0.0982626197140375,0.02439024390243899,0.07799392033879389,0.08527683639382135
spambase,0.012319108311027166,0.0031745709765102033,0.010789243258659898,0.006369426751592357,0.004496687369899398,0.0004432139839894095
spambase,0.973365310077238,0.011036152742346953,0.022967636381004884,0.013392857142857206,0.01215753334706529,0.0036949833937367465
spambase,0.03322987572070166,0.017538265306122448,0.02748977368723476,0.03571428571428571,0.02502731743666911,0.008707754535247086
spambase,0.10558236633305876,0.12168634439741591,0.099951223427092,0.014925373134328346,0.04261706343102276,0.037480912512320184
spambase,0.024232977382180484,0.009614478273164294,0.007128907847877628,0.019417475728155338,0.013663414599141919,0.0025439770738738933
spambase,0.10818641500176583,0.12168634439741591,0.08712074188348455,0.014925373134328346,0.04261706343102276,0.037480912512320184
spambase,0.0028214964671480582,0.0015455913504394752,0.005401888779350433,0.0030959752321981426,0.0021874900091338233,0.00012425573330088218
spambase,0.005474722734697531,0.0019569396386005383,0.0034399671790566006,0.00392156862745098,0.0027702478395535534,0.00019097147787940964
spambase,0.9862326266370839,0.006651586415816358,0.007705505516538048,0.004464285714285698,0.005449273549149995,0.0035438344030881814
spambase,0.8905807565279877,0.08196028871107268,0.0738032380351157,0.05514705882352944,0.0672299699742829,0.03441713966548264
spambase,0.7955623207577004,0.10760056959772159,0.098828536766209,0.018867924528301883,0.04505773436794293,0.047487075675827106
spambase,0.05621326901390037,0.11828326171780153,0.02725672619829684,0.009438103599648806,0.033412118732534524,0.03417642568196423
spambase,0.991996818399088,0.006651586415816358,0.007329097124746796,0.004464285714285698,0.005449273549149995,0.0038798180683560224
spambase,0.6429591987192009,0.24940511600237952,0.13844001487365504,0.02439024390243899,0.07799392033879389,0.09996970440023693
spambase,0.0023093190069211665,0.0014684256055363322,0.0009539136235912513,0.0029411764705882353,0.0020781960542289417,0.0001120565377588706
spambase,0.8620965143054264,0.10760056959772159,0.11264930660262566,0.018867924528301883,0.04505773436794293,0.04537167478343266
spambase,0.9984919451567968,0.003676420528042869,0.0013896268233200971,0.0073800738007380184,0.005208863102396205,0.0017237185933989894
spambase,0.9940115309203379,0.006651586415816358,0.0029914937669995225,0.004464285714285698,0.005449273549149995,0.003979259156213312
spambase,0.9489157616650767,0.02157223183390996,0.016836973704060676,0.014705882352941235,0.017811196013739605,0.011647403039742373
spambase,0.9988205989391511,0.0036363152005966693,0.000882564471213065,0.007299270072992692,0.005151936210754524,0.0017088656823616708
spambase,0.04577803698535668,0.040778463648834015,0.020981871540790908,0.04814814814814815,0.04431035442216564,0.015377658870582588
spambase,0.04322116081318226,0.03197523865513283,0.046424819378194725,0.0291005291005291,0.030504038470013376,0.014096486910778826
spambase,0.07199390911674432,0.11828326171780153,0.08396272717189124,0.009438103599648806,0.033412118732534524,0.03423593874427287
spambase,0.9966258131054896,0.004132160258948695,0.001711502913241447,0.008298755186721962,0.005855918918608492,0.0019038345197125994
spambase,0.987328220297605,0.006651586415816358,0.007092179104046185,0.004464285714285698,0.005449273549149995,0.003633046826167866
spambase,0.9051512169678991,0.05406358131487891,0.06797565617333773,0.08529411764705885,0.06790659367905752,0.01807994999140081
spambase,0.9946025572233876,0.006651586415816358,0.0018254659790437877,0.004464285714285698,0.005449273549149995,0.003999946046152404
spambase,0.9981246891386125,0.003745265419187093,0.001258474102968784,0.007518796992481258,0.005306589334952157,0.0017522517128771798
spambase,0.021780933977435097,0.005916950113378685,0.01307762350452914,0.011904761904761904,0.008392847091549279,0.0012664167996991385
spambase,0.7917912553988598,0.10760056959772159,0.1559380771904461,0.018867924528301883,0.04505773436794293,0.047417512632385916
spambase,0.002229928764089399,0.0013351110984014412,0.000698889484854248,0.00267379679144385,0.0018893956100104732,9.49586150272621e-05
spambase,0.8189273334367398,0.10760056959772159,0.10406165580158122,0.018867924528301883,0.04505773436794293,0.048568667372492914
spambase,0.9872969700947907,0.006651586415816358,0.003196996209436986,0.004464285714285698,0.005449273549149995,0.003633046826167866
spambase,0.980358772733293,0.008188073756252585,0.01944550548744489,0.007583907056798678,0.007880202430244546,0.0032980546324805006
spambase,0.02132013502731237,0.005847750865051903,0.025201981784884454,0.011764705882352941,0.008294399857772148,0.0012409731639877735
spambase,0.11796774422222413,0.12168634439741591,0.08536130799252419,0.014925373134328346,0.04261706343102276,0.037360901037191266
spambase,0.006436446546112115,0.002087673535127186,0.00576946549331231,0.0041841004184100415,0.002955509382801758,0.00021456627008766953
spambase,0.008274953714686603,0.0023201730665224443,0.0035001567148639943,0.004651162790697674,0.00328504225771726,0.00025555817851208106
spambase,0.026433330706895342,0.011626297577854671,0.012317351864488527,0.023529411764705882,0.016539647608348407,0.004217096700614958
spambase,0.003247055356765708,0.0015999958908612755,0.003956894497691997,0.003205128205128205,0.0022645511603601944,0.0001328906037548816
spambase,0.9971130159056669,0.003921507843015679,0.0015703082838751667,0.007874015748031482,0.005556798944710383,0.0018189649649415236
spambase,0.969653711620933,0.012281564810235375,0.02471520693546442,0.015943877551020447,0.013993418648397342,0.004587148065256897
spambase,0.9503331991997448,0.02157223183390996,0.02537866143945427,0.014705882352941235,0.017811196013739605,0.011788062859128085
spambase,0.04918776496774806,0.07328875171467765,0.030945065295113896,0.12222222222222223,0.09464414455453968,0.021421790464246082
spambase,0.9931809727850937,0.006651586415816358,0.002385797458490824,0.004464285714285698,0.005449273549149995,0.0039436318753125685
spambase,0.009815449095902597,0.0025062498421757028,0.010375692468172553,0.005025125628140704,0.0035488336552226166,0.0002904371807246337
spambase,0.0030508553841992786,0.0015698548316917843,0.0010996695153806621,0.0031446540880503146,0.0022218574243468253,0.00012728640777865974
spambase,0.021337876670950894,0.005847750865051903,0.024342346081489646,0.011764705882352941,0.008294399857772148,0.0012409731639877735
spambase,0.002229928764089399,0.0013351110984014412,0.000698889484854248,0.00267379679144385,0.0018893956100104732,9.49586150272621e-05
spambase,0.9867697494156973,0.006651586415816358,0.00847190138775063,0.004464285714285698,0.005449273549149995,0.003593754561286918
spambase,0.6146201739339888,0.24940511600237952,0.15253184544560544,0.02439024390243899,0.07799392033879389,0.09104590967202537
spambase,0.0009592765048774867,0.0012033676876179416,0.0005421832762096926,0.0024096385542168677,0.001702845023771392,7.877462664224981e-05
spambase,0.009928550952923089,0.0025188756249362315,0.01620124383198901,0.005050505050505051,0.0035667343698871806,0.0002928642922323652
spambase,0.00033569819461790724,0.0011248579660741822,0.0003742318084565007,0.0022522522522522522,0.0015916858633393915,6.972532682475597e-05
spambase,0.0013601026749419098,0.0012453280763179333,0.0010832842179671405,0.0024937655860349127,0.0017622588629496864,8.320038929889675e-05
spambase,0.9825737874158562,0.007788495995170158,0.004202724996338319,0.006771669341894104,0.00726230814204126,0.003334940193868937
spambase,0.9538721590423955,0.02157223183390996,0.02176703890203091,0.014705882352941235,0.017811196013739605,0.012322476300453626
spambase,0.9953105494315816,0.006651586415816358,0.0027734646848953277,0.004464285714285698,0.005449273549149995,0.004030564883987747
spambase,0.00470404765718785,0.0018017959311342516,0.002859772995411098,0.0036101083032490976,0.0025504271116321285,0.0001669203018534302
spambase,0.008035419364385295,0.00228831748169346,0.0036428037025866677,0.0045871559633027525,0.003239887217493858,0.00025007352730826705
spambase,0.997679600598743,0.0037593449626201485,0.0033287134277186995,0.007547169811320753,0.00532657627489061,0.0017604236443649326
spambase,0.9906278229086679,0.006651586415816358,0.005971239023401465,0.004464285714285698,0.005449273549149995,0.0038054968119250053
spambase,0.98973400772806,0.006651586415816358,0.004906257690716804,0.004464285714285698,0.005449273549149995,0.003735603230089442
spambase,0.002229928764089399,0.0013351110984014412,0.0006989040124977017,0.00267379679144385,0.0018893956100104732,9.49586150272621e-05
spambase,0.012162770257483295,0.0030959453724779137,0.0055683482599854905,0.006211180124223602,0.00438514245643364,0.0004279597916164721
spambase,0.9827190706466501,0.007550597869599993,0.009348998883596693,0.006288402457757303,0.006890660215155704,0.0033636043297062043
spambase,0.0024446685160213104,0.0014814782202889874,0.003236932612015127,0.002967359050445104,0.0020966825713521426,0.00011423385588250143
spambase,0.008869468056241395,0.0024096244953207774,0.010411358899465102,0.004830917874396135,0.0034118467206232916,0.0002712229396736304
spambase,0.9709014329089847,0.011798296088822045,0.012349655719832117,0.014953190013869633,0.013282400508042623,0.004231723659837089
spambase,0.02681906486226285,0.011626297577854671,0.008640995026001975,0.023529411764705882,0.016539647608348407,0.004217096700614958
spambase,0.20831753845895998,0.19530437044745055,0.169613169424812,0.016129032258064502,0.056125488782619165,0.0547612444539551
spambase,0.03373281348997013,0.02700617283950617,0.02055254611580871,0.018518518518518517,0.022363235719428144,0.017863868521005834
spambase,0.7401324257503444,0.10921414785415233,0.14898329199646657,0.023156089193825058,0.0502888909098058,0.051305898162645074
spambase,0.024992803288733354,0.010525124490719783,0.04909937659389517,0.02127659574468085,0.014964585492137254,0.003199514315379442
spambase,0.002229928764089399,0.0013351110984014412,0.000698889484854248,0.00267379679144385,0.0018893956100104732,9.49586150272621e-05
spambase,0.023020046234051638,0.006369165023011177,0.006543494900569569,0.01282051282051282,0.009036368841159409,0.0014195033229733136
spambase,0.890278995884234,0.08196028871107268,0.06527358516443259,0.05514705882352944,0.0672299699742829,0.03398324207562225
spambase,0.002229928764089399,0.0013351110984014412,0.000698889484854248,0.00267379679144385,0.0018893956100104732,9.49586150272621e-05
spambase,0.007547405130045339,0.0022074947137598875,0.008348911978722512,0.004424778761061947,0.0031253280987124012,0.0002352718967635677
spambase,0.039822383743665514,0.02700617283950617,0.04924777060640838,0.018518518518518517,0.022363235719428144,0.01563657007273378
spambase,0.0022557694374875804,0.0014471749632430162,0.00038995190306370154,0.002898550724637681,0.0020480991280662064,0.00010953026123049817
spambase,0.8558868238958152,0.10760056959772159,0.08543958013546331,0.018867924528301883,0.04505773436794293,0.044841771851314806
spambase,0.05764639425733067,0.11828326171780153,0.016839795428857652,0.009438103599648806,0.033412118732534524,0.033873294710522285
spambase,0.9974182261496155,0.0038759103090129916,0.0012916636795582608,0.0077821011673151474,0.00549206028191414,0.0018008781482907114
spambase,0.8780510033735442,0.0849609375,0.11404711739037166,0.0625,0.07287014885225637,0.03313977507163704
spambase,0.9122210190415763,0.04511064013840831,0.11955353998699021,0.06529411764705884,0.05427208715657955,0.01513712910468013
spambase,0.9990831382205512,0.0036231404958677917,0.002000528031809425,0.0072727272727273196,0.00513323608430593,0.001703232166261461
spambase,0.0029464347296583654,0.0015698548316917843,0.0024543359137351355,0.0031446540880503146,0.0022218574243468253,0.00012728640777865974
spambase,0.7196839301411277,0.11569743070140141,0.2187548497261182,0.04063860667634256,0.06856954411207393,0.060778839583335235
spambase,0.28391406415575277,0.19530437044745055,0.07001587120485751,0.016129032258064502,0.056125488782619165,0.05367014372030318
spambase,0.05983825684858147,0.11828326171780153,0.09037380333745591,0.009438103599648806,0.033412118732534524,0.033873294710522285
spambase,0.013520335882471406,0.003366964937910884,0.003701121970711252,0.006756756756756757,0.0047696711725225315,0.0004894066475183119
spambase,0.02332140239665698,0.007518365472910927,0.006282168171442513,0.015151515151515152,0.010673079610751448,0.0017950179871413507
spambase,0.9598980776535233,0.02157223183390996,0.063600914686491,0.014705882352941235,0.017811196013739605,0.012999818101574401
spambase,0.018025513672036846,0.004694731221075115,0.007621309248952852,0.009433962264150943,0.006655067030462872,0.0008737223205045107
spambase,0.002229928764089399,0.0013351110984014412,0.0006989040124977017,0.00267379679144385,0.0018893956100104732,9.49586150272621e-05
spambase,0.05765335460870797,0.11828326171780153,0.031326254622435934,0.009438103599648806,0.033412118732534524,0.033873294710522285
spambase,0.9735097613886547,0.011036152742346953,0.011270072271384098,0.013392857142857206,0.01215753334706529,0.0036949833937367465
spambase,0.9944157681714844,0.006651586415816358,0.013726246511731635,0.004464285714285698,0.005449273549149995,0.003996329017166441
spambase,0.08025863329457038,0.11935020464108731,0.0429935766671475,0.012383900928792574,0.03844504012361471,0.03340532437170116
spambase,0.9398134187425731,0.023442666282199074,0.04224999157986523,0.0186274509803922,0.02089682073956123,0.010949925651792097
spambase,0.008426192549930274,0.0023419074698582732,0.004929626733699499,0.004694835680751174,0.003315851436736623,0.0002583290058391876
spambase,0.04070536692921117,0.02700617283950617,0.10645089996254596,0.018518518518518517,0.022363235719428144,0.015319339903277104
spambase,0.02735671382751212,0.011763038548752835,0.008195797697148054,0.023809523809523808,0.016735362153203526,0.004376290483690602
spambase,0.010227094255482287,0.0026109481647981145,0.009858132201523321,0.005235602094240838,0.003697280849431279,0.00031127376943050486
spambase,0.986285584219238,0.006651586415816358,0.019206873999564996,0.004464285714285698,0.005449273549149995,0.003551113432444084
spambase,0.9978330786899962,0.0037593449626201485,0.0018468134837342197,0.007547169811320753,0.00532657627489061,0.0017604236443649326
spambase,0.9984750310761844,0.003676420528042869,0.0007515721612679345,0.0073800738007380184,0.005208863102396205,0.0017237185933989894
spambase,0.033497937349117386,0.017538265306122448,0.03569058377455736,0.03571428571428571,0.02502731743666911,0.008707754535247086
spambase,0.6464827760712266,0.24940511600237952,0.1324724837317204,0.02439024390243899,0.07799392033879389,0.09996970440023693
spambase,0.016080656745636225,0.004291765755053508,0.010308440140444098,0.008620689655172414,0.00608259653824031,0.0007495801793351725
spambase,0.010849471584289746,0.002801098346168413,0.008475483262902662,0.0056179775280898875,0.003966926715070987,0.00036001981049592146
spambase,0.004923188468308122,0.0018348561851211072,0.005079941724465678,0.003676470588235294,0.002597266793812173,0.000172123595379384
spambase,0.0018216113125066552,0.001290320426790591,0.0014573304118061453,0.002583979328165375,0.0018259685948932448,8.985535883681805e-05
spambase,0.9143607680245388,0.04241950804771187,0.04904926582611103,0.059368191721132946,0.05018335866094158,0.014002863866707486
spambase,0.9709118936655022,0.011798296088822045,0.030014618040619688,0.014953190013869633,0.013282400508042623,0.004231723659837089
spambase,0.04010590339377513,0.02700617283950617,0.01440219158391328,0.018518518518518517,0.022363235719428144,0.01563657007273378
spambase,0.07287371851218405,0.11828326171780153,0.02881915777787754,0.009438103599648806,0.033412118732534524,0.03417654087297436
spambase,0.9955548145913707,0.006651586415816358,0.0017143475473209266,0.004464285714285698,0.005449273549149995,0.004041857643387534
spambase,0.010173166927543647,0.0025706770113720907,0.0025210809818769844,0.005154639175257732,0.003640180274348105,0.0003047898206383765
spambase,0.03516891013301273,0.02700617283950617,0.01271678753364464,0.018518518518518517,0.022363235719428144,0.017522089504698853
spambase,0.005131622200124993,0.0018761659788569167,0.002140908361037009,0.0037593984962406013,0.0026557965960540856,0.00017822267586161934
spambase,0.9800059012260153,0.008487961663519929,0.011376222510368074,0.008193942133815524,0.008339656270190447,0.0032758838454814794
spambase,0.1814650056485154,0.19530437044745055,0.06845001301336726,0.016129032258064502,0.056125488782619165,0.05806009596752429
spambase,0.03139208103211471,0.01492194674012856,0.02128381655478985,0.030303030303030304,0.021264529250522336,0.007424517167163709
spambase,0.0011011989637767802,0.0012269920132327995,0.0012031045376760061,0.002457002457002457,0.0017362955944295257,8.056713137111444e-05
spambase,0.9509016988874716,0.02157223183390996,0.0738068172043977,0.014705882352941235,0.017811196013739605,0.011788062859128085
spambase,0.034711305988353806,0.02700617283950617,0.04504217258915487,0.018518518518518517,0.022363235719428144,0.017737141273105564
spambase,0.042569486909445335,0.030037489530418186,0.016840197804926006,0.0249597423510467,0.02738116139887972,0.014428537010482176
spambase,0.003348604930695991,0.0016155046553764623,0.008630179756143368,0.003236245954692557,0.0022865192773622246,0.00013645257343546474
spambase,0.005688966063704236,0.0019801902242378433,0.0015374525936951906,0.003968253968253968,0.002803194198629402,0.00019368244064771228
spambase,0.9830722644510842,0.007494269785565285,0.022920549079662202,0.006174012158054687,0.006802184411776996,0.003371794466764927
spambase,0.021126354660282207,0.005847750865051903,0.008680874121820302,0.011764705882352941,0.008294399857772148,0.0012409731639877735
spambase,0.009202620632730784,0.0024569875512630737,0.007180684734362513,0.0049261083743842365,0.003478992232246983,0.00028107988788487136
spambase,0.0071861532706452265,0.0021977915348638634,0.0077610008001783104,0.004405286343612335,0.003111575330060735,0.00023404660776582412
spambase,0.6014408853948007,0.24940511600237952,0.3027395479019965,0.02439024390243899,0.07799392033879389,0.08586387951714361
spambase,0.0022692866059790423,0.0014556009825837874,0.004391285728916298,0.0029154518950437317,0.0020600326801052016,0.00011072597490423916
spambase,0.9864846434868259,0.006651586415816358,0.014442637164115202,0.004464285714285698,0.005449273549149995,0.0035738829048691445
spambase,0.005310615723636023,0.0019193786982248523,0.00843793336233424,0.0038461538461538464,0.002717025167789816,0.00018434954367544534
spambase,0.08097136933094742,0.11935020464108731,0.10843129393919096,0.012383900928792574,0.03844504012361471,0.033087882407744074
spambase,0.9901113202905928,0.006651586415816358,0.009344863753612586,0.004464285714285698,0.005449273549149995,0.0037574439935834526
spambase,0.03031462823463406,0.013886133703630232,0.01454781809080802,0.028169014084507043,0.019777732323927027,0.006544475885726312
spambase,0.9985302142568759,0.003662954152249122,0.001026974095775486,0.007352941176470562,0.005189748203294297,0.001718342882563663
spambase,0.34377094895204324,0.19530437044745055,0.21115258920448104,0.016129032258064502,0.056125488782619165,0.05448115312454077
spambase,0.9946820155979225,0.006651586415816358,0.0019108500826889286,0.004464285714285698,0.005449273549149995,0.0040029685724287745
spambase,0.9026245606583366,0.08196028871107268,0.05518546109240732,0.05514705882352944,0.0672299699742829,0.03680513179858986
spambase,0.001874721754114295,0.0012936588901715483,0.0029679630126088208,0.0025906735751295338,0.0018306960157270322,9.029587033811998e-05
spambase,0.3156299954992536,0.19530437044745055,0.170985726044731,0.016129032258064502,0.056125488782619165,0.05407996292571835
spambase,0.9795777970667945,0.00856770820230204,0.0074706101606093435,0.008356227106227077,0.008461306962775927,0.003268495964673848
spambase,0.03332862590761009,0.017538265306122448,0.023897642064717933,0.03571428571428571,0.02502731743666911,0.008707754535247086
spambase,0.02696991085801915,0.011626297577854671,0.05471275250849131,0.023529411764705882,0.016539647608348407,0.004217096700614958
spambase,0.9810198804787504,0.008188073756252585,0.005670619014412495,0.007583907056798678,0.007880202430244546,0.0032980546324805006
spambase,0.9882807330870435,0.006651586415816358,0.007120632688663339,0.004464285714285698,0.005449273549149995,0.003701091547250136
spambase,0.533799668289151,0.24940511600237952,0.16833991430967704,0.02439024390243899,0.07799392033879389,0.08816886470111254
spambase,0.9964935049744406,0.004201605868005432,0.0014456338400132846,0.008438818565400852,0.005954543610002483,0.0019314112783179855
spambase,0.9338426537157426,0.02587701674822374,0.0665111086593624,0.02375565610859731,0.02479365868497863,0.010706547854783506
spambase,0.9960229440812344,0.004291765755053489,0.030470696775331606,0.008620689655172376,0.006082596538240282,0.0019622042523718907
spambase,0.573578968213754,0.24940511600237952,0.1476905619570453,0.02439024390243899,0.07799392033879389,0.08492317598397639
spambase,0.0316601117632725,0.015147928994082842,0.021045612315591745,0.03076923076923077,0.02158912047524995,0.00759286382931931
spambase,0.03305320871881504,0.01694411414982164,0.021143645028265573,0.034482758620689655,0.024171880321350918,0.008400974482701318
spambase,0.9503123815195992,0.02157223183390996,0.023345649887692225,0.014705882352941235,0.017811196013739605,0.011788062859128085
spambase,0.032571128306294196,0.016661878770468257,0.06285148798630337,0.03389830508474576,0.023765720057393202,0.008289936372596113
spambase,0.947454094593007,0.02157223183390996,0.03185565914219011,0.014705882352941235,0.017811196013739605,0.011502536386733988
spambase,0.002758007449964132,0.0015267139877862882,0.0013422697536018035,0.0030581039755351682,0.002160752210586489,0.00012144916787328797
spambase,0.000520829407975954,0.0011614386154678205,0.0001829483188063098,0.002325581395348837,0.001643478030267419,7.456446591661312e-05
spambase,0.002229928764089399,0.0013351110984014412,0.0006988987980570254,0.00267379679144385,0.0018893956100104732,9.49586150272621e-05
spambase,0.07037782045344233,0.11828326171780153,0.04998235176934687,0.009438103599648806,0.033412118732534524,0.03433701186432408
spambase,0.002518931828526179,0.0014903096458008466,0.0009815865811139595,0.0029850746268656717,0.0021091907239159935,0.00011607173227004638
spambase,0.998357873632249,0.0037036525200038815,0.0009863521105176886,0.0074349442379182396,0.0052475184576001475,0.0017342630857883718
spambase,0.463334766238609,0.24940511600237952,0.16835307428769036,0.02439024390243899,0.07799392033879389,0.09173753447534415
spambase,0.008346511941836946,0.0023309896060791334,0.0046556178859848965,0.004672897196261682,0.003300374947602515,0.0002570892362232348
spambase,0.03516891013301273,0.02700617283950617,0.01271678753364464,0.018518518518518517,0.022363235719428144,0.017522089504698853
spambase,0.0034767691406308184,0.0016366568126847622,0.003573274539835367,0.003278688524590164,0.0023164817958364887,0.00013901164873586757
spambase,0.01659988798602883,0.0044052000939776015,0.019286503947330332,0.008849557522123894,0.006243722577767238,0.0007822557131649353
spambase,0.9550765627691966,0.02157223183390996,0.017358929468289052,0.014705882352941235,0.017811196013739605,0.012471825548572265
spambase,0.9828664800329773,0.007494269785565285,0.004402096068810211,0.006174012158054687,0.006802184411776996,0.003371794466764927
spambase,0.9482572584842813,0.02157223183390996,0.0822274034762027,0.014705882352941235,0.017811196013739605,0.011578409644644815
spambase,0.9945287500093063,0.006651586415816358,0.004011549931956189,0.004464285714285698,0.005449273549149995,0.003999946046152404
spambase,0.9947212885041232,0.006651586415816358,0.0031949027312989315,0.004464285714285698,0.005449273549149995,0.0040029685724287745
spambase,0.08176784480028175,0.11935020464108731,0.09163617578393186,0.012383900928792574,0.03844504012361471,0.03298093184692639
spambase,0.02332140239665698,0.007518365472910927,0.006234168533167008,0.015151515151515152,0.010673079610751448,0.0017950179871413507
spambase,0.0005308872608826197,0.0011614386154678205,0.0008472572375029462,0.002325581395348837,0.001643478030267419,7.456446591661312e-05
spambase,0.9649779255999275,0.013410934008159086,0.01767778344834915,0.01826298701298701,0.015650038773850856,0.00535263584747528
spambase,0.1985110211948715,0.19530437044745055,0.11234581688789524,0.016129032258064502,0.056125488782619165,0.05642640410652311
spambase,0.971039811032113,0.011798296088822045,0.04033467725948949,0.014953190013869633,0.013282400508042623,0.004231723659837089
spambase,0.013163524776035478,0.0033444439439664878,0.007641957519421734,0.006711409395973154,0.0047377138484549905,0.00048438532297373976
spambase,0.8699778258000931,0.0868363661694102,0.08538220142096363,0.06712962962962965,0.07634980746102382,0.033599925679919776
spambase,0.980211746968282,0.008334338634788014,0.02973723972773721,0.007881393298060035,0.008104702379481993,0.003285102316930535
spambase,0.21549363456033307,0.19530437044745055,0.10093692648060254,0.016129032258064502,0.056125488782619165,0.05571946499751088
spambase,0.007159273095382065,0.0021977915348638634,0.0027939194307673824,0.004405286343612335,0.003111575330060735,0.00023404660776582412
spambase,0.011579868013175686,0.002985047868335186,0.003654780680517859,0.005988023952095809,0.004227829009520564,0.0003997616567091462
spambase,0.9903921173962561,0.006651586415816358,0.006193098817289717,0.004464285714285698,0.005449273549149995,0.003789460892781973
spambase,0.006445552601634933,0.002087673535127186,0.013078527007578705,0.0041841004184100415,0.002955509382801758,0.00021456627008766953
spambase,0.993226128354873,0.006651586415816358,0.0028388491787171614,0.004464285714285698,0.005449273549149995,0.0039436318753125685
spambase,0.0007888786771292258,0.0011918934159636822,0.0018772999368784566,0.002386634844868735,0.0016865984578163676,7.750211308727077e-05
spambase,0.40871674476629594,0.24685306365258777,0.10068130484300218,0.08780487804878045,0.14722398972308592,0.09268590027877324
spambase,0.09072514394869977,0.12168634439741591,0.09037242804910191,0.014925373134328346,0.04261706343102276,0.03621842727588693
spambase,0.9927972659418016,0.006651586415816358,0.0028368638331537515,0.004464285714285698,0.005449273549149995,0.003916838472786599
spambase,0.0036822175990350522,0.0016863358290723158,0.0033712919873917974,0.0033783783783783786,0.0023868557777173486,0.00014666589985726347
spambase,0.5168694685107829,0.24940511600237952,0.13321869714926482,0.02439024390243899,0.07799392033879389,0.0910744476819639
spambase,0.0640857806648217,0.11828326171780153,0.03186593883331591,0.009438103599648806,0.033412118732534524,0.03364875400261163
spambase,0.9974874118754327,0.003816737863507614,0.0014369818656754395,0.007662835249042099,0.00540805264738055,0.0017780614200658634
spambase,0.857306961924471,0.10760056959772159,0.09547265476485042,0.018867924528301883,0.04505773436794293,0.044841771851314806
spambase,0.000614472058012608,0.0011641427725343808,0.0012969863881846031,0.002331002331002331,0.0016473067462974703,7.480905459728644e-05
spambase,0.019944798773487475,0.005464315903876344,0.03211459241203509,0.01098901098901099,0.007749027520607,0.0011178033014404248
spambase,0.22829703151781341,0.19530437044745055,0.07496952631356225,0.016129032258064502,0.056125488782619165,0.05463508791995186
spambase,0.01255615153757283,0.003194855358316897,0.012640185968498623,0.00641025641025641,0.004525465947335471,0.0004455770698627461
spambase,0.22634765025147316,0.19530437044745055,0.10052249720291159,0.016129032258064502,0.056125488782619165,0.05463508791995186
spambase,0.02332140239665698,0.007518365472910927,0.006510422298545279,0.015151515151515152,0.010673079610751448,0.0017950179871413507
spambase,0.9978786863369089,0.0037593449626201485,0.0007117232837519123,0.007547169811320753,0.00532657627489061,0.0017604236443649326
spambase,0.027834700259350913,0.011763038548752835,0.02717421762440196,0.023809523809523808,0.016735362153203526,0.004376290483690602
spambase,0.04202455859451223,0.02840315500685871,0.015023239560142898,0.021481481481481483,0.024701049538339126,0.014847113212633972
spambase,0.5820899596450663,0.24940511600237952,0.16590012304521196,0.02439024390243899,0.07799392033879389,0.08231248173726438
spambase,0.020758312844910275,0.005714096974501255,0.017051716931939805,0.011494252873563218,0.008104275141490444,0.0011916488822970607
spambase,0.9961126760604971,0.004291765755053489,0.0016331702912272055,0.008620689655172376,0.006082596538240282,0.0019622042523718907
spambase,0.08702835950015293,0.11935020464108731,0.049360492867741385,0.012383900928792574,0.03844504012361471,0.032528144890849604
spambase,0.039881903768127384,0.02700617283950617,0.0194089733430746,0.018518518518518517,0.022363235719428144,0.01563657007273378
spambase,0.15417955980880285,0.12168634439741591,0.07154250208767508,0.014925373134328346,0.04261706343102276,0.03760214388080195
spambase,0.34724076278544647,0.19530437044745055,0.14172895896929044,0.016129032258064502,0.056125488782619165,0.05447907131371
spambase,0.0003065727127613167,0.0011123456728885273,0.00039746125420613124,0.0022271714922048997,0.0015739709565728349,6.773176494376221e-05
spambase,0.046013713944938396,0.04833247599451303,0.03602519324383998,0.06481481481481481,0.05597017492491733,0.016529520740868962
spambase,0.011964270972375703,0.003058075200421544,0.009779887761515985,0.006134969325153374,0.004331419807476347,0.0004184129101139336
spambase,0.985046459674117,0.00690083366500079,0.006869031674334906,0.004969676549865243,0.005856185724469046,0.003466982349041074
spambase,0.017304752678215764,0.004484213943673403,0.014397524190753928,0.009009009009009009,0.006355967575190855,0.0008051800867377015
spambase,0.012365072803538926,0.0031745709765102033,0.010935863147917302,0.006369426751592357,0.004496687369899398,0.0004432139839894095
spambase,0.00338726223149632,0.0016207412717152978,0.0075431308860332965,0.003246753246753247,0.002293937005693188,0.00013652619802249037
spambase,0.968427359586426,0.012595680379579087,0.013915287241488248,0.016588345864661624,0.014454808976157045,0.0048220031554412875
spambase,0.04790147130346495,0.07158211169762121,0.016090665400385302,0.11817212896349588,0.09197287934500399,0.02069722918558676
spambase,0.991369674461871,0.006651586415816358,0.005989842629727519,0.004464285714285698,0.005449273549149995,0.0038535092733330916
spambase,0.023020046234051638,0.006369165023011177,0.006543494900569569,0.01282051282051282,0.009036368841159409,0.0014195033229733136
spambase,0.0486156784937293,0.07200025412235732,0.022100547701396613,0.11916264090177134,0.09262688824968021,0.020764862855191784
spambase,0.002098656953240521,0.0013315555555555557,0.002124597556166016,0.0026666666666666666,0.0018843605851361928,9.458475516025153e-05
spambase,0.9847448569138212,0.006945130916950034,0.010364835030393066,0.0050595238095237915,0.005927820445540545,0.0034585189635127113
spambase,0.9496447936174333,0.02157223183390996,0.026241544336873313,0.014705882352941235,0.017811196013739605,0.011788062859128085
spambase,0.0020810356755397103,0.0013280188999547306,0.001471880217726721,0.0026595744680851063,0.00187935232446023,9.386066589771892e-05
spambase,0.04071610377905302,0.02700617283950617,0.0322439722497775,0.018518518518518517,0.022363235719428144,0.015319339903277104
spambase,0.0028818976265067666,0.0015600585937500001,0.0012612766744213558,0.003125,0.002207981681416028,0.00012607573260704134
spambase,0.0141395977688865,0.003610060911573199,0.005172895118499737,0.007246376811594203,0.005114671218960869,0.0005588717351157072
spambase,0.002229928764089399,0.0013351110984014412,0.000698889484854248,0.00267379679144385,0.0018893956100104732,9.49586150272621e-05
spambase,0.002229928764089399,0.0013351110984014412,0.000698889484854248,0.00267379679144385,0.0018893956100104732,9.49586150272621e-05
spambase,0.9881854049040121,0.006651586415816358,0.021955792860059116,0.004464285714285698,0.005449273549149995,0.0036833979818751846
spambase,0.00850063135421047,0.0023529280882876465,0.0034357900469007712,0.0047169811320754715,0.0033314737576008667,0.0002605240218700328
spambase,0.07101290513311774,0.11828326171780153,0.032494563544489485,0.009438103599648806,0.033412118732534524,0.03423593874427287
spambase,0.005321279175174545,0.0019193786982248523,0.004899451803820766,0.0038461538461538464,0.002717025167789816,0.00018434954367544534
spambase,0.0007553370395141983,0.0011862379472018325,0.0005459429060439681,0.0023752969121140144,0.0016785908772005702,7.650114902043302e-05
spambase,0.9114577178683881,0.046616685890042336,0.05235832941801328,0.06862745098039225,0.05656133242584746,0.015803785267375282
spambase,0.061828454267425365,0.11828326171780153,0.033030017034406035,0.009438103599648806,0.033412118732534524,0.033873294710522285
spambase,0.058660253595833635,0.11828326171780153,0.06539041403454988,0.009438103599648806,0.033412118732534524,0.033873294710522285
spambase,0.9868663993736928,0.006651586415816358,0.0071563298972967945,0.004464285714285698,0.005449273549149995,0.003593754561286918
spambase,0.024659822718937966,0.010308159722222222,0.013603437721648917,0.020833333333333332,0.014654464423727545,0.003027862702761084
spambase,0.0008681430109048587,0.0011976030686242371,0.0013694693251827662,0.002398081534772182,0.0016946828036108366,7.817807578069523e-05
spambase,0.01607066126175013,0.004291765755053508,0.010513721117161532,0.008620689655172414,0.00608259653824031,0.0007495801793351725
spambase,0.11452136921807018,0.12168634439741591,0.1081692730848492,0.014925373134328346,0.04261706343102276,0.03738460399632443
spambase,0.9960325538421931,0.004291765755053489,0.0018112260396932435,0.008620689655172376,0.006082596538240282,0.0019622042523718907
spambase,0.7850281889558727,0.10760056959772159,0.13684775470561364,0.018867924528301883,0.04505773436794293,0.047390807447574845
spambase,0.9755798210269712,0.010453846903344688,0.00984205780328243,0.01220238095238102,0.011294326997766646,0.0034223848062552727
spambase,0.014006244208762035,0.003558673469387755,0.010385107754049588,0.007142857142857143,0.0050417354363267155,0.0005415775970931711
spambase,0.9966398629967692,0.004081564095673155,0.0013635320304858738,0.008196721311475419,0.005784068067299784,0.00188157707171475
spambase,0.932683273431157,0.02587701674822374,0.04372016057268924,0.02375565610859731,0.02479365868497863,0.010706547854783506
spambase,0.9039008973393671,0.06105673648494945,0.083963463380835,0.10123614663256608,0.0786202819105623,0.019496420839908567
spambase,0.016598593098041518,0.0044052000939776015,0.00488910620951841,0.008849557522123894,0.006243722577767238,0.0007822557131649353
spambase,0.023020046234051638,0.006369165023011177,0.006543494900569569,0.01282051282051282,0.009036368841159409,0.0014195033229733136
spambase,0.11831739365579146,0.12168634439741591,0.0846187070143817,0.014925373134328346,0.04261706343102276,0.037360901037191266
spambase,0.00021700161438783892,0.0011049710235727151,0.0002292826978999157,0.0022123893805309734,0.0015635300311624062,6.72594798695497e-05
spambase,0.9877012526243683,0.006651586415816358,0.011623300864226475,0.004464285714285698,0.005449273549149995,0.0036594404795792282
spambase,0.9832639479964781,0.007332217483606312,0.021518617542538736,0.005844992636229729,0.00654650725187972,0.0033945293436762752
spambase,0.019185449620040065,0.005181206597222222,0.01324977497450033,0.010416666666666666,0.007346489097140085,0.0010205250164095178
spambase,0.031211547319863628,0.01492194674012856,0.027478863343708044,0.030303030303030304,0.021264529250522336,0.007424517167163709
spambase,0.0004336178640133539,0.0011428556467280029,0.000433814188527408,0.002288329519450801,0.0016171673731802546,7.183490710244123e-05
spambase,0.9882260547489188,0.006651586415816358,0.0034944254921174217,0.004464285714285698,0.005449273549149995,0.003689717084736292
spambase,0.012716443905284957,0.003215400624349636,0.00317401459207447,0.0064516129032258064,0.00455461525895376,0.0004509539271713323
spambase,0.9976459990468265,0.0037735307621671226,0.0016404235156138888,0.007575757575757569,0.005346714342364085,0.001765306210192097
spambase,0.04251312273201218,0.02840315500685871,0.022086065710485513,0.021481481481481483,0.024701049538339126,0.014847113212633972
spambase,0.014707285616881642,0.0038909912109375,0.004191957117497156,0.0078125,0.005513471577459089,0.0006376471620975299
spambase,0.9109413645622941,0.046616685890042336,0.08489706369867835,0.06862745098039225,0.05656133242584746,0.015803785267375282
spambase,0.9936625427971553,0.006651586415816358,0.008820528038487842,0.004464285714285698,0.005449273549149995,0.00396641920144954
spambase,0.02332140239665698,0.007518365472910927,0.006600460402013294,0.015151515151515152,0.010673079610751448,0.0017950179871413507
spambase,0.06427137653956778,0.11828326171780153,0.05307806683259593,0.009438103599648806,0.033412118732534524,0.03364875400261163
spambase,0.9903022796314025,0.006651586415816358,0.00809997087735901,0.004464285714285698,0.005449273549149995,0.0037855100690911718
spambase,0.0048249550361407975,0.0018214875592732697,0.0028572312753152094,0.0036496350364963502,0.0025783259714136125,0.0001697366397531106
spambase,0.9970245735526486,0.003999935484911584,0.002223972948376399,0.008032128514056214,0.005668156301897788,0.0018498764293159874
spambase,0.9357095138127958,0.025202127268239713,0.1727621146576904,0.022331154684095966,0.023723250249393188,0.010704732860581254
spambase,0.013140396605581304,0.0033444439439664878,0.003994433836600149,0.006711409395973154,0.0047377138484549905,0.00048438532297373976
spambase,0.6459882423525573,0.24940511600237952,0.15016417737375296,0.02439024390243899,0.07799392033879389,0.09996970440023693
spambase,0.05272202165435074,0.11828326171780153,0.026744455926409262,0.009438103599648806,0.033412118732534524,0.0361758144728708
spambase,0.9037235289485255,0.06179714532871971,0.04275093195714789,0.10294117647058831,0.07975882924581032,0.019889360504661273
spambase,0.13990494204175,0.12168634439741591,0.08262772908311793,0.014925373134328346,0.04261706343102276,0.03745273857268262
spambase,0.011683428267236524,0.002985047868335186,0.007844687414876735,0.005988023952095809,0.004227829009520564,0.0003997616567091462
spambase,0.05765335460870797,0.11828326171780153,0.031326254622435934,0.009438103599648806,0.033412118732534524,0.033873294710522285
spambase,0.9803992571601899,0.008188073756252585,0.013335808124417167,0.007583907056798678,0.007880202430244546,0.0032980546324805006
spambase,0.0010787275805345495,0.0012180249851279,0.0012749237116207507,0.0024390243902439024,0.0017235987487386427,8.004854126933693e-05
spambase,0.9314476204336463,0.027391808439061804,0.04500916975582772,0.026960784313725505,0.02717544184164135,0.010716319283484448
spambase,0.9701722346363769,0.012082517538265253,0.03604678989772018,0.01553571428571432,0.013700749626448228,0.004441113050602477
spambase,0.9633175142504057,0.014668647565504534,0.02568899614900156,0.020852169981916857,0.017489229040776252,0.006182933742175666
spambase,0.048072002519022265,0.07158211169762121,0.02434939902222188,0.11817212896349588,0.09197287934500399,0.02069722918558676
spambase,0.04404782586438533,0.03717557587062905,0.01625431793604633,0.04030501089324619,0.038708681073221854,0.014490163125212754
spambase,0.016143218777014804,0.004366728224068944,0.007633028933610582,0.008771929824561403,0.006189073722655468,0.0007716963460301194
spambase,0.9435363645881591,0.022930570358154854,0.055320926132757894,0.01755218216318788,0.02006194277810926,0.011033273831045763
spambase,0.9201026371861112,0.04121244085869638,0.052421678763119615,0.05672268907563027,0.048349565343192444,0.013577673778914823
spambase,0.017686870065246982,0.004566113963471089,0.01690774347900318,0.009174311926605505,0.00647232213299931,0.0008261150132238004
spambase,0.035182302659704914,0.02700617283950617,0.0427805669047717,0.018518518518518517,0.022363235719428144,0.01710965484828394
spambase,0.17548205706741052,0.1612465419655482,0.13559289982464842,0.1355129116323146,0.14782079824028024,0.03596078453843816
spambase,0.022838675281547028,0.006289056240987021,0.009467161008141026,0.012658227848101266,0.008922348729338983,0.0013920160512604898
spambase,0.9555034205091124,0.02157223183390996,0.06828021462982749,0.014705882352941235,0.017811196013739605,0.012668125668769094
spambase,0.9715867807938381,0.011798296088822045,0.009323074221031331,0.014953190013869633,0.013282400508042623,0.004231723659837089
spambase,0.2722843806853813,0.19530437044745055,0.0768665326625795,0.016129032258064502,0.056125488782619165,0.053903291999173215
spambase,0.09101533121188894,0.12168634439741591,0.08019501545338514,0.014925373134328346,0.04261706343102276,0.036006617936383836
spambase,0.05376055220887099,0.11828326171780153,0.03143958665607923,0.009438103599648806,0.033412118732534524,0.03563014137241296
spambase,0.0002950838024651581,0.0011123456728885273,0.000508890917773354,0.0022271714922048997,0.0015739709565728349,6.773176494376221e-05
spambase,0.01312388121345201,0.0033222222222222225,0.00279806444114623,0.006666666666666667,0.004706181907677194,0.00047865534134980804
spambase,0.004589573924557681,0.0017889030202592464,0.004601094371117106,0.0035842293906810036,0.002532160891865129,0.00016390521723204187
spambase,0.077647166708354,0.1186698944283596,0.054307609902870146,0.01050420168067226,0.035306267212770796,0.032817557948573016
spambase,0.0006265256346163797,0.0011641427725343808,0.0006293880432103997,0.002331002331002331,0.0016473067462974703,7.480905459728644e-05
spambase,0.02332140239665698,0.007518365472910927,0.0061784575068814995,0.015151515151515152,0.010673079610751448,0.0017950179871413507
spambase,0.862088641767234,0.10760056959772159,0.07110606686399744,0.018867924528301883,0.04505773436794293,0.044841771851314806
spambase,0.03074747440653445,0.014282713715605966,0.014922130002535354,0.028985507246376812,0.02034678603371113,0.006975736004684302
spambase,0.9911213841447275,0.006651586415816358,0.005120759951932474,0.004464285714285698,0.005449273549149995,0.0038448969063965195
spambase,0.012609526152548529,0.003194855358316897,0.00440241928938511,0.00641025641025641,0.004525465947335471,0.0004455770698627461
spambase,0.9979498947926096,0.0037593449626201485,0.0017483932285330347,0.007547169811320753,0.00532657627489061,0.0017604236443649326
spambase,0.7476076540137967,0.10921414785415233,0.13337403434298437,0.023156089193825058,0.0502888909098058,0.05206807694782622
spambase,0.6909457130962664,0.17342075076144142,0.17203433986200636,0.22012578616352207,0.19538264789492057,0.07218634296413656
spambase,0.009732378749632247,0.0024937500000000003,0.002355670133064492,0.005,0.003531111722956384,0.0002882824531188552
spambase,0.005131622200124993,0.0018761659788569167,0.002010903180255936,0.0037593984962406013,0.0026557965960540856,0.00017822267586161934
spambase,0.03274013713019778,0.016661878770468257,0.02209326207997591,0.03389830508474576,0.023765720057393202,0.008289936372596113
spambase,0.003946815229056189,0.0017271105470480477,0.008964847423758715,0.0034602076124567475,0.0024446187969599663,0.00015363111961974572
spambase,0.16043053167332552,0.12168634439741591,0.12189555963834067,0.014925373134328346,0.04261706343102276,0.037214130943666136
spambase,0.07744253615224965,0.11828326171780153,0.033992043389930546,0.009438103599648806,0.033412118732534524,0.033268872003528384
spambase,0.524156052257624,0.24940511600237952,0.17021401848902987,0.02439024390243899,0.07799392033879389,0.0910744476819639
spambase,0.9930509555287037,0.006651586415816358,0.004873251806096405,0.004464285714285698,0.005449273549149995,0.003936281694780933
spambase,0.004637795033949497,0.0017953263288649657,0.0027784057326620828,0.0035971223021582736,0.0025412611784726316,0.00016520848292063625
spambase,0.017077765422025694,0.0044052000939776015,0.005141776584519948,0.008849557522123894,0.006243722577767238,0.0007822557131649353
spambase,0.989853162829395,0.006651586415816358,0.004338320156540697,0.004464285714285698,0.005449273549149995,0.003747347114894396
spambase,0.020485477781621488,0.005586415856583765,0.03688790882402831,0.011235955056179775,0.007922671108262997,0.0011496378977815665
spambase,0.9949280339290454,0.006651586415816358,0.002029796033866791,0.004464285714285698,0.005449273549149995,0.00401332066238912
spambase,0.10220687164216433,0.12168634439741591,0.04630131540883893,0.014925373134328346,0.04261706343102276,0.037480912512320184
spambase,0.011995177323424205,0.003058075200421544,0.008247744676768965,0.006134969325153374,0.004331419807476347,0.0004184129101139336
spambase,0.005833691723409327,0.001996,0.009253198864685251,0.004,0.0028255972819918977,0.0001976458833381555
spambase,0.0405008101722787,0.02700617283950617,0.02540672404339826,0.018518518518518517,0.022363235719428144,0.01549832781757251
spambase,0.07179923748487342,0.11828326171780153,0.029424824797356766,0.009438103599648806,0.033412118732534524,0.03423593874427287
spambase,0.029954916364764755,0.01351097766935635,0.019564590795810813,0.0273972602739726,0.019239640634980366,0.006158607090558591
spambase,0.9972723311938813,0.0038909912109375,0.003196659483994755,0.0078125,0.005513471577459089,0.0018040121340817947
spambase,0.8249088732020804,0.10760056959772159,0.08246628513380422,0.018867924528301883,0.04505773436794293,0.04871213313434717
spambase,0.010334143241126525,0.002624653739612188,0.005643056399131773,0.005263157894736842,0.003716714550593099,0.00031470419325801844
spambase,0.8199022088590707,0.10760056959772159,0.0667176171872724,0.018867924528301883,0.04505773436794293,0.048568667372492914
spambase,0.010560271241803088,0.002680945774077928,0.011230446826113856,0.005376344086021506,0.0037965361788620186,0.00033067232168894486
spambase,0.3288654028772257,0.19530437044745055,0.1983963905760978,0.016129032258064502,0.056125488782619165,0.054490804866225886
spambase,0.018141829845084428,0.004694731221075115,0.06297669019048115,0.009433962264150943,0.006655067030462872,0.0008737223205045107
spambase,0.8062644600907689,0.10760056959772159,0.09400869182892369,0.018867924528301883,0.04505773436794293,0.048518543593045006
spambase,0.9979603363306214,0.0037593449626201485,0.0020241886310870677,0.007547169811320753,0.00532657627489061,0.0017604236443649326
spambase,0.9986939659003071,0.0036363152005966693,0.0017525871010241247,0.007299270072992692,0.005151936210754524,0.0017088656823616708
spambase,0.00043661960429731793,0.0011428556467280029,0.0005160678888258065,0.002288329519450801,0.0016171673731802546,7.183490710244123e-05
spambase,0.0009412410328018824,0.0012004784578402367,0.00031233814890823286,0.002403846153846154,0.0016987541092384193,7.842750929475229e-05
spambase,0.3062506043526637,0.19530437044745055,0.10437848931316292,0.016129032258064502,0.056125488782619165,0.054186609967091084
spambase,0.012854963424359744,0.003215400624349636,0.020167395568085878,0.0064516129032258064,0.00455461525895376,0.0004509539271713323
spambase,0.0027450599513687782,0.0015267139877862882,0.004392491152594028,0.0030581039755351682,0.002160752210586489,0.00012144916787328797
spambase,0.0374104315683613,0.02700617283950617,0.04446487975097138,0.018518518518518517,0.022363235719428144,0.01659071098415795
spambase,0.9904540117536774,0.006651586415816358,0.005734846813538348,0.004464285714285698,0.005449273549149995,0.003799827020587222
spambase,0.987143258707046,0.006651586415816358,0.007136911523572505,0.004464285714285698,0.005449273549149995,0.0036080734591863776
spambase,0.023020046234051638,0.006369165023011177,0.006543494900569569,0.01282051282051282,0.009036368841159409,0.0014195033229733136
spambase,0.09412098029142484,0.12168634439741591,0.08140536231053506,0.014925373134328346,0.04261706343102276,0.03761119229799761
spambase,0.9784348369420399,0.00881962071286846,0.008030486762473246,0.00886904761904761,0.008844299637866699,0.0032569593588536437
spambase,0.26882019497109644,0.19530437044745055,0.14253753263010654,0.016129032258064502,0.056125488782619165,0.053903291999173215
spambase,0.0039107413923550344,0.0016977879587209033,0.0023652637644329877,0.003401360544217687,0.0024030790613796225,0.00014861665986108368
spambase,0.6611819594575618,0.24966537775133849,0.18079260686766155,0.036585365853658514,0.09557248132189816,0.11617041392435848
spambase,0.008384424292908461,0.0023309896060791334,0.011439175765716455,0.004672897196261682,0.003300374947602515,0.0002570892362232348
spambase,0.004901934351472432,0.001828147432543037,0.00794900145896583,0.003663003663003663,0.0025877617243316446,0.00017151829756865156
spambase,0.02155612128935845,0.005916950113378685,0.05494145307834589,0.011904761904761904,0.008392847091549279,0.0012664167996991385
spambase,0.12281052437697242,0.12168634439741591,0.06262065915181984,0.014925373134328346,0.04261706343102276,0.03734230774998659
spambase,0.970406896264941,0.011985920040821024,0.013234975651412918,0.015337694483734121,0.01355862750032535,0.0043662988567007635
spambase,0.9945017842571054,0.006651586415816358,0.0028687940677794475,0.004464285714285698,0.005449273549149995,0.003999946046152404
spambase,0.0048224258400804436,0.0018214875592732697,0.0037428366511581723,0.0036496350364963502,0.0025783259714136125,0.0001697366397531106
spambase,0.987143258707046,0.006651586415816358,0.006849012065442384,0.004464285714285698,0.005449273549149995,0.0036080734591863776
spambase,0.9294469642547457,0.02917539463524832,0.061343574973183164,0.03074866310160429,0.029951700794706198,0.010768127982868435
spambase,0.9986529887997094,0.0036363152005966693,0.0010392422680559174,0.007299270072992692,0.005151936210754524,0.0017088656823616708
spambase,0.9597008839432726,0.02157223183390996,0.028695566054639392,0.014705882352941235,0.017811196013739605,0.012999818101574401
spambase,0.042569486909445335,0.030037489530418186,0.016840197804926006,0.0249597423510467,0.02738116139887972,0.014428537010482176
spambase,0.9963609038603771,0.00421933352484917,0.003546362540636083,0.008474576271186418,0.005979721044489294,0.0019362073845654016
spambase,0.09018856777470806,0.12097775675796506,0.05630770742914827,0.01690079016681298,0.04521747097990011,0.03219329420791677
spambase,0.8884005179643496,0.08196028871107268,0.12965795653848933,0.05514705882352944,0.0672299699742829,0.03398324207562225
spambase,0.01044246887126051,0.0026525011317338164,0.003681535830204587,0.005319148936170213,0.0037562013488432987,0.000321394139039501
spambase,0.9957336318127568,0.004444355867346923,0.0026849666327285497,0.008928571428571397,0.006299345110056869,0.002018257048763351
spambase,0.0344884608941329,0.02700617283950617,0.010377327545773639,0.018518518518518517,0.022363235719428144,0.01780925988773963
spambase,0.0061220213142214345,0.002044981187852728,0.004253321593045731,0.004098360655737705,0.0028950078483519484,0.00020857961523398336
spambase,0.9837037398724877,0.0072296109471011085,0.010492941360084255,0.005636724386724357,0.00638367639625116,0.0034096653421142645
spambase,0.9495324207791705,0.02157223183390996,0.019978305104744062,0.014705882352941235,0.017811196013739605,0.01171664041161657
spambase,0.010763534525579464,0.002754799914532523,0.008002864682263857,0.0055248618784530384,0.0039012676184243533,0.0003516548419764067
spambase,0.9492773624392351,0.02157223183390996,0.03406191440116487,0.014705882352941235,0.017811196013739605,0.011647403039742373
spambase,0.007527467233990958,0.0022074947137598875,0.007004455376629641,0.004424778761061947,0.0031253280987124012,0.0002352718967635677
spambase,0.023020046234051638,0.006369165023011177,0.006543494900569569,0.01282051282051282,0.009036368841159409,0.0014195033229733136
spambase,0.05712763172320279,0.11828326171780153,0.04858259011690585,0.009438103599648806,0.033412118732534524,0.03386806292956017
spambase,0.9720836727590146,0.011530007112592767,0.011243059160492879,0.014403638814016184,0.012886972412976752,0.00405627950815972
spambase,0.006757191666947722,0.002132186427058222,0.01671026240453052,0.004273504273504274,0.003018593680497778,0.00022011776300578172
spambase,0.02332140239665698,0.007518365472910927,0.006600460402013294,0.015151515151515152,0.010673079610751448,0.0017950179871413507
spambase,0.08900319597603311,0.12018814878892735,0.04599255637534315,0.01470588235294118,0.042041322247376514,0.03228667920068571
spambase,0.0022018640682722693,0.0013351110984014412,0.0013645073852192316,0.00267379679144385,0.0018893956100104732,9.49586150272621e-05
spambase,0.9739819699823938,0.010882983066119995,0.010707679266195175,0.013079573934837163,0.011930833233471053,0.0036160596499459673
spambase,0.996993058227529,0.003999935484911584,0.0014748425684214294,0.008032128514056214,0.005668156301897788,0.0018498764293159874
spambase,0.06474035089564299,0.11828326171780153,0.052323514370199185,0.009438103599648806,0.033412118732534524,0.03364875400261163
spambase,0.004205813615135809,0.0017636629249959419,0.007056585814158812,0.0035335689045936395,0.0024964023053086464,0.00016000193586583
spambase,0.015727350044823833,0.004255241434728615,0.003838781665418998,0.008547008547008548,0.006030720098977434,0.0007394494934402327
spambase,0.8346728311462971,0.10760056959772159,0.11207040840872555,0.018867924528301883,0.04505773436794293,0.04359445793779751
spambase,0.006576045357179019,0.002132186427058222,0.0040057366199042045,0.004273504273504274,0.003018593680497778,0.00022011776300578172
spambase,0.036501028697409565,0.02700617283950617,0.05695660495489006,0.018518518518518517,0.022363235719428144,0.017015674351838688
spambase,0.007562337399981016,0.0022074947137598875,0.005348070977665677,0.004424778761061947,0.0031253280987124012,0.0002352718967635677
spambase,0.039364409410455894,0.02700617283950617,0.030969867428120645,0.018518518518518517,0.022363235719428144,0.015952951410164496
spambase,0.9834250219093815,0.007332217483606312,0.03263141163772302,0.005844992636229729,0.00654650725187972,0.0033945293436762752
spambase,0.08397298764122826,0.11935020464108731,0.1254940908715081,0.012383900928792574,0.03844504012361471,0.03292314530749362
spambase,0.9921543280168917,0.006651586415816358,0.027993061865470095,0.004464285714285698,0.005449273549149995,0.00388410467267346
spambase,0.9289384310266102,0.02917539463524832,0.040508620676627374,0.03074866310160429,0.029951700794706198,0.010768127982868435
spambase,0.04041910396349862,0.02700617283950617,0.015376610999126199,0.018518518518518517,0.022363235719428144,0.01549832781757251
spambase,0.9903921173962561,0.006651586415816358,0.006193098817289717,0.004464285714285698,0.005449273549149995,0.003789460892781973
spambase,0.9981927258480656,0.0037312909425016574,0.0023129058932629593,0.0074906367041198685,0.005286751827696562,0.001747090783791956
spambase,0.01911149063979153,0.00512806887023063,0.013397525094625528,0.010309278350515464,0.007270948313928585,0.001007517949088057
spambase,0.05678559992700987,0.11828326171780153,0.06876659586715994,0.009438103599648806,0.033412118732534524,0.03386806292956017
spambase,0.017467357185034022,0.004524793388429752,0.020078071099948334,0.00909090909090909,0.006413617181385351,0.0008161894178874952
spambase,0.15606605976567287,0.12168634439741591,0.07643168709388624,0.014925373134328346,0.04261706343102276,0.03758947052863597
spambase,0.0010911211899794209,0.0012209993962255126,0.0003505010162031122,0.0024449877750611247,0.0017278103475579698,8.011539839514526e-05
spambase,0.9488364162055485,0.02157223183390996,0.019423177884387282,0.014705882352941235,0.017811196013739605,0.011578409644644815
spambase,0.9992419951164644,0.0036231404958677917,0.0008253562843600567,0.0072727272727273196,0.00513323608430593,0.001703232166261461
spambase,0.9751588475109764,0.010592085293836281,0.009309869942192985,0.012484866828087138,0.011499598876712447,0.0034859245711597333
spambase,0.9964231978992713,0.004201605868005432,0.0028992756170264093,0.008438818565400852,0.005954543610002483,0.0019314112783179855
spambase,0.9982301237120013,0.003717420360882222,0.0016991031045942896,0.007462686567164201,0.005267062083520418,0.0017409019443001541
spambase,0.02499208552713945,0.010525124490719783,0.013685874008592131,0.02127659574468085,0.014964585492137254,0.003199514315379442
spambase,0.002229928764089399,0.0013351110984014412,0.000698889484854248,0.00267379679144385,0.0018893956100104732,9.49586150272621e-05
spambase,0.0010911211899794209,0.0012209993962255126,0.00038276503638485913,0.0024449877750611247,0.0017278103475579698,8.011539839514526e-05
spambase,0.02332140239665698,0.007518365472910927,0.0061784575068814995,0.015151515151515152,0.010673079610751448,0.0017950179871413507
spambase,0.3288654028772257,0.19530437044745055,0.19844326169014453,0.016129032258064502,0.056125488782619165,0.054490804866225886
spambase,0.02332140239665698,0.007518365472910927,0.006601079871203192,0.015151515151515152,0.010673079610751448,0.0017950179871413507
spambase,0.9966919739300946,0.004048516094917124,0.0020939248738606575,0.008130081300813052,0.005737139095344158,0.0018662143111005008
spambase,0.9133722579892292,0.043715513093507456,0.038247535830694394,0.06221719457013575,0.05215224428413479,0.014656197090213928
spambase,0.9615868217214318,0.01532319214143993,0.04454052260375201,0.022202380952380918,0.018444819037626226,0.006476036072280471
spambase,0.9559751141924245,0.02157223183390996,0.0170084114435859,0.014705882352941235,0.017811196013739605,0.012668125668769094
spambase,0.2668749136801479,0.19530437044745055,0.17764576379443045,0.016129032258064502,0.056125488782619165,0.053903291999173215
spambase,0.012800431996558255,0.003215400624349636,0.008200451934391444,0.0064516129032258064,0.00455461525895376,0.0004509539271713323
spambase,0.9866343275659578,0.006651586415816358,0.005685155146076088,0.004464285714285698,0.005449273549149995,0.003593754561286918
spambase,0.014999368835383031,0.003984,0.021334782367726488,0.008,0.005645529204600752,0.0006548699717306523
spambase,0.003973421538325119,0.0017330970293209875,0.002999387780542141,0.003472222222222222,0.0024530996756095443,0.0001554443794032042
spambase,0.002229928764089399,0.0013351110984014412,0.000698889484854248,0.00267379679144385,0.0018893956100104732,9.49586150272621e-05
spambase,0.2458279955516843,0.19530437044745055,0.15970667527016297,0.016129032258064502,0.056125488782619165,0.053489266523890265
spambase,0.002229928764089399,0.0013351110984014412,0.0006769230430400394,0.00267379679144385,0.0018893956100104732,9.49586150272621e-05
spambase,0.000708765128888354,0.0011806358946844838,0.00033301012421868727,0.002364066193853428,0.0016706589735411247,7.631790581340736e-05
spambase,0.3001161076750852,0.19530437044745055,0.09978770309666757,0.016129032258064502,0.056125488782619165,0.05419302872851851
spambase,0.0005155119038835673,0.0011614386154678205,0.0006836241646448968,0.002325581395348837,0.001643478030267419,7.456446591661312e-05
spambase,0.9983214055610986,0.0037036525200038815,0.0011307143317498638,0.0074349442379182396,0.0052475184576001475,0.0017342630857883718
